Derby City National #2,,
5 & Over Balance Bike    Total Riders = 2    Groups = 1,,
,1,"JOHNNY MATHER, OMAHA, NE"
,1,"LUCAS PETTINELLI, SLINGERLANDS, NY"
,,
4 Balance Bike    Total Riders = 6    Groups = 1,,
,1,"SKYLER MCCLINTOCK, O FALLON, MO"
,1,"ADAM KELLY, GUTHRIE, KY"
,1,"JULIANA DENEA, ORCHARD PARK, NY"
,1,"MAX WEIGEL, FACTORY REFURBISHED, ROCKFORD, MI"
,1,"VAN (VANOSAURUS) LACHOWICZ, CLARKSVILLE, TN"
,1,"EASTON RAISOR, COLUMBUS, IN"
,,
3 Balance Bike    Total Riders = 10    Groups = 2,,
,1,"BRAYLYNN BIJARRO, MONROE, MI"
,1,"BERLIN LINDAUER, SUMMERVILLE, SC"
,1,"BEAU KAREM, LOUISVILLE, KY"
,1,"ELIJAH RAMSBURG, SPROCKET KINGZ, COLUMBUS, OH"
,1,"SADIE HOCKERSMITH, BLUEGRASS BMX, WESTPORT, KY"
,1,"EVALYNN BASHAM, CHAIN YANKERS, OWENSBORO, KY"
,1,"TRIPP JONES, CLARKSVILLE, TN"
,1,"LOGAN ""HURRICANE"" MIGAWA, SPROCKET KINGZ BIKE SHOP, VALPARAISO, IN"
,,
1-2 Balance Bike    Total Riders = 2    Groups = 1,,
,1,"GAVIN BUNKER, VALRICO, FL"
,1,"XAVIER THORNBERRY, GUTHRIE, KY"
,,
SuperX Men    Total Riders = 10    Groups = 6,,
,1,"CADEN BOWERS, MARIAN UNIVERSITY, WARSAW, IN"
,2,"LOUIS KAMINSKI, TNT BICYCLES FACTORY, EDEN, NY"
,3,"TREVVOR (COBRA) KOTRBA, MAGIC BMX, DORR, MI"
,4,"KYLE KRUYSMAN, POWERLITE-DANSCOMP-DFR, DALLAS, GA"
,5,"JUAN (@ELRATA) GOMEZ, MUDSLINGERS BIKE SHOP, QUEENS, NY"
,6,"JESS BRANT, 6D HELMETS/SUPERCROSSBMX, DELTONA, FL"
,7,"RILEY GRAHAM, FACTORY GOLD'S GYM, MAGNOLIA, TX"
,8,"CUTTER WILLIAMS, WIAWIS/LSG, POTOMAC FALLS, VA"
,,
A Pro    Total Riders = 21    Groups = 12,,
,1,"ANTHONY BUCARDO, ALPHA, CANYON COUNTRY, CA"
,2,"TYLER SMITH, THRODWN, DOUGLASVILLE, GA"
,3,"ROGERIO DOS REIS, ORLANDO, FL"
,4,"AUSTIN PALASOTA, POWERLITE-DANSCOMP-DFR, SAINT PETERS, MO"
,5,"BRANDON ROHARIK, STANDARD BYKE CO, AKRON, OH"
,6,"RONAN WEBER, FACTORY ANSWER, CAIRNS, QLD"
,7,"JUSTIN KNAPPER, FACTORY ANSWER, POTTSTOWN, PA"
,8,"JAKE PLETSCHER, FANWOOD, NJ"
,,
Women Junior    Total Riders = 6    Groups = 1,,
,1,"PAYTON RIDENOUR, HARO, POTTSTOWN, PA"
,2,"DALENY VAUGHN, REDMAN / WICKED AUDIO, TUCSON, AZ"
,3,"LEXIS COLBY, GORDY'S BICYCLES, WITTMANN, AZ"
,4,"MCKENZIE GAYHEART, FACTORY FULL TILT/RADIO, FORT WHITE, FL"
,5,"MOLLY SIMPSON, DAYLIGHT CYCLES, RED DEER, AB"
,6,"CARLY KANE, DK BICYCLES, GUILFORD, IN"
,,
Women Elite    Total Riders = 11    Groups = 6,,
,1,"FELICIA STANCIL, SUPERCROSS BMX, INDIANAPOLIS, IN"
,2,"ALISE WILLOUGHBY, FACTORY FULL TILT/RADIO, CHULA VISTA, CA"
,3,"LAUREN REYNOLDS, FACTORY ANSWER, SAN DIEGO, CA"
,4,"REBECCA PETCH, AWAMUTU"
,5,"DANI GEORGE, THRODWN, PALMDALE, CA"
,6,"SHANAYAH HOWELL, SAN NICOLAS"
,7,"AMANDA CARR, WIAWIS/LSG, PUNTA GORDA, FL"
,8,"PAOLA REIS, SALVADOR, ES"
,,
Men Junior    Total Riders = 13    Groups = 6,,
,1,"SPENCER COLE, DK BICYCLES, PALM HARBOR, FL"
,2,"(THE DREAM TAKER)ZACH  JACOBS, DAYLIGHT CYCLES, MT JULIET, TN"
,3,"NATHAN DAVIDS, FACTORY SSQUARED, KAUKAUNA, WI"
,4,"TASMAN WAKELIN, RIVAL RACING, CAMBRIDGE"
,5,"CURTIS KREY, DAYLIGHT CYCLES, ETOBICOKE, ON"
,6,"JAMES HEDGCOCK, ANCASTER, ON"
,7,"CAMERON WOOD, ALPHA, AVONDALE, AZ"
,8,"JAMES (FLYING MONKEY) PLUMMER, BLACK WIDOW BMX, SAINT FRANCIS, MN"
,,
Men Elite    Total Riders = 17    Groups = 9,,
,1,"CONNOR FIELDS, CHASE BMX / ELEVN / IKON, HENDERSON, NV"
,2,"ANDERSON EZEQUI DE SOUZA FILHO, SPEED CO /AVENT/PROFILE, WINDERMERE, FL"
,3,"CORBEN SHARRAH, DAYLIGHT CYCLES, TUCSON, AZ"
,4,"JEREMY SMITH, CORSA/STAYSTRONG/AVIAN, DAYTON, OH"
,5,"RENATO REZENDE, GT BMX, RIO DE JANEIRO, RJ"
,6,"ROMAIN MAHIEU, LYON"
,7,"MATT KRASEVSKIS, FACTORY FULL TILT/RADIO, FLINDERS VIEW, QLD"
,8,"MAX CAIRNS, CHASE/ECI, HENDERSON, NV"
,,
Vet Pro    Total Riders = 12    Groups = 6,,
,1,"TYLER BROWN, 316 RACING DK BIKES, CHULA VISTA, CA"
,2,"CARLOS MANRIQUE-MONTESINOS, FLORIDA ANSWER SSQUARED, MIAMI, FL"
,3,"MIGUEL CASTRO, ALLTOW WRECKING CREW/YESS, ORLANDO, FL"
,4,"JOSH SMITH, DK BICYCLE/CORSARACEWEAR, SPRINGBORO, OH"
,5,"TIAGO DIAS, REAL SIDING.  LANSING, MARIETTA, GA"
,6,"ROBERT PETTINELLI, ALLTOW WRECKING CREW/YESS, SLINGERLANDS, NY"
,7,"CARLOS MEJIA, STAY STRONG, ORLANDO, FL"
,8,"WELLINGTON (WELL) FERNANDES, POWERCYCLESBMX/GUGA REVI, KISSIMMEE, FL"
,,
6 & Under Mixed Open    Total Riders = 14    Groups = 2,,
,1,"BLAKE YOUNG, MOUNT JULIET, TN"
,2,"JASON DENEA, ORCHARD PARK, NY"
,3,"CALI KOPETSKIE, VELOCITY BIKE CO, BURLINGTON, NC"
,4,"GRAYSON (NO NO) TOSCANO, BLACK CROWN SOUTH, OWINGS MILLS, MD"
,5,"KASH FELKER, MURFREESBORO, TN"
,6,"PAYTON (PINK WARRIOR) JOHNSON, CRUPI, LAKE SAINT LOUIS, MO"
,7,"CURTIS JONES, RAD DUDES, ALPHARETTA, GA"
,8,"KRISTOPHER (KP) MEINEL, TNT CONNECTICUT, MONROE, CT"
,,
7-8 Mixed Open    Total Riders = 15    Groups = 3,,
,1,"ISABELLA STEVENS, FACTORY SSQUARED, NEENAH, WI"
,2,"ABIGAIL STEVENS, FACTORY SSQUARED, NEENAH, WI"
,3,"PARKER MURRAY, MAYS LANDING, NJ"
,4,"CHASE BURIAN, ALPHA DEVELOPMENT, BOZEMAN, MT"
,5,"DANICA APPENZELLER, DUKE CITY DEVELOPMENT, ALBUQUERQUE, NM"
,6,"CULLEN MEURLOT, FORSYTH, IL"
,7,"ALEXANDRIA PASOWICZ, POWERLITE-DANSCOMP-DFR, LA VERNE, CA"
,8,"CHASE PURCUPILE, BLACK CROWN BIKE SHOP, JEFFERSON HILLS, PA"
,,
9-10 Mixed Open    Total Riders = 8    Groups = 1,,
,1,"GABRIEL HARTHUN, HOOVER, AL"
,2,"KAYLIE CERASA, DIRT FACTORY, BELVIDERE, IL"
,3,"HUDSON MURPHY, SARASOTA BMX ACADEMY, PARRISH, FL"
,4,"BRADY (SCORPION) SCHULTE, FLORIDA ANSWER SSQUARED, BRADENTON, FL"
,5,"MAXIMUS (MAX SPEED) MENTAL, FLORIDA ANSWER SSQUARED, WESTON, FL"
,6,"REAGAN RICE, CROSSROADS/RIVAL, PLAINFIELD, IN"
,7,"JOHN BARUTH, GATENINE, POWELL, OH"
,,
11-12 Mixed Open    Total Riders = 12    Groups = 2,,
,1,"LOLA JONJEVIC, POWERLITE-DANSCOMP-DFR, KANSAS CITY, MO"
,2,"MIRANDA (NAILS) LANUTO, FACTORY YESS, FORT MILL, SC"
,3,"BROOKE (BROOKATRON) STEVENS, STATELINE BMX, NEENAH, WI"
,4,"OWEN HEATH, BREAKAWAY BICYCLES, NORTON SHORES, MI"
,5,"BROOKLYNN MORGAN, GORDY'S BICYCLES, SURPRISE, AZ"
,6,"EMMA MARTIN, ALLTOW WRECKING CREW, ELKRIDGE, MD"
,7,"JOSIE LARSON, MUDSLINGERS BIKE SHOP, PLANO, IL"
,8,"ALEXIS ALDEN, JR BICYCLES.COM/SPEEDCO/AVIAN, PEACHTREE CITY, GA"
,,
13-14 Mixed Open    Total Riders = 9    Groups = 2,,
,1,"DESERAE (RAH RAH) ROMERO, FACTORY RIFT CANADA, VICTORVILLE, CA"
,2,"TREVOR HARRIS, BLUEGRASS ANSWER/SSQUARED, LOUISVILLE, KY"
,3,"ASHLEY MCLENNAN, BLACK WIDOW BMX, SAINT MICHAEL, MN"
,4,"ANTON REIMER, BLUEGRASS ANSWER/SSQUARED, LOUISVILLE, KY"
,5,"JOSHUA MATTINGLY, BLUEGRASS ANSWER/SSQUARED, LOUISVILLE, KY"
,6,"RYAN SURRENCY, SSQUARED SOUTHEAST, ACWORTH, GA"
,7,"TY E. SNYDER, CELESTIAL CYCLES, CHICKASHA, OK"
,8,"DYLAN SEBRELL, REAL TIME BMX, CANTON, OH"
,,
15-16 Mixed Open    Total Riders = 4    Groups = 1,,
,1,"TRINADEE STOFLET, MIDWEST PULL, GARLAND, TX"
,2,"PAIGE ZACHARY, CHAPARRAL, NM"
,3,"HAYDEN COX, DAD, PROSPECT, KY"
,,
17-20 Mixed Open    Total Riders = 5    Groups = 1,,
,1,"ISSAC ZENDNER, CRESTWOOD, KY"
,2,"JORDAN DAVIS, BLACKCROWN TEXAS, MOUNT JULIET, TN"
,3,"DANIEL STEELE JR, CARPE' DIEM RACING, NASHVILLE, TN"
,4,"JAKE STEEN, FLY ZONE RACING, MAZOMANIE, WI"
,,
6 & Under Open    Total Riders = 6    Groups = 1,,
,1,"JAXSON HOWELL, RYNO POWER/HELIUM RACING, HENDERSON, NV"
,2,"AHSTON HESTER, PREMIER RACING, HEATH, TX"
,3,"CHARLES KAREM, BLUEGRASS ANSWER/SSQUARED, LOUISVILLE, KY"
,4,"JACKSON STAUFFER, BLACK WIDOW BMX, FARIBAULT, MN"
,5,"MASON MCKEE, FLORIDA ANSWER SSQUARED, PALMETTO, FL"
,,
7-8 Open    Total Riders = 14    Groups = 2,,
,1,"KNOX (“THE OX”) PERKINS, MOTO MILITIA, MIDVALE, UT"
,2,"EASTON JOHNSON, JR BICYCLES.COM/SPEEDCO/AVIAN, EL PASO, TX"
,3,"BENSON (THE HULK) DANIELO, ROCKSTAR/FULLTILT/RADIO, VENICE, FL"
,4,"LUCAS THEISEN, SAINT CLOUD, MN"
,5,"JACOB (U KNOW) GREENWELL, BLACK CROWN BIKE SHOP, MECHANICSVILLE, MD"
,6,"ANDRES (LIL MACHINE) ANDRADE, FACTORY BOMBSHELL/AVENT, MIAMI, FL"
,7,"JACOB THEISEN, SAINT CLOUD, MN"
,8,"GRANT MASON, IMPACT BMX RACING, LAS VEGAS, NV"
,,
9-10 Open    Total Riders = 7    Groups = 1,,
,1,"MATTEO PIGO, FACTORY BLACKCROWN BMX, DALLAS, GA"
,2,"CHASE ARMISTEAD, SSQUARED SOUTHEAST, COLLIERVILLE, TN"
,3,"KEATON FALASCO, HOLDER DRUG, WEATHERFORD, OK"
,4,"TAYLOR KOLL, HUTELIN RACING, LAKE WALES, FL"
,5,"BRAXTON LEASURE, WIKID RACING, AKRON, OH"
,6,"MATHEW HAYWOOD, RIVAL RACING, DAYTON, OH"
,,
11-12 Open    Total Riders = 11    Groups = 2,,
,1,"MARSHALL (MAJOR) GEHRKE, FACTORY ANSWER, ANTIOCH, IL"
,2,"CHASE BULLER, LDC, RODEO, CA"
,3,"HAYDEN NOLAND, REGGIES'S BIKE SHOP, PETERSBURG, MI"
,4,"SEAN NICOSIA, IN THE ZONE BIKE SHOP, HUNTERSVILLE, NC"
,5,"JAYDEN MATTHEWS, BIKES 4 THE LIKES OF US, KANSAS CITY, MO"
,6,"DEREK KLEIN, FLY ZONE, DEFOREST, WI"
,7,"GRIFFIN (THE RIPPER) KELLEHER, LTR, STEVENSVILLE, MD"
,8,"JACOB MEARES, BLACK CROWN BIKE SHOP, PITTSBURGH, PA"
,,
13-14 Open    Total Riders = 12    Groups = 2,,
,1,"BLAISE PEREIRA, FACTORY FREE AGENT-BOX, MARRERO, LA"
,2,"ETHAN POPOVICH, MUDSLINGERS BIKE SHOP, VALPARAISO, IN"
,3,"ZACK DAY, MID WEST PULL, GREENVILLE, WI"
,4,"TROY KERNAN, REGGIES'S BIKE SHOP, SUNMAN, IN"
,5,"GARRETT LASURE, CROSSROADS RIVAL, COLUMBUS, IN"
,6,"TYLER WHEELER, SOMDBMX TRACK TEAM, COMPTON, MD"
,7,"HARRISON HULBERT, BIKE AND SOUL, ANGOLA, IN"
,8,"CADE PONCE, JET RACING, ELKO, NV"
,,
15-16 Open    Total Riders = 11    Groups = 2,,
,1,"GRANT (CUPCAKE) GERKE, BLACK WIDOW BMX, LA CROSSE, WI"
,2,"SAWYER (SAWDAWG) HOLLY, CHELSEA, AL"
,3,"ANTHONY (AJ) PALOMBO, WESTMORELAND ELITE, PITTSBURGH, PA"
,4,"NATE (STEELER NATE) ROMERO, FACTORY RIFT TANGENT, VICTORVILLE, CA"
,5,"WESLEY CLARK, GMA / VELOCITY, GROVETOWN, GA"
,6,"HEATH HOLLAND, DAYLIGHT CYCLES, WEST CHESTER, OH"
,7,"HARRISON MURPHY, SARASOTA BMX ACADEMY, PARRISH, FL"
,8,"IAN AMERICAN NIGHTMAR MCCAULEY, LIBERTY BMX/BOMBSHELL, N LITTLE ROCK, AR"
,,
17-20 Open    Total Riders = 3    Groups = 1,,
,1,"CHRIS (DIESEL) HANNY, FACTORY FREE AGENT-BOX, NEWPORT NEWS, VA"
,2,"GAVIN SMITH, POWERS BIKE SHOP, GRAND RAPIDS, MI"
,3,"MICHAEL JOSEPH, ANSWER RACING, OGIO, SPY, BETHESDA, MD"
,,
31 & Over Open    Total Riders = 6    Groups = 1,,
,1,"ALEX ROSS, LANDSTAR RACING, ODESSA, TX"
,2,"SILVIO DA SILVA PINTO, PROPHECY BMX/BOX COMPANY, LONG BRANCH, NJ"
,3,"BRANDON (BEANZ) WILLIAMS, LBO RACING, COLUMBUS, OH"
,4,"DOMINICK ERIC COATES, SEVERN, MD"
,5,"RAYMOND BRADFORD, REAL TIME BMX, HARRISON, OH"
,,
10 & Under Girls Cruiser    Total Riders = 11    Groups = 2,,
,1,"AVERY (THE VOICE) JONES, POWER FX SPEED CO., CAPE CORAL, FL"
,2,"PRESLIE (THE PISTON) GOULD, IMPACT BMX RACING, HENDERSON, NV"
,3,"MIA CUSTER, FACTORY BLACKCROWN BMX, BRIDGETON, NJ"
,4,"LILY HINTON, POWERLITE-DANSCOMP-DFR, BROOKFIELD, IL"
,5,"KATE CLARRIDGE, RIDE LIKE A GIRL/DANS COMP, MARYSVILLE, OH"
,6,"ISABELLA STEVENS, FACTORY SSQUARED, NEENAH, WI"
,7,"LANDON BURIAN, ALPHA DEVELOPMENT, BOZEMAN, MT"
,8,"CAMRYN (CRAZY LEGS) SEARFOSS, ALL AMERICAN BMXCHASERSP, NORWICH, NY"
,,
11-12 Girls Cruiser    Total Riders = 9    Groups = 2,,
,1,"ALEXIS ALDEN, JR BICYCLES.COM/SPEEDCO/AVIAN, PEACHTREE CITY, GA"
,2,"MAKYLLA PINO, TUFFGURLZ/BOX/J&R/VEE, LAS CRUCES, NM"
,3,"SAMANTHA (SAMMY) WILLIAMSON, FACTORY BOMBSHELL/AVENT, GROVETOWN, GA"
,4,"MATEA CASTORAL, RIDE LIKE A GIRL, LAKEHURST, NJ"
,5,"OLIVE HINTON, POWERLITE-DANSCOMP-DFR, BROOKFIELD, IL"
,6,"ALYSSA (BLACK WIDOW) BRYANT, TWISTED CONCEPTS, BALLWIN, MO"
,7,"SADIE HERRERA, ACWORTH, GA"
,8,"KEEAIRA SHERRILL, POTTER RACING, BOX, KMC, MOORE, OK"
,,
13-14 Girls Cruiser    Total Riders = 7    Groups = 1,,
,1,"GRECIA CRISTODULO, FACTORY SSQUARED, DALLAS, TX"
,2,"ISABELLA (PACMAN) NELSON, FACTORY MOM & DAD, SUFFIELD, CT"
,3,"ADDISON SHREVE, CLAYBORN/ANSWER FACTORY, SEVERN, MD"
,4,"SOPHIA ROBBINS, VELOCITY BIKE CO, FREDERICKSBURG, VA"
,5,"KALI (WESTCOAST) STREETER, VENOM/BMA, BLAINE, MN"
,6,"KAYLYN (AWESOMESAUCE) MILLER, RIVAL RACING, UNION, KY"
,,
15-16 Girls Cruiser    Total Riders = 7    Groups = 1,,
,1,"CAITLYN (#MILKFIRST) FARMER, SANDY SPRINGS, GA"
,2,"AMANDA TAYLOR, PROFILE, SARASOTA, FL"
,3,"CASEY HURLEY, RACE INC, INDIANAPOLIS, IN"
,4,"SYDNEY SCHLOTTERBECK, 1-800 KAOS, HAGERSTOWN, MD"
,5,"MILA KELLY, MAGIC BMX, LAPEER, MI"
,6,"BROOKLYNNE SCHUETZ, TNT, WENTZVILLE, MO"
,,
17-20 Women Cruiser    Total Riders = 8    Groups = 1,,
,1,"CARLY (THE HONEY BADGER) JACOBS, DAYLIGHT CYCLES, MOUNT JULIET, TN"
,2,"MYRANDA BOXWELL, TORRANCE, CA"
,3,"GABBY CRANE, RIVAL RACING, TRENTON, OH"
,4,"MADISON JACKSON, VOODOO RIDE, JOLIET, IL"
,5,"JENNA (HIP HOP) JEFFERS, LINDENWOOD UNIVERSITY, ZIMMERMAN, MN"
,6,"LEXI NEPHEW, LINDENWOOD UNIVERSITY, WENTZVILLE, MO"
,7,"DJ HARVEY, BLACK CROWN BIKE SHOP, ELKRIDGE, MD"
,,
21-30 Women Cruiser    Total Riders = 4    Groups = 1,,
,1,"ERIN JONES, LANDSTAR RACING, TULSA, OK"
,2,"HEATHER (SILENT ASSASSIN) HAN, ON 2 WHEELS, MCCUNE, KS"
,3,"HOLLY WEISCOPE, VOODOO RIDE, DECATUR, IL"
,,
31-35 Women Cruiser    Total Riders = 4    Groups = 1,,
,1,"DANIELA CIFUENTES, CHIP-N-DALE, MOUNT HOLLY, NJ"
,2,"CHRISTINA GAYLER, LANDSTAR RACING, DEL CITY, OK"
,3,"KRYSTAL ROBINSON, RACE INC, PENDLETON, IN"
,,
36-40 Women Cruiser    Total Riders = 4    Groups = 1,,
,1,"LISA WEBB, 1-800 KAOS, QUEENSTOWN, MD"
,2,"NICOLE (MAMA FOX) MARTINEZ, RAD DUDES, GRETNA, LA"
,3,"TARA BROUGHTON, RAD DUDES, SMYRNA, GA"
,,
41-45 Women Cruiser    Total Riders = 5    Groups = 1,,
,1,"ELIZABETH (SENSEI) BAYS, COLUMBUS, IN"
,2,"CARRIE STRANGE, STRANGE MOTION/KICKER, LEWISBURG, TN"
,3,"BIANKA LATHAN, WREMCHMAN/BLACKCROWN, SANFORD, NC"
,4,"AMY HAYWOOD, RIVAL DEVO SQUAD, DAYTON, OH"
,,
46-50 Women Cruiser    Total Riders = 5    Groups = 1,,
,1,"SUSIE LEVAN, TNT BICYCLES FACTORY, NORTH PLAINFIELD, NJ"
,2,"MICHELLE SENGER, FACTORY ANSWER, CARMEL, IN"
,3,"BONNIE MARSDEN, HUTELIN RACING, RINGGOLD, GA"
,4,"MIA RITTENHOUSE, GATENINE, DAYTON, OH"
,,
51-55 Women Cruiser    Total Riders = 4    Groups = 1,,
,1,"MARJORIE (MISS MARGE) KAMINSKI, STYLIN, EDEN, NY"
,2,"MARCY DAVIS, NVP, TANGENT, TROYLEE, RENO, NV"
,3,"REBECCA HEALY, MAD CYCLES RACING, DURHAM, NC"
,,
7 & Under Cruiser    Total Riders = 15    Groups = 3,,
,1,"ANDREW PROBERT, FTB BMX, LAKE MARY, FL"
,2,"DIESEL MUMMA, EXTREME TEAM, ROSEVILLE, CA"
,3,"CLYDE SANTOS, FAITH RACE USA, LANCASTER, PA"
,4,"BRADY (HAMMER TIME) HAMER, PICKLE JUICE, MIDLOTHIAN, TX"
,5,"ALEX INGHAM, REAL TIME BMX, LOVELAND, OH"
,6,"MARSHALL (THE KID) WARNER, FACTORY FREE AGENT-BOX, SMITHSBURG, MD"
,7,"PAXTON (LITTLE BEAST) COON, ADERLINE BMX, GRAND JUNCTION, CO"
,8,"JACOB LACHOWICZ, TACKLE BOX RACING, CLARKSVILLE, TN"
,,
8 Cruiser    Total Riders = 13    Groups = 2,,
,1,"ACE LAACK, BLACK WIDOW BMX, ROCHESTER, MN"
,2,"JOSEPH MATHER, THRODWN, OMAHA, NE"
,3,"KILIAN SANTOS, FAITH RACE USA, LANCASTER, PA"
,4,"LEVI WEIGEL, FACTORY REMIX, ROCKFORD, MI"
,5,"IAN BRUNETTI, HARD KNOX BMX, OLD HICKORY, TN"
,6,"PALMER WARD, A&E RACING, LOUISVILLE, KY"
,7,"JAXON KOPETSKIE, NEVER GIVE UP, BURLINGTON, NC"
,8,"LINCOLN (HOT ROD) TAYLOR, LANDSTAR RACING, BAYTOWN, TX"
,,
9 Cruiser    Total Riders = 7    Groups = 1,,
,1,"ARJUNA BURGOS, FACTORY YESS, LOS ANGELES, CA"
,2,"WYATT HICKS, FACTORY BLACKCROWN BMX, KENNESAW, GA"
,3,"JACOB LANGE, RACER CONCEPTS, FRIENDSHIP, WI"
,4,"ELI BUNDY, WIAWIS/LSG, FT COLLINS, CO"
,5,"MIKEY TONKOVICH, AKRON, OH"
,6,"LIAM SANDERS, MANGLER BMX, LAFAYETTE, IN"
,,
10 Cruiser    Total Riders = 12    Groups = 2,,
,1,"WILLIAM (THE SLEEPER) EDMONDS, MUM AND DAD, GLEN HEAD, NY"
,2,"CHRIS FELKER, FACTORY RIFT/TANGENT, ROCK HILL, SC"
,3,"CONNOR CLIFFORD, DAYLIGHT CYCLES, HURRICANE, UT"
,4,"MATHEW HAYWOOD, RIVAL RACING, DAYTON, OH"
,5,"MILES KEE, ASHEVILLE, NC"
,6,"JC GAYLER, LANDSTAR RACING, DEL CITY, OK"
,7,"NATHAN (NITRO) LAWRENCE, ONEAL/BLUR, GILBERT, AZ"
,8,"JAYDEN (LIGHTNING) LINVILLE, A&E RACING, RIVERSIDE, OH"
,,
11 Cruiser    Total Riders = 7    Groups = 1,,
,1,"RILEY (STYLIN RILEY) ALLEN, FACTORY RIFT/TANGENT, FORT MILL, SC"
,2,"KALEB MCCAIN, FACTORY PROPHECY USA, CLIFTON, CO"
,3,"JASON LINVILLE, WIAWIS/LSG, RIVERSIDE, OH"
,4,"GAVIN (THE FUTURE) BRADLEY, FACTORY FREE AGENT-BOX, DAYTON, OH"
,5,"CANE (THE HURRICANE) WOOD, THRODWN, YUKON, OK"
,6,"NATHAN (NITRO) ANDERSON, BLACK WIDOW BMX, ALBERTVILLE, MN"
,,
12 Cruiser    Total Riders = 11    Groups = 2,,
,1,"TYE YOUNG, C-YAA, DENVER, NC"
,2,"HARLEY (GNARLY) DAIS, BLACK WIDOW BMX, WINONA, MN"
,3,"CADE MCCONNELL, FACTORY SSQUARED, BRENTWOOD, TN"
,4,"JOE (ALOHA-JOE) DRAWENEK, FACTORY SSQUARED, NEENAH, WI"
,5,"BODE BEIGHLEY, LETHAL/SPEEDCO BMX, BUFFALO, MN"
,6,"BRADY JONES, POWER FX SPEED CO., CAPE CORAL, FL"
,7,"WAYNE (LIL WAYNE) HARDMAN, POWER FX/SPEEDCO NATIONAL, NORTH FORT MYERS, FL"
,8,"COLLIER KEE, ASHEVILLE, NC"
,,
13 Cruiser    Total Riders = 15    Groups = 3,,
,1,"CANNON (THE HAMMER) WOOD, THRODWN, YUKON, OK"
,2,"DRAKE VELADOR, FACTORY PROFILE, HOLLISTER, CA"
,3,"ANDREW HERRERA, ACWORTH, GA"
,4,"CHANCE WELBORN, HARD KNOX, SEYMOUR, TN"
,5,"TREYSON DILLON, ELIZABETH, MN"
,6,"BROCK (THE ROCKET) SMITH, BLACK WIDOW BMX, WEST FARGO, ND"
,7,"CANNON JOYNER, FACTORY BOMBSHELL AVENT, GROVETOWN, GA"
,8,"RICHARD REALE, TRUMBULL, CT"
,,
14 Cruiser    Total Riders = 13    Groups = 2,,
,1,"THOMAS TUCKER, FACTORY FULL TILT/RADIO, WARNER, QLD"
,2,"FOSTER HENDERSON, ELITE RACING, BIRMINGHAM, AL"
,3,"DALLAS GARDNER, POWERS BIKE SHOP, RICHMOND, VA"
,4,"ZACK DRINKARD, VELOCITY BIKE CO, MECHANICSVILLE, VA"
,5,"RIVER REECE, LDC, FORT WORTH, TX"
,6,"CADEN (MOHAWK WARRIOR) LLOYD, SPEEDCO/LETHAL BMX, BRAINERD, MN"
,7,"MICAH BINDER, POWERLITE-DANSCOMP-DFR, YUMA, AZ"
,8,"JOSHUA MCCABE, BLUEGRASS ANSWER/SSQUARED, LOUISVILLE, KY"
,,
15 Cruiser    Total Riders = 10    Groups = 2,,
,1,"JULIAN (CYBORG) BASAJ, FACTORY SSQUARED, MILWAUKEE, WI"
,2,"RYAN BRAMER, FACTORY BLACKCROWN BMX, SOUTH PARK, PA"
,3,"BLAKE POWELL, VELOCITY BIKE CO, VIRGINIA BEACH, VA"
,4,"ZED (KING KOBRA) KOCH, DIRT FACTORY / SSQUARED, MORRISON, IL"
,5,"MATTHEW (WOODIE) CHATWOOD, SSQUARED SOUTHEAST, POWDER SPRINGS, GA"
,6,"ELOIC THERIAULT, RAWDON, QC"
,7,"CHARLIE MEYER, VELOCITY, HAMPTON, VA"
,8,"CHASE MANNING, BIKES FOR THE LIKES OF US, BLUE SPRINGS, MO"
,,
16 Cruiser    Total Riders = 9    Groups = 2,,
,1,"IAN AMERICAN NIGHTMAR MCCAULEY, LIBERTY BMX/BOMBSHELL, N LITTLE ROCK, AR"
,2,"TYLER (THUNDERFOOT) HAGAN, TWISTED CONCEPTS, GRAIN VALLEY, MO"
,3,"AIDAN TIMMONS, CHIP-N-DALE, COLTS NECK, NJ"
,4,"JACOB CLAPP, FACTORY RACE INC, COLUMBUS, IN"
,5,"NICHOLAS (SHOWTIME) SCHWARZ, VELOCITY RACING, LILLINGTON, NC"
,6,"DAVID HOYT, VOODOO RIDE, SAINT JOHN, IN"
,7,"BRILEY SCHERPF, A&E RACINNG, PROSPECT, KY"
,8,"TITUS MOSCHKAU, BALL BUSTER BMX, EAST RIDGE, TN"
,,
17-20 Cruiser    Total Riders = 11    Groups = 2,,
,1,"LOUIS KAMINSKI, TNT BICYCLES FACTORY, EDEN, NY"
,2,"YAVANT HAUSLER, FLYZONE RACING, ELGIN, IL"
,3,"ANTHONY FEINSTEIN, STYLIN, EGG HARBOR TWP, NJ"
,4,"TERRANCE WILLIAMS, POWERS BIKE SHOP, PEPPERELL, MA"
,5,"JUAN (@ELRATA) GOMEZ, MUDSLINGERS BIKE SHOP, QUEENS, NY"
,6,"JACOB JONES, RIVAL RACING, LOUISVILLE, KY"
,7,"NATHAN DAVIDS, FACTORY SSQUARED, KAUKAUNA, WI"
,8,"VINCE COBAUGH, LOUISVILLE, KY"
,,
21-25 Cruiser    Total Riders = 4    Groups = 1,,
,1,"MICHAEL (BANZAI) BONESSI, HYPER BODY ARMOR, HENDERSONVILLE, NC"
,2,"BRAD LEWIS, YESS BMX, CLEVELAND, TN"
,3,"ZACHARY HILL, LBO RACING, DUBLIN, OH"
,,
31-35 Cruiser    Total Riders = 6    Groups = 1,,
,1,"RAYMOND BRADFORD, REAL TIME BMX, HARRISON, OH"
,2,"JONNY GOODWIN, MEGADIRT.  J&R.  TNT, STEVENS POINT, WI"
,3,"ROBERT (THE HODAG) DEEDE, SSQUARED WI/ DCS, RHINELANDER, WI"
,4,"TERRY LAMBERT II, YESS OHIO, WADSWORTH, OH"
,5,"MATTHEW NORBERG, SYNERGY, LINO LAKES, MN"
,,
36-40 Cruiser    Total Riders = 10    Groups = 2,,
,1,"ALEX ROSS, LANDSTAR RACING, ODESSA, TX"
,2,"MICHEL PERKINS, BOIS-DES-FILION, QC"
,3,"RYAN WEBER, CORONA, CA"
,4,"AUSTIN KELLY, MAGIC BMX, LAPEER, MI"
,5,"WAYNE (BIG WAYNE) HARDMAN, POWER FX SPEED CO., NORTH FORT MYERS, FL"
,6,"MARCELO (MARCELO) OLIVEIRA, BOSTON, MA"
,7,"BRYAN (WITH A Y) ROMADKA, ACE BIKE SHOP, CHATHAM, IL"
,8,"JASON JOST, SSQUARED SOUTHEAST, SOUTHSIDE, TN"
,,
41-45 Cruiser    Total Riders = 9    Groups = 2,,
,1,"ROBERT TAYLOR, LANDSTAR RACING, BAYTOWN, TX"
,2,"PAULO MOREIRA, DLTRAINING , POWERCYCLE, ORLANDO, FL"
,3,"CORY SKINNER, C-YAA, HUDSON, OH"
,4,"ADAM DONOVAN, REGGIES'S BIKE SHOP, HAMBURG, NY"
,5,"JASON YOUNG, YESS BMX, WINFIELD, MO"
,6,"FABIAN (COLOMBIA) GONZALEZ, GONZSTRONG, GAITHERSBURG, MD"
,7,"BEN ZMUDA, BAREHNDZS, NASHVILLE, TN"
,8,"CHRIS GADDIS, UNDERDOG/RHYNO POWER, SIMPSONVILLE, KY"
,,
46-50 Cruiser    Total Riders = 9    Groups = 2,,
,1,"SHAWN DIPRETE, C-YAA, DUXBURY, MA"
,2,"JEREMY THOMPSON, FACTORY ANSWER, GRAHAM, NC"
,3,"MITCH BINGHAM, CHATTANOOGA, TN"
,4,"DREW MOTLEY, FACTORY YESS, ORMAND BEACH, FL"
,5,"DAN HURLEY, RACE INC, INDIANAPOLIS, IN"
,6,"CARLOS HERRERA, ACWORTH, GA"
,7,"JAMES KELLY, GATENINE/FLY RACING, DAYTON, OH"
,8,"CRAIG WHITTON, VINCENNES, IN"
,,
51-55 Cruiser    Total Riders = 11    Groups = 2,,
,1,"TOM JOHNSON, FACTORY YESS, PALM COAST, FL"
,2,"JOHN PRINGLE, PROFILE, ARCHER, FL"
,3,"THOMAS MERRYMAN, CRUPI RACING, MAUMEE, OH"
,4,"ROB MCALLISTER, ENAMEL BRAND, CHATTANOOGA, TN"
,5,"BRIAN SCHULZ, STANDARD BYKE CO, KENOSHA, WI"
,6,"MICKEY MCDONALD, WOLFPACK, SEABROOK, TX"
,7,"EVAN (MAD DOG) HUNT, STYLIN, WELLAND, ON"
,8,"CHRIS EDWARDS, ALPHA DEVELOPMENT, OWEGO, NY"
,,
56-60 Cruiser    Total Riders = 8    Groups = 1,,
,1,"ERIC RUPE, REDLINE/OAKLEY/UGLY KID CLOTHING, WOODLAND HILLS, CA"
,2,"TROY WASKOM, FREETOWN, IN"
,3,"RENATO PISTOLESI, ALLTOW WRECKING CREW/YESS, WAPPINGERS FALLS, NY"
,4,"TIM MERRITT, PAST BACK, POWDER SPRINGS, GA"
,5,"JOHN GEORGES, ALBUQUERQUE, NM"
,6,"DENNIS (YOGI) YBARRA, KBCO, FLINT, MI"
,7,"RICHARD LINDAUER, COLOSSAL CYCLING, LADSON, SC"
,,
5 & Under Novice    Total Riders = 10    Groups = 2,,
,1,"MADDEN ATHERTON, BLUEGRASS ANSWER/SSQUARED, LOUISVILLE, KY"
,2,"ZACHARY WAGNER, WIKID RACING, CLEVELAND, OH"
,3,"VIKTOR OCHERETNOI, ROCKVILLE, MD"
,4,"JULIAN HOLZEN, BLUEGRASS ANSWER/SSQUARED, GOSHEN, KY"
,5,"HOLDEN JONES, RAD DUDES, ALPHARETTA, GA"
,6,"PAISLEY HOCKERSMITH, BLUEGRASS BMX, WESTPORT, KY"
,7,"DYLAN HIDLEY, SPRING HILL, TN"
,8,"ELLIE PFARR, TREVOR, WI"
,,
7 Novice    Total Riders = 9    Groups = 2,,
,1,"JAXON BOYD, NASHVILLE, TN"
,2,"HANNAH JAMESON, DARDEENE PRAIRIE, MO"
,3,"COLIN JAMESON, DARDENNE PRAIRIE, MO"
,4,"LINCOLN MOUSER, COLUMBUS, IN"
,5,"HUDSON MILLER, CROSSROADS BMX RACING, UNION, KY"
,6,"WYATT (THE DISCIPLE) GAMBLIN, BETHALTO, IL"
,7,"MICHAEL MILLER, SPROCKET KINGS, HOBART, IN"
,8,"MARK MIRZAIE, NASHVILLE, TN"
,,
8 Novice    Total Riders = 6    Groups = 1,,
,1,"SETH HOCKERSMITH, BLUEGRASS BMX, WESTPORT, KY"
,2,"ELIAS POLK, FRANKLIN, IN"
,3,"ISAAC HACKBART, LOUISVILLE, KY"
,4,"RYDER PRINCE, SSQUARED GEORGIA, DALLAS, GA"
,5,"LANDEN WALTERS, TRUE BMX PRO SHOP, RINGGOLD, GA"
,,
9 Novice    Total Riders = 4    Groups = 1,,
,1,"OWEN MONTGOMERY, HAPPY, KY"
,2,"DARRIAS (THE BOSS) FOX, HOMESTEAD, FL"
,3,"MADDIE MIRZAIE, NASHVILLE, TN"
,,
10 Novice    Total Riders = 6    Groups = 1,,
,1,"SAMUEL (SAM) SCHRYVER, SHEPHERDSVILLE, KY"
,2,"MATTHEW (BOOGIE) PAGE, ALTON, IL"
,3,"HAYDEN BUEHRER, WIKID RACING, WESTERVILLE, OH"
,4,"BENJAMIN  CLARK, NEENAH, WI"
,5,"BROOKLYN  MAGLIOLO , MEMPHIS, TN"
,,
11 Novice    Total Riders = 5    Groups = 1,,
,1,"EVAN RUSSELL, UNDERDOGS, MOUNT WASHINGTON, KY"
,2,"BRADY DOBBINS, KANSAS CITY, MO"
,3,"DARRIAN (THE DOUBLE D) FOX, HOMESTEAD, FL"
,4,"JONAH ROBINETTE, COLUMBUS, IN"
,,
12 Novice    Total Riders = 4    Groups = 1,,
,1,"COOPER (BIG BOY) BRYSON, MOM AND DAD, DALTON, GA"
,2,"CARTER MICKUS, PROSPECT, KY"
,3,"LAURYN WALTERS, TRUE BMX PRO SHOP, RINGGOLD, GA"
,,
13 Novice    Total Riders = 4    Groups = 1,,
,1,"IVAN WEINAPFEL, CHAIN YANKERS, OMAHA, NE"
,2,"SIMON HIATT, SOUTH HAVEN, MI"
,3,"COREY HUNDLEY, MOUNT WASHINGTON, KY"
,,
16 Novice    Total Riders = 6    Groups = 1,,
,1,"HEIDI MOZER, BLUEGRASS ANSWER/SSQUARED, STANTON, KY"
,2,"ANDREW MCNAIR, KLTR, MONROE, LA"
,3,"DANIELLE TUTTLE, N VANDERGRIFT, PA"
,4,"JAMESON LUNDY, LIBERTY BMX, POWELL, OH"
,5,"FABIAN DEL TORO, MASON, OH"
,,
21-25 Novice    Total Riders = 3    Groups = 1,,
,1,"THOMAS SOTO, MONGOOSE BICYCLES, ADRIAN, MI"
,2,"JOSHUA (CRASH) DANIELS, CARPE DIEM, MOUNT JULIET, TN"
,3,"JOHN CURLEY, FREETOWN, IN"
,,
26-35 Novice    Total Riders = 5    Groups = 1,,
,1,"JONATHAN BRISHABER, NEW ALBANY , IN"
,2,"PAUL WILSON, ADRIAN, MI"
,3,"JOE MCCLINTOCK, O FALLON, MO"
,4,"KYLE WOOD, FERRETT BMX/BLASTER, YOUNGSTOWN, OH"
,,
41-45 Novice    Total Riders = 9    Groups = 2,,
,1,"BRAD HARTLEY, LOUISVILLE, KY"
,2,"MICHAEL CROW, NOKOMIS, IL"
,3,"MICHAEL MONTGOMERY, HAPPY, KY"
,4,"CHRISTOPHER KEMP, MORGANTOWN, IN"
,5,"JOSE BRU, MASON, OH"
,6,"DAVID HACKBART, LOUISVILLE, KY"
,7,"JUAN SILVA, MIAMI, FL"
,8,"ANTHONY MILLER, HOBART, IN"
,,
46-50 Novice    Total Riders = 5    Groups = 1,,
,1,"SCOTT RUSSELL, UNDERDOGS, LEXINGTON, SC"
,2,"JOHN PULLMAN, SOLON BICYCLE, NORTH OLMSTED, OH"
,3,"CHUCK ROBBINS, KY UNDERDOGS, AUSTIN, IN"
,4,"RICK SAVAGE, WARPED BMX, VESTAL, NY"
,,
51 & Over Novice    Total Riders = 8    Groups = 1,,
,1,"TOM (TORKIN TOMMY) TRUSKY, RACE INC, SEYMOUR, IN"
,2,"MARK GALLON, BRUNSWICK, OH"
,3,"DAVE ROUSE, R2R, FLORENCE, KY"
,4,"JIM SAUCIER, LIBERTY BMX RACING TEAM, VINE GROVE, KY"
,5,"RICHARD BOWMAN, BIRMINGHAM, AL"
,6,"GREGORY SORENSEN, FIT BY G, OLNEY, IL"
,7,"JOHN BRANT, DELTONA, FL"
,,
5 & Under Intermediate    Total Riders = 14    Groups = 2,,
,1,"JOSHUA HARDIE, FAITH RACE, SPRING, TX"
,2,"TROY GREENE, SPIN TECH RACING, MIAMI GARDENS, FL"
,3,"EASTON WYLIE, POWERS BIKE SHOP, BARTLETT, TN"
,4,"REID AUTRY, SSQUARED SOUTHEAST, GALLATIN, TN"
,5,"GAVIN (THE OUTLAW) TONN, WIKID RACING, ORIENT, OH"
,6,"COOPER BAUM, DLBMX, PORT ORANGE, FL"
,7,"BASH NOTEBOOM, FAMILY PRIDE, RIDGEFIELD, CT"
,8,"ZANDER KOUTRIS, PRODIGY RACING TEAM, MAPLE GROVE, MN"
,,
6 Intermediate    Total Riders = 14    Groups = 2,,
,1,"JASON DENEA, ORCHARD PARK, NY"
,2,"BLAKE YOUNG, MOUNT JULIET, TN"
,3,"GRAYSON (NO NO) TOSCANO, BLACK CROWN SOUTH, OWINGS MILLS, MD"
,4,"KASH FELKER, MURFREESBORO, TN"
,5,"LEO JOHNSON, TACKLE BOX RACING, MURFREESBORO, TN"
,6,"TRAVIS THINNES, MUDSLINGERS BIKE SHOP, CRYSTAL LAKE, IL"
,7,"LAWSON ATWOOD, SSQUARED SOUTHEAST, MURFREESBORO, TN"
,8,"CURTIS JONES, RAD DUDES, ALPHARETTA, GA"
,,
7 Intermediate    Total Riders = 6    Groups = 1,,
,1,"TUFFER COUCH, FAIRFIELD, OH"
,2,"ESTEBAN MORALES, SARASOTA, FL"
,3,"COLE STAPULA, WHITE LAKE, MI"
,4,"DUNCAN BOWSHER, WEST LAFAYETTE, IN"
,5,"LANDON (THE NATURAL) BUEHRER, WIKID RACING, WESTERVILLE, OH"
,,
8 Intermediate    Total Riders = 15    Groups = 3,,
,1,"CULLEN MEURLOT, FORSYTH, IL"
,2,"PARKER MURRAY, MAYS LANDING, NJ"
,3,"GRAYSON (RACIN GRAYSON) ELMER, BLUEGRASS ANSWER/SSQUARED, LOUISVILLE, KY"
,4,"OLIVER LARSEN, FACTORY REMIX, TRUFANT, MI"
,5,"CHASE PURCUPILE, BLACK CROWN BIKE SHOP, JEFFERSON HILLS, PA"
,6,"ACE JOHNSRUD, MUDSLINGERS BIKE SHOP, MISHAWAKA, IN"
,7,"KOLLIN KRASSOW, SPEED FREAKS BMX, PORTAGE, IN"
,8,"KADE HOCKERSMITH, LOUISVILLE, KY"
,,
9 Intermediate    Total Riders = 9    Groups = 2,,
,1,"BRADY (SCORPION) SCHULTE, FLORIDA ANSWER SSQUARED, BRADENTON, FL"
,2,"HOLDEN MURPHY, C, PARRISH, FL"
,3,"RYDER DAVIDSON, 1-800 KAOS, TOMS BROOK, VA"
,4,"TRIGGER MARTIN, FULLY COMMITTED, EROS, LA"
,5,"HAYDEN GISH, SPEED FREAKS BMX, VALPARAISO, IN"
,6,"OWEN JONES, POWER FX SPEED CO., CAPE CORAL, FL"
,7,"JEREMY DECIUS, LOUISVILLE, KY"
,8,"ANDREW (FIREBALL) BAYS, COLUMBUS, IN"
,,
10 Intermediate    Total Riders = 12    Groups = 2,,
,1,"GABRIEL HARTHUN, HOOVER, AL"
,2,"HUDSON MURPHY, SARASOTA BMX ACADEMY, PARRISH, FL"
,3,"MAXIMUS (MAX SPEED) MENTAL, FLORIDA ANSWER SSQUARED, WESTON, FL"
,4,"ROCKY LAUSMAN, BLUEGRASS ANSWER/SSQUARED, LOUISVILLE, KY"
,5,"WESLEY TONN, BLUEGRASS ANSWER/SSQUARED, PROSPECT, KY"
,6,"HAYDEN MOZER, BLUEGRASS ANSWER/SSQUARED, STANTON, KY"
,7,"RAYDEN THOMPSON, GRAHAM, NC"
,8,"TYLER BOWMAN, ELITE RACING, BIRMINGHAM, AL"
,,
11 Intermediate    Total Riders = 16    Groups = 3,,
,1,"CHRISTOPHER (GAVIN) FOSDYCK, BONESHAKER, DOUGLASVILLE, GA"
,2,"CASH STRICKLAND, VELOCITY BIKE CO, BIRMINGHAM, AL"
,3,"STROUD MORRIS, AUBURN, GA"
,4,"KAYDEN JOHNSON, UNDERDOG, LOUISVILLE, KY"
,5,"CAMERON FORD, SPEED FREAKS BMX, VALPARAISO, IN"
,6,"DOMINIC (D TRAIN) TOSCANO, BLACK CROWN BIKE SHOP, OWINGS MILLS, MD"
,7,"CHASE (LIL ROCKET) HASHIGUCHI, STATELINE BMX, FOX RIVER GROVE, IL"
,8,"HENRY BOROWSKI, POWERS BIKE SHOP, WALDORF, MD"
,,
12 Intermediate    Total Riders = 8    Groups = 1,,
,1,"RYLAN (SWOOP DOG) HAMPTON, BOMBSHELL, ST PETERS, MO"
,2,"OWEN HEATH, BREAKAWAY BICYCLES, NORTON SHORES, MI"
,3,"BRANDON (THE JET) HASHIGUCHI, STATELINE BMX, FOX RIVER GROVE, IL"
,4,"NATHAN DEKEN, BOONVILLE, IN"
,5,"TOBEY MISCISKIA, EADS, TN"
,6,"WYATT JONES, CLARKSVILLE, TN"
,7,"ERICA MEYER, CINCINNATI, OH"
,,
13 Intermediate    Total Riders = 12    Groups = 2,,
,1,"CODY (THE COYOTE) OSHENSKA, BIKE CONNECTION, GLEN BURNIE, MD"
,2,"HANNAH MOZER, BLUEGRASS ANSWER/SSQUARED, STANTON, KY"
,3,"RYAN SURRENCY, SSQUARED SOUTHEAST, ACWORTH, GA"
,4,"DYLAN SEBRELL, REAL TIME BMX, CANTON, OH"
,5,"NICHOLAS (QUICK NICK) LLOYD, TEAM REAPER, HOLLAND, MI"
,6,"JOSHUA MATTINGLY, BLUEGRASS ANSWER/SSQUARED, LOUISVILLE, KY"
,7,"ANTON REIMER, BLUEGRASS ANSWER/SSQUARED, LOUISVILLE, KY"
,8,"MYLES HORNBUCKLE, ON 2 WHEELS, GARDNER, KS"
,,
14 Intermediate    Total Riders = 9    Groups = 2,,
,1,"KAIDEN MAURER, HOSTILE, WILLARD, MO"
,2,"TREVOR HARRIS, BLUEGRASS ANSWER/SSQUARED, LOUISVILLE, KY"
,3,"LUKE NICHOLSON, UNDERDOG RACING, JEFFERSONVILLE, IN"
,4,"CAIN PINCKNEY, SPROCKET KINGZ , FORT WAYNE, IN"
,5,"JACE MATTHEWS, BIKES 4 THE LIKES OF US, KANSAS CITY, MO"
,6,"TY E. SNYDER, CELESTIAL CYCLES, CHICKASHA, OK"
,7,"ELLA FIELDS, SYNERGY, EAST BETHEL, MN"
,8,"NICK MEYER, CINCINNATI, OH"
,,
15 Intermediate    Total Riders = 6    Groups = 1,,
,1,"SLADE EPPINETTE, WEST MONROE, LA"
,2,"IZAK WEINZAPFEL, DIRT JUNKIES, YORKTOWN, VA"
,3,"ZACK MEYER, CINCINNATI, OH"
,4,"CONNER SMITH, UNDERDOG, LOUISVILLE, KY"
,5,"LUCAS GLEASON, SPEED FREAKS BMX, LOWELL, IN"
,,
16 Intermediate    Total Riders = 3    Groups = 1,,
,1,"EDWARD PAOLUCCI, LBO RACING, AKRON, OH"
,2,"HAYDEN COX, DAD, PROSPECT, KY"
,3,"COLE WIGGINS, VOODOO, ROCHESTER, IL"
,,
17-20 Intermediate    Total Riders = 10    Groups = 2,,
,1,"BRYCE LEACH, CYPRESS, TX"
,2,"JAKE STEEN, FLY ZONE RACING, MAZOMANIE, WI"
,3,"IAN BONSEL, MARION, OH"
,4,"SAM FISCHER, SAINT PETERS, MO"
,5,"ISSAC ZENDNER, CRESTWOOD, KY"
,6,"JORDAN DAVIS, BLACKCROWN TEXAS, MOUNT JULIET, TN"
,7,"BRITT DOOLEY, ALABAMA’S FINEST GOONS, DEATSVILLE, AL"
,8,"MICHAEL HARRIS, BONESHAKER BICYCLES, POWDER SPRINGS, GA"
,,
26-35 Intermediate    Total Riders = 7    Groups = 1,,
,1,"CAMERON BERRY, FT WAYNE, IN"
,2,"JAMES STEPP JR, STRAIGHT SAVAGE BMX, COLDWATER, MS"
,3,"JOSH (SAUCE) SAUCIER, LIBERTY BMX, VINE GROVE, KY"
,4,"SEAN LEHEW, SEAN LEHEW AT REMAX, PUNTA GORDA, FL"
,5,"DYLAN TODD, GRAND FORKS, ND"
,6,"ALDEN BASHAM, CHAIN YANKERS, OWENSBORO, KY"
,,
41-45 Intermediate    Total Riders = 5    Groups = 1,,
,1,"SHANON MORRIS, AUBURN, GA"
,2,"SIMON (WILD MAN) BRANDENBURG, OXYGEN FIEND, CLEARWATER, FL"
,3,"JOSEPH LANUTO, MAD CYCLES, FORT MILL, SC"
,4,"CHRIS ILLING, YOUNG GUNS, CINCINNATI, OH"
,,
46-50 Intermediate    Total Riders = 13    Groups = 2,,
,1,"KRIS LASURE, CROSSROADS RIVAL, COLUMBUS, IN"
,2,"ROB (THE BEAST) MCCAULEY, N LITTLE ROCK, AR"
,3,"CHAD LLOYD, TEAM REAPER, HOLLAND, MI"
,4,"SCOTT BAUER, SSQUARED TEXAS, ROUND ROCK, TX"
,5,"LANCE SNYDER, CELESTIAL CYCLES, CHICKASHA, OK"
,6,"CRAIG DRAGNA, ALBE'S, SAINT CLAIR SHORES, MI"
,7,"DALE SANDERS, LAFAYETTE, IN"
,8,"RANDY KOMSSI, NORTHEAST BMX TRAINING, CHARLTON, MA"
,,
51 & Over Intermediate    Total Riders = 9    Groups = 2,,
,1,"RICHARD BROWN, BLUEGRASS ANSWER/SSQUARED, LOUISVILLE, KY"
,2,"DANIEL STEELE JR, CARPE' DIEM RACING, NASHVILLE, TN"
,3,"RANDY (BLOCKER) MOORE, BAREHHNDZS RACING, MADISON, TN"
,4,"MARK PRINCE, ROCKFORD, MI"
,5,"JAMES VOLMER, VOLMER DRYWALL, VANDERGRIFT, PA"
,6,"THOMAS GROSS, YELLOWCAT START SYSTEMS, BLOOMINGTON, IN"
,7,"MARK REALE, TRUMBULL, CT"
,8,"KEVIN STRNATKA, LOUISVILLE, KY"
,,
5 & Under Expert Girls    Total Riders = 7    Groups = 1,,
,1,"KIRA VESCUSO, FACTORY BOMBSHELL, RIO RANCHO, NM"
,2,"SAWYER SMITH, FLORIDA ANSWER SSQUARED, LONGWOOD, FL"
,3,"MARILYN (BABY FOX) MARTINEZ, RAD DUDES, GRETNA, LA"
,4,"CHRISTINA BISKUPSKI, RIDE LIKE A GIRL NJ, BRICK, NJ"
,5,"KEILANI GRAY, WIKID RACING, TALLMADGE, OH"
,6,"NEVA PETERSON , BREVARD, NC"
,,
7 Expert Girls    Total Riders = 8    Groups = 1,,
,1,"JEMMA (LIL JT) TOLLEFSON, FACTORY BOX COMPONENTS, WOODBURY, MN"
,2,"HARPER VESCUSO, FACTORY BOMBSHELL, RIO RANCHO, NM"
,3,"CALLIE ""CHUNK STEAK"" CLIFFORD, DAYLIGHT CYCLES, HURRICANE, UT"
,4,"CALLIA (CALLIE CLOSER) KOUTRIS, PRODIGY RACING TEAM, MAPLE GROVE, MN"
,5,"CALI KOPETSKIE, VELOCITY BIKE CO, BURLINGTON, NC"
,6,"ELLIANA KOUTRIS, PRODIGY RACING TEAM, MAPLE GROVE, MN"
,7,"ALEXANDRIA PASOWICZ, POWERLITE-DANSCOMP-DFR, LA VERNE, CA"
,,
8 Expert Girls    Total Riders = 6    Groups = 1,,
,1,"ABIGAIL STEVENS, FACTORY SSQUARED, NEENAH, WI"
,2,"DANICA APPENZELLER, DUKE CITY DEVELOPMENT, ALBUQUERQUE, NM"
,3,"CHASE BURIAN, ALPHA DEVELOPMENT, BOZEMAN, MT"
,4,"AYVAH REIGELSPERGER, MOM & DAD, DAYTON, OH"
,5,"ISABELLA (IZZY) GEORGE, VELOCITY BIKE CO, DUMFRIES, VA"
,,
9 Expert Girls    Total Riders = 8    Groups = 1,,
,1,"PRESLIE (THE PISTON) GOULD, IMPACT BMX RACING, HENDERSON, NV"
,2,"JENNA MILLER, FACTORY REMIX, SAUGERTIES, NY"
,3,"KAYLIE CERASA, DIRT FACTORY, BELVIDERE, IL"
,4,"KYRIE (LIGHTNING LEGS) SWEET, KINGSTON, NY"
,5,"AVALYN (YAYA) WYLIE, POWERS BIKE SHOP, BARTLETT, TN"
,6,"SCARLET KELLY, MAGIC BMX, LAPEER, MI"
,7,"LANDON BURIAN, ALPHA DEVELOPMENT, BOZEMAN, MT"
,,
10 Expert Girls    Total Riders = 9    Groups = 2,,
,1,"AVERY (THE VOICE) JONES, POWER FX SPEED CO., CAPE CORAL, FL"
,2,"CALI LOPEZ, LAND O LAKES, FL"
,3,"VIOLET POPOVICH, MUDSLINGERS BIKE SHOP, VALPARAISO, IN"
,4,"KATE CLARRIDGE, RIDE LIKE A GIRL/DANS COMP, MARYSVILLE, OH"
,5,"LILY HINTON, POWERLITE-DANSCOMP-DFR, BROOKFIELD, IL"
,6,"REAGAN RICE, CROSSROADS/RIVAL, PLAINFIELD, IN"
,7,"(KICKIN) KENADIE  NEELAN, LETHAL/SPEEDCO, BRAINERD, MN"
,8,"MIA CUSTER, FACTORY BLACKCROWN BMX, BRIDGETON, NJ"
,,
11 Expert Girls    Total Riders = 8    Groups = 1,,
,1,"LOLA JONJEVIC, POWERLITE-DANSCOMP-DFR, KANSAS CITY, MO"
,2,"SADIE HERRERA, ACWORTH, GA"
,3,"BROOKLYNN MORGAN, GORDY'S BICYCLES, SURPRISE, AZ"
,4,"KEEAIRA SHERRILL, POTTER RACING, BOX, KMC, MOORE, OK"
,5,"SAMANTHA (SAMMY) WILLIAMSON, FACTORY BOMBSHELL/AVENT, GROVETOWN, GA"
,6,"PIPPA (THE PREDATOR) SWEET, KINGSTON, NY"
,7,"COURTNEY PERRYE, BLACK CROWN NW, CONNEAUTVILLE, PA"
,,
12 Expert Girls    Total Riders = 10    Groups = 2,,
,1,"MAKYLLA PINO, TUFFGURLZ/BOX/J&R/VEE, LAS CRUCES, NM"
,2,"OLIVE HINTON, POWERLITE-DANSCOMP-DFR, BROOKFIELD, IL"
,3,"MIRANDA (NAILS) LANUTO, FACTORY YESS, FORT MILL, SC"
,4,"AMY OLSON, SYNERGY, ZIMMERMAN, MN"
,5,"EMMA MARTIN, ALLTOW WRECKING CREW, ELKRIDGE, MD"
,6,"JOSIE LARSON, MUDSLINGERS BIKE SHOP, PLANO, IL"
,7,"MATEA CASTORAL, RIDE LIKE A GIRL, LAKEHURST, NJ"
,8,"BROOKE (BROOKATRON) STEVENS, STATELINE BMX, NEENAH, WI"
,,
13 Expert Girls    Total Riders = 9    Groups = 2,,
,1,"GRECIA CRISTODULO, FACTORY SSQUARED, DALLAS, TX"
,2,"AVA CORLEY, THRODWN, LA MIRADA, CA"
,3,"ADDISON SHREVE, CLAYBORN/ANSWER FACTORY, SEVERN, MD"
,4,"GRACE YOUNG, YESS BMX, WINFIELD, MO"
,5,"DESERAE (RAH RAH) ROMERO, FACTORY RIFT CANADA, VICTORVILLE, CA"
,6,"KAYLYN (AWESOMESAUCE) MILLER, RIVAL RACING, UNION, KY"
,7,"ASHLEY MCLENNAN, BLACK WIDOW BMX, SAINT MICHAEL, MN"
,8,"ALISON CARR, INDEPENDENT ALL-STAR, HASLET, TX"
,,
14 Expert Girls    Total Riders = 8    Groups = 1,,
,1,"ALEXANDRA (BLONDE BOMB) HILL, ALPHA, SAUK RAPIDS, MN"
,2,"MAZEY KNOX, ALLTOW WRECKING CREW/YESS, BELVIDERE, IL"
,3,"SOPHIA ROBBINS, VELOCITY BIKE CO, FREDERICKSBURG, VA"
,4,"MIA GIGLIUTO, CLINTONDALE, NY"
,5,"KALI (WESTCOAST) STREETER, VENOM/BMA, BLAINE, MN"
,6,"TIRZAH REGALES, ORANJESTAD"
,7,"MALLORY ALLWINE, PINK LADIES, SPRINGFIELD, MO"
,,
15-16 Expert Girls    Total Riders = 17    Groups = 3,,
,1,"MOLLY SIMPSON, DAYLIGHT CYCLES, RED DEER, AB"
,2,"TRINADEE STOFLET, MIDWEST PULL, GARLAND, TX"
,3,"ANGELINA TACTI, ALLTOW WRECKING CREW/YESS, KINGSTON, NY"
,4,"CAITLYN (#MILKFIRST) FARMER, SANDY SPRINGS, GA"
,5,"PAIGE ZACHARY, CHAPARRAL, NM"
,6,"AMANDA TAYLOR, PROFILE, SARASOTA, FL"
,7,"PIPER YOCKELSON, FACTORY FREE AGENT-BOX, MOUNT AIRY, MD"
,8,"IMAGIN NELSON, STATELINE BMX, ROCKFORD, IL"
,,
17-20 Expert Women    Total Riders = 15    Groups = 3,,
,1,"STEPHANI MORIN, FACTORY FULL TILT/RADIO, BURLINGTON, WI"
,2,"OLIVIA ARMSTRONG, FACTORY FULL TILT/RADIO, BEND, OR"
,3,"DALENY VAUGHN, REDMAN / WICKED AUDIO, TUCSON, AZ"
,4,"BAILEY BRANNEN, FACTORY ANSWER, DUNEDIN, FL"
,5,"SKYLAR SCHAETZ, FACTORY SSQUARED, WISCONSIN RAPIDS, WI"
,6,"CARLY (THE HONEY BADGER) JACOBS, DAYLIGHT CYCLES, MOUNT JULIET, TN"
,7,"KRISTEN KLEIN, FACTORY POWERS BIKE SHOP, RONKONKOMA, NY"
,8,"JENNA (HIP HOP) JEFFERS, LINDENWOOD UNIVERSITY, ZIMMERMAN, MN"
,,
21-30 Expert Women    Total Riders = 7    Groups = 1,,
,1,"BAILEE ENLOW, FACTORY FREE AGENT-BOX, GRAND FORKS, ND"
,2,"ERIN JONES, LANDSTAR RACING, TULSA, OK"
,3,"ASHLEE HILL PETTINELLI, ALLTOW WRECKING CREW/YESS, SLINGERLANDS, NY"
,4,"JESSICA JAYNE, BLOT OUT GRAPHICS, EAST MORICHES, NY"
,5,"NICOLE GLOWATY, FACTORY SSQUARED, TARPON SPRINGS, FL"
,6,"DANIELLE JOLICOEUR, POTTSTOWN, PA"
,,
31-40 Expert Women    Total Riders = 4    Groups = 1,,
,1,"CHRISTINA GAYLER, LANDSTAR RACING, DEL CITY, OK"
,2,"KRYSTAL ROBINSON, RACE INC, PENDLETON, IN"
,3,"AMANDA (F BOMB) WARNER, 1-800 KAOS, SMITHSBURG, MD"
,,
41 & Over Expert Women    Total Riders = 6    Groups = 1,,
,1,"CHRISSY PIPER, JAWBREAKER, LOS ANGELES, CA"
,2,"SUSIE LEVAN, TNT BICYCLES FACTORY, NORTH PLAINFIELD, NJ"
,3,"KRISTINA SANDORA, BROOKELINE, PA"
,4,"SUNNY (THING 1) HARMESON, GUNSLINGER/ONEAL/ERA 3, PENDLETON, OR"
,5,"MARJORIE (MISS MARGE) KAMINSKI, STYLIN, EDEN, NY"
,,
6 Expert    Total Riders = 12    Groups = 2,,
,1,"CLYDE SANTOS, FAITH RACE USA, LANCASTER, PA"
,2,"KUBA BADANIK, FACTORY BOMBSHELL/AVENT, INDIAN TRAIL, NC"
,3,"JACOB LACHOWICZ, TACKLE BOX RACING, CLARKSVILLE, TN"
,4,"JAXSON HOWELL, RYNO POWER/HELIUM RACING, HENDERSON, NV"
,5,"JACKSON SCOGGINS, SSQUARED SOUTHEAST, MEMPHIS, TN"
,6,"MASON MCKEE, FLORIDA ANSWER SSQUARED, PALMETTO, FL"
,7,"CHARLES KAREM, BLUEGRASS ANSWER/SSQUARED, LOUISVILLE, KY"
,8,"AHSTON HESTER, PREMIER RACING, HEATH, TX"
,,
7 Expert    Total Riders = 21    Groups = 4,,
,1,"KNOX (“THE OX”) PERKINS, MOTO MILITIA, MIDVALE, UT"
,2,"JACOB THEISEN, SAINT CLOUD, MN"
,3,"EASTON JOHNSON, JR BICYCLES.COM/SPEEDCO/AVIAN, EL PASO, TX"
,4,"MARSHALL (THE KID) WARNER, FACTORY FREE AGENT-BOX, SMITHSBURG, MD"
,5,"GRANT MASON, IMPACT BMX RACING, LAS VEGAS, NV"
,6,"ANDREW PROBERT, FTB BMX, LAKE MARY, FL"
,7,"ANDRES (LIL MACHINE) ANDRADE, FACTORY BOMBSHELL/AVENT, MIAMI, FL"
,8,"DIESEL MUMMA, EXTREME TEAM, ROSEVILLE, CA"
,,
8 Expert    Total Riders = 28    Groups = 5,,
,1,"JASE ALLEN, #JUSTJASERACING, ROCK HILL, SC"
,2,"JOSEPH MATHER, THRODWN, OMAHA, NE"
,3,"BRAYDEN GORIS, DL BMX, ORMOND BEACH, FL"
,4,"AARON VILLARREAL, FLORIDA ANSWER SSQUARED, MIAMI, FL"
,5,"BENSON (THE HULK) DANIELO, ROCKSTAR/FULLTILT/RADIO, VENICE, FL"
,6,"LUCAS THEISEN, SAINT CLOUD, MN"
,7,"KILIAN SANTOS, FAITH RACE USA, LANCASTER, PA"
,8,"PALMER WARD, A&E RACING, LOUISVILLE, KY"
,,
9 Expert    Total Riders = 20    Groups = 4,,
,1,"BRADY KING, MANGLER BMX, KENOSHA, WI"
,2,"WYATT HICKS, FACTORY BLACKCROWN BMX, KENNESAW, GA"
,3,"MATT BADANIK, FACTORY BOMBSHELL/AVENT, INDIAN TRAIL, NC"
,4,"ARJUNA BURGOS, FACTORY YESS, LOS ANGELES, CA"
,5,"KEATON FALASCO, HOLDER DRUG, WEATHERFORD, OK"
,6,"TAYDEN POLLOCK, BLACK WIDOW BMX, MONTICELLO, MN"
,7,"ZAIDYN (ZANIAC) ROBINSON, IMPACT BMX RACING, HENDERSON, NV"
,8,"JAYDEN CARPENTER, RACER ARMY, MORRISONVILLE, WI"
,,
10 Expert    Total Riders = 21    Groups = 4,,
,1,"CHRIS FELKER, FACTORY RIFT/TANGENT, ROCK HILL, SC"
,2,"MATTEO PIGO, FACTORY BLACKCROWN BMX, DALLAS, GA"
,3,"BRAXTON MILLER, WIAWIS/LSG, BLUE SPRINGS, MO"
,4,"WILLIAM (THE SLEEPER) EDMONDS, MUM AND DAD, GLEN HEAD, NY"
,5,"JC GAYLER, LANDSTAR RACING, DEL CITY, OK"
,6,"MATHEW HAYWOOD, RIVAL RACING, DAYTON, OH"
,7,"JAYDEN (LIGHTNING) LINVILLE, A&E RACING, RIVERSIDE, OH"
,8,"JUSTIN (J) PERKINS, SUPERCROSS BMX, GLENDALE, AZ"
,,
11 Expert    Total Riders = 21    Groups = 4,,
,1,"FRANKIE STUBBS, GORDY'S BICYCLES, PHOENIX, AZ"
,2,"JASON LINVILLE, WIAWIS/LSG, RIVERSIDE, OH"
,3,"GAVIN (THE FUTURE) BRADLEY, FACTORY FREE AGENT-BOX, DAYTON, OH"
,4,"CANE (THE HURRICANE) WOOD, THRODWN, YUKON, OK"
,5,"KALEB MCCAIN, FACTORY PROPHECY USA, CLIFTON, CO"
,6,"RILEY (STYLIN RILEY) ALLEN, FACTORY RIFT/TANGENT, FORT MILL, SC"
,7,"JIMMY (LJ) BELL, STATELINE BMX, KENOSHA, WI"
,8,"NATHAN (NITRO) ANDERSON, BLACK WIDOW BMX, ALBERTVILLE, MN"
,,
12 Expert    Total Riders = 20    Groups = 4,,
,1,"MARSHALL (MAJOR) GEHRKE, FACTORY ANSWER, ANTIOCH, IL"
,2,"TYE YOUNG, C-YAA, DENVER, NC"
,3,"CHASE BULLER, LDC, RODEO, CA"
,4,"HARLEY (GNARLY) DAIS, BLACK WIDOW BMX, WINONA, MN"
,5,"KAYDEN CLARK (THE SHARK), TRILOGY RACE TEAM, NEW BERLINVILLE, PA"
,6,"BODE BEIGHLEY, LETHAL/SPEEDCO BMX, BUFFALO, MN"
,7,"COLLIER KEE, ASHEVILLE, NC"
,8,"SEAN NICOSIA, IN THE ZONE BIKE SHOP, HUNTERSVILLE, NC"
,,
13 Expert    Total Riders = 28    Groups = 5,,
,1,"CANNON (THE HAMMER) WOOD, THRODWN, YUKON, OK"
,2,"BANYAN HOWELL, FACTORY YESS, BEND, OR"
,3,"PARKER RESPASS, WIAWIS/LSG, CHESAPEAKE, VA"
,4,"GAVIN STAZETSKI, FACTORY FULL TILT/RADIO, CHARLEROI, PA"
,5,"DRAKE VELADOR, FACTORY PROFILE, HOLLISTER, CA"
,6,"COLE ISAACS, BLACK WIDOW BMX, SAINT MICHAEL, MN"
,7,"ANDREW HERRERA, ACWORTH, GA"
,8,"TREYSON DILLON, ELIZABETH, MN"
,,
14 Expert    Total Riders = 35    Groups = 6,,
,1,"BLAISE PEREIRA, FACTORY FREE AGENT-BOX, MARRERO, LA"
,2,"JACOB TRUJILLO, FACTORY ANSWER, RANCHO PALOS VERDES, CA"
,3,"CUTTER WILLIAMS, WIAWIS/LSG, POTOMAC FALLS, VA"
,4,"ETHAN POPOVICH, MUDSLINGERS BIKE SHOP, VALPARAISO, IN"
,5,"BRANDON BREDEWEG, FACTORY SSQUARED, ALLENDALE, MI"
,6,"CARSON KOWASKI, FACTORY RIFT CANADA, INNISFAIL, AB"
,7,"GAGE BROWN, FACTORY YESS, BEND, OR"
,8,"THOMAS TUCKER, FACTORY FULL TILT/RADIO, WARNER, QLD"
,,
15 Expert    Total Riders = 37    Groups = 7,,
,1,"BRANDON (BIRDMAN) CRAIN, FACTORY ANSWER, RIVERSIDE, CA"
,2,"NOLAN CARDWELL, RIVAL RACING, BELMONT, NC"
,3,"TYLER HENRY, FACTORY SSQUARED, NEW SMYRNA BEACH, FL"
,4,"CHRISTOPHER HOBBIE, FACTORY BLACKCROWN BMX, MANAHAWKIN, NJ"
,5,"BRODY COLE, FACTORY FULL TILT/RADIO, SPRING, TX"
,6,"MATTHEW HAAS, JR BICYCLES.COM/SPEEDCO/AVIAN, WELLINGTON, FL"
,7,"WILDON IVEY, FACTORY SSQUARED, MENASHA, WI"
,8,"BEAUDIE (THE BOSS) TRADUP, GORDY'S BICYCLES, PHOENIX, AZ"
,,
16 Expert    Total Riders = 22    Groups = 4,,
,1,"CURTIS KREY, DAYLIGHT CYCLES, ETOBICOKE, ON"
,2,"TASMAN WAKELIN, RIVAL RACING, CAMBRIDGE"
,3,"DREW POLK, WIAWIS/LSG, AVON, IN"
,4,"VAUGHN PHILIPPUS, ALLTOW WRECKING CREW/YESS, HIGH SPRINGS, FL"
,5,"EZRA (THE RAPTOR) DELEON, PROPHECY FACTORY TEAM, LAKELAND, TN"
,6,"WESTON MEURLOT, FACTORY GT, NEW SMYRNA BEACH, FL"
,7,"SAWYER (SAWDAWG) HOLLY, CHELSEA, AL"
,8,"(THE DREAM TAKER)ZACH  JACOBS, DAYLIGHT CYCLES, MT JULIET, TN"
,,
17-20 Expert    Total Riders = 39    Groups = 7,,
,1,"JESSE WELCH, THRODWN, PERRIS, CA"
,2,"NICOLAS DETERS, THRODWN, ST PETERS, MO"
,3,"RILEY (HOOOOUSE!!!!) HOUSE, SUPERCROSS BMX, GILBERT, AZ"
,4,"RACE LEE, FACTORY FULL TILT/RADIO, DERBY, KS"
,5,"EVAN SINCHAK, FACTORY YESS, SEVERN, MD"
,6,"JAMES (FLYING MONKEY) PLUMMER, BLACK WIDOW BMX, SAINT FRANCIS, MN"
,7,"CHRIS (DIESEL) HANNY, FACTORY FREE AGENT-BOX, NEWPORT NEWS, VA"
,8,"LOUIS KAMINSKI, TNT BICYCLES FACTORY, EDEN, NY"
,,
21-25 Expert    Total Riders = 14    Groups = 2,,
,1,"KIT BJERK, VELOCIOUS SPORT, ARCHDALE, NC"
,2,"JONNIE VANCE, MARIAN UNIVERSITY, BALTIMORE, MD"
,3,"JARED (DOC) JOHNSON, CARLISLE, OH"
,4,"JASON BRIGHT, LINDENWOOD UNIVERSITY, O FALLON, MO"
,5,"DIEGO CASTILLO, POWERLITE-DANSCOMP-DFR, ORLANDO, FL"
,6,"JORDAN NEWSTEAD, ALBES, INTERLOCHEN, MI"
,7,"LEE GASKIN, ANGOLA, NY"
,8,"CHAD HARPER, RIVAL RACING, INDIAN WELLS, CA"
,,
26-35 Expert    Total Riders = 15    Groups = 3,,
,1,"MATT WILCOX, THRODWN, DENVER, CO"
,2,"JEREMY (THUNDER) KNAPPER, FACTORY ANSWER, POTTSTOWN, PA"
,3,"BRENNAN BUISO, DURANGO, CO"
,4,"STACEY EDEN, RIVAL RACING, SIMPSONVILLE, KY"
,5,"NICHOLAS STODOLSKI, HANOVER, MD"
,6,"JEFFERSON OLIVEIRA, MACH 1 RACING, WEST LONG BRANCH, NJ"
,7,"DAVID HICKS, CROSSROADS BMX, TRAFALGAR, IN"
,8,"MATT CALVIN, NORTH CHARLESTON, SC"
,,
36-40 Expert    Total Riders = 13    Groups = 2,,
,1,"GREG CUSTER, FACTORY BLACKCROWN BMX, BRIDGETON, NJ"
,2,"JUSTIN BRUNNER, FACTORY STAATS, WINDSOR, CO"
,3,"MICHEL PERKINS, BOIS-DES-FILION, QC"
,4,"RYAN BUNKER, NO SPONSOR, VALRICO, FL"
,5,"GABE NYENHUIS, MUDSLINGERS BIKE SHOP, SAINT CHARLES, IL"
,6,"AARON DRAWENEK, FACTORY SSQUARED, NEENAH, WI"
,7,"LUIS ROJAS, MACH 1 RACING, QUEEN, NY"
,8,"TYLER POLLOCK, BLACK WIDOW BMX, MONTICELLO, MN"
,,
41-45 Expert    Total Riders = 11    Groups = 2,,
,1,"PAULO MOREIRA, DLTRAINING , POWERCYCLE, ORLANDO, FL"
,2,"ROBERT TAYLOR, LANDSTAR RACING, BAYTOWN, TX"
,3,"CHRISTOPHER DIAZ, TNT BICYCLES FACTORY, NORTH PLAINFIELD, NJ"
,4,"ADAM DONOVAN, REGGIES'S BIKE SHOP, HAMBURG, NY"
,5,"CORY SKINNER, C-YAA, HUDSON, OH"
,6,"JASON YOUNG, YESS BMX, WINFIELD, MO"
,7,"LUKE SEGAL, LOOKING, CLARKSVILLE, TN"
,8,"FABIAN (COLOMBIA) GONZALEZ, GONZSTRONG, GAITHERSBURG, MD"
,,
46-50 Expert    Total Riders = 13    Groups = 2,,
,1,"SHAWN DIPRETE, C-YAA, DUXBURY, MA"
,2,"RENATO SILVA, ALLTOW WRECKING CREW/YESS, WINTER GARDEN, FL"
,3,"DREW MOTLEY, FACTORY YESS, ORMAND BEACH, FL"
,4,"JEREMY THOMPSON, FACTORY ANSWER, GRAHAM, NC"
,5,"FRANK NUCCIO, GLENELLYN, IL"
,6,"MITCH BINGHAM, CHATTANOOGA, TN"
,7,"RICKEY WHITE, DAYLIGHT, MILLINGTON, TN"
,8,"JEFF MOZER, BLUEGRASS ANSWER/SSQUARED, STANTON, KY"
,,
51 & Over Expert    Total Riders = 7    Groups = 1,,
,1,"BUBBA (BLAZE) HAYES, RIDECO BIKE SHOP, COLORADO SPRINGS, CO"
,2,"ERIC RUPE, REDLINE/OAKLEY/UGLY KID CLOTHING, WOODLAND HILLS, CA"
,3,"JOHN PRINGLE, PROFILE, ARCHER, FL"
,4,"TROY WASKOM, FREETOWN, IN"
,5,"DOMINICK ERIC COATES, SEVERN, MD"
,6,"BRIAN SCHULZ, STANDARD BYKE CO, KENOSHA, WI"
,,
