Sunshine State National #1,,
4 Balance Bike    Total Riders = 5    Groups = 1,,
,1,"VALENTINO MORI, BRADENTON, FL"
,1,"MAURICIO SALINAS, SARASOTA, FL"
,1,"AIDEN ROSS, SARASOTA, FL"
,1,"NOVAK KRATOCHVILE, SARASOTA, FL"
,1,"THOMAS PEREZ, SARASOTA, FL"
,,
3 Balance Bike    Total Riders = 8    Groups = 1,,
,1,"VINCENZO MAZZOLA, CAPE CORAL, FL"
,1,"ADAM RZADKOWOLSKI, BRADENTON, FL"
,1,"JOHN (AXLE) BELLIN, GILLETTE, WY"
,1,"ELI SNYDER, SARASOTA, FL"
,1,"BERLIN LINDAUER, SUMMERVILLE, SC"
,1,"FISCHER WEEKLEY, SARASOTA, FL"
,1,"DAVID WILSON, CAPE CORAL, FL"
,1,"GABE MOBERLY, PALMETTO, FL"
,,
1-2 Balance Bike    Total Riders = 3    Groups = 1,,
,1,"JOHANNA PILUDU, PUNTA GORDA, FL"
,1,"CHASE YOUNG, PORT ORANGE, FL"
,1,"LANDON MYERS, BOCA RATON, FL"
,,
A Pro    Total Riders = 11    Groups = 6,,
,1,"MARTIN COSTIGLIOLO, BUENOS AIRES"
,2,"TYLER KLUMPER, JR BICYCLES.COM/SPEEDCO/AVIAN, TARPON SPRINGS, FL"
,3,"JUSTIN RIDDELL, CAPE CORAL, FL"
,4,"RONAN WEBER, FACTORY ANSWER, CAIRNS, QLD"
,5,"NICK (NICKY D) DAWSON, NO XCUSES/SSQUARED/BOX, PITTSBURGH, PA"
,6,"RICARDO CARRABBIA, SARASOTA, FL"
,7,"CALEB MINTHORN, SARASOTA BMX ACADEMY, BAKERSFIELD, CA"
,8,"MICHAEL BOYLE, DAYLIGHT CYCLERY, BOISE, ID"
,,
Men Junior    Total Riders = 7    Groups = 1,,
,1,"CAMERON WOOD, ALPHA, AVONDALE, AZ"
,2,"TATYAN LUI HIN TSAN, CAVIGNAC"
,3,"GONZALO RENGEL, JR BICYCLES.COM/SPEEDCO/AVIAN, QUEVEDO"
,4,"ASTON WYPYCH-COLES, SYDNEY, NSW"
,5,"THEO GOUZIEN, ST SAVINE"
,6,"CAMERON BRAMER, WIAWIS/LSG, SOUTH PARK, PA"
,7,"BASTIEN BOUTONNET, POGENT SUR MARNE"
,,
Vet Pro    Total Riders = 9    Groups = 6,,
,1,"TYLER BROWN, 316 RACING DK BIKES, CHULA VISTA, CA"
,2,"JONATHAN SUAREZ, ALPHA, CORAL SPRINGS, FL"
,3,"MIGUEL CASTRO, ALLTOW WRECKING CREW/YESS, ORLANDO, FL"
,4,"JACOB SHEARER, APPLE VALLEY, CA"
,5,"JOSH LEKAUNAS, STR/SPINTECH RACING, DELRAY BEACH, FL"
,6,"CARLOS MANRIQUE-MONTESINOS, FLORIDA ANSWER SSQUARED, MIAMI, FL"
,7,"JASON CROUCH, FACTORY THRIVE/ANSWER SSQUARED, PFLUGERVILLE, TX"
,8,"SEBASTIAN CHAVEZ, PLAYA HERMOSA"
,,
6 & Under Mixed Open    Total Riders = 9    Groups = 2,,
,1,"BROCK HEGBERG, WIKID RACING, SAINT PETERSBURG, FL"
,2,"GRAYSON (NO NO) TOSCANO, BLACK CROWN SOUTH, OWINGS MILLS, MD"
,3,"CALI KOPETSKIE, VELOCITY BIKE CO, BURLINGTON, NC"
,4,"IGNACIO (NACHO) SOLANO, SAN JOSE"
,5,"MALIA (CRANKS) ALVAREZ, REAL TIME BMX, BLOOMINGTON, IL"
,6,"KASH FELKER, MURFREESBORO, TN"
,7,"NEVA PETERSON , BREVARD, NC"
,8,"KAILEN WOUTERS, SAVANETA"
,,
9-10 Mixed Open    Total Riders = 5    Groups = 1,,
,1,"SAMUEL SEPULVEDA, HIALEAH, FL"
,2,"MAXIMUS (MAX SPEED) MENTAL, FLORIDA ANSWER SSQUARED, WESTON, FL"
,3,"SOPHIA WENZEL, ALLTOW DEVO, KINGSTON, NY"
,4,"DUSTIN (DJ) HORNE, HAP'S BMX, SARASOTA, FL"
,,
11-12 Mixed Open    Total Riders = 4    Groups = 1,,
,1,"MAKYLLA PINO, TUFFGURLZ-BOX-FLY-J&R, LAS CRUCES, NM"
,2,"TRISTIN (TNT) PINGITORE, RIDECO, PEORIA, AZ"
,3,"EMMA MARTIN, ALLTOW WRECKING CREW, ELKRIDGE, MD"
,,
13-14 Mixed Open    Total Riders = 5    Groups = 1,,
,1,"MANUELA MUNOZ VELEZ, YESS BMX, CUTLER BAY, FL"
,2,"STELLA (SLING SHOT) SUNSERI, JR BICYCLES.COM/SPEEDCO/AVIAN, SAN JOSE, CA"
,3,"MEGAN TOSSETT, VENOM/BMA, FERGUS FALLS, MN"
,4,"KEILEY (SUGAR COOKIE) SHEA, 316 RACING/DK, LA HABRA, CA"
,,
15-16 Mixed Open    Total Riders = 4    Groups = 1,,
,1,"TRINADEE STOFLET, MIDWEST PULL, GARLAND, TX"
,2,"ALEXA CHAVEZ, RIVAL RACING, PLAYA HERMOSA"
,3,"JAMES SHAFFER, REAL TIME BMX, WHITE HEATH, IL"
,,
6 & Under Open    Total Riders = 4    Groups = 1,,
,1,"ASHTON (THE BIG TEXAN) HESTER, PREMIER RACING, HEATH, TX"
,2,"JACKSON STAUFFER, BLACK WIDOW BMX, FARIBAULT, MN"
,3,"MASON MCKEE, FLORIDA ANSWER SSQUARED, PALMETTO, FL"
,,
7-8 Open    Total Riders = 6    Groups = 1,,
,1,"HENRY (THE HORNET) KIDD, CIRCLE CITY BOMB SQUAD, DOTHAN, AL"
,2,"MASON (FLY LIKE MASON) MONEGRO, MOM / DAD, WESTCHASE, FL"
,3,"CULLEN FUSSELL, SSQUARED SOUTHEAST, DOTHAN, AL"
,4,"ANDRES (LIL MACHINE) ANDRADE, FACTORY BOMBSHELL/AVENT, MIAMI, FL"
,5,"ENZO (ENZO DANGER) HOFFMAN, BLACK CROWN BIKE SHOP, PITTSBURGH, PA"
,,
9-10 Open    Total Riders = 7    Groups = 1,,
,1,"MATTEO PIGO, FACTORY BLACKCROWN BMX, DALLAS, GA"
,2,"ROWDY HOLZER, WIAWIS/LSG, NEWCASTLE, CA"
,3,"LUCAS RUIZ, ROCK STAR/FULLTILT/RADIO, ALTAMONTE SPGS, FL"
,4,"JOSHUA (THE SHARK) MCGUIGAN, FACTORY BOMBSHELL/AVENT, SUMMERVILLE, SC"
,5,"JAXSON SHIMKO, SUPER DUPER TOY STORE, PITTSBURGH, PA"
,6,"GABRIEL HARTHUN, HOOVER, AL"
,,
11-12 Open    Total Riders = 6    Groups = 1,,
,1,"TOMMY BRUNEY, FACTORY FULL TILT/RADIO, PITTSBURGH, PA"
,2,"JONATHAN MANNS, BLACK CROWN BIKE SHOP, IRWIN, PA"
,3,"CHRIS FELKER, FACTORY RIFT/TANGENT, ROCK HILL, SC"
,4,"VINCENTE DECASANOVA, LIMA"
,5,"RILEY STEUART, RIDECO, THORTON, CO"
,,
13-14 Open    Total Riders = 5    Groups = 1,,
,1,"COLE ISAACS, BLACK WIDOW BMX, SAINT MICHAEL, MN"
,2,"NOLAN COLBORN, FACTORY FULL TILT/RADIO, JANESVILLE, WI"
,3,"TRAVIS PATTERSON, DAYLIGHT CYCLES, TUCSON, AZ"
,4,"MATHIAS HERNANDEZ, MIAMI, FL"
,,
15-16 Open    Total Riders = 6    Groups = 1,,
,1,"TRISTAN LEE SCOTT, LOGAN CENTRAL, QLD"
,2,"JUSTIS SISK, FLORIDA ANSWER SSQUARED, PUNTA GORDA, FL"
,3,"JAMES (FLYING MONKEY) PLUMMER, BLACK WIDOW BMX, SAINT FRANCIS, MN"
,4,"GRANT (CUPCAKE) GERKE, BLACK WIDOW BMX, LA CROSSE, WI"
,5,"JORDAN FELKER, FACTORY RIFT/TANGENT, ROCK HILL, SC"
,,
10 & Under Girls Cruiser    Total Riders = 6    Groups = 1,,
,1,"AVERY (THE VOICE) JONES, POWER FX SPEED CO., CAPE CORAL, FL"
,2,"LANDON BURIAN, ALPHA DEVELOPMENT, BOZEMAN, MT"
,3,"CAMRYN (CRAZY LEGS) SEARFOSS, ALL AMERICAN BMXCHASERSP, NORWICH, NY"
,4,"GIANNA CLARK, TEAM SKITTLES, BRADENTON, FL"
,5,"VIOLET KRAATZ, TEAM RELENTLESS RACING, BOYNTON BEACH, FL"
,,
11-12 Girls Cruiser    Total Riders = 3    Groups = 1,,
,1,"ALEXIS ALDEN, JR BICYCLES.COM/SPEEDCO/AVIAN, PEACHTREE CITY, GA"
,2,"EMILY (ROAD RASH) HAUGEN, VENOM/BMA, ISANTI, MN"
,3,"SADIE HERRERA, ACWORTH, GA"
,,
13-14 Girls Cruiser    Total Riders = 4    Groups = 1,,
,1,"KIRA BOUSTEAD, NVP/MACHINE TRAINING, VALLEJO, CA"
,2,"ISABELLA (PACMAN) NELSON, FACTORY MOM & DAD, SUFFIELD, CT"
,3,"KEIRA AMARIS, TNT NATIONAL, MASTIC BEACH, NY"
,,
15-16 Girls Cruiser    Total Riders = 4    Groups = 1,,
,1,"CAITLYN (#MILKFIRST) FARMER, SANDY SPRINGS, GA"
,2,"AMANDA TAYLOR, PROFILE, SARASOTA, FL"
,3,"JASMINE TOPPER, NO XCUSES/SSQUARED/ODI, VENTURA, CA"
,,
36-40 Women Cruiser    Total Riders = 6    Groups = 1,,
,1,"LISA (LIGHTNING LEGGS) WEBB, 1-800 KAOS, QUEENSTOWN, MD"
,2,"ANGELA CONSTANTINO, COASTAL RACING, WHITSETT, NC"
,3,"JENN RIST, BIKE DOCTOR, CROWNSVILLE, MD"
,4,"AMANDA (F BOMB) WARNER, 1-800 KAOS, SMITHSBURG, MD"
,5,"JULIE DIRCKS, GAMBRILLS, MD"
,,
46-50 Women Cruiser    Total Riders = 3    Groups = 1,,
,1,"MICHELLE SENGER, FACTORY ANSWER, CARMEL, IN"
,2,"ELIZABETH JONES, NAPLES, FL"
,3,"LAURA (KNOCKKNOCK) BOHNE, GOSHEN, KY"
,,
7 & Under Cruiser    Total Riders = 6    Groups = 1,,
,1,"KANE BIG DADDY KANE SCHULTHEIS, POWERLITE-DANSCOMP-DFR, BELLE CHASSE, LA"
,2,"ALEX INGHAM, REAL TIME BMX, LOVELAND, OH"
,3,"JIMMY (THE BULLET) BELLIN, RAT ROAD FARMS, GILLETTE, WY"
,4,"KAI (THE HURRICANE) GRAY, WIKID RACING, TALLMADGE, OH"
,5,"JACOB LACHOWICZ, TACKLE BOX RACING, CLARKSVILLE, TN"
,,
8 Cruiser    Total Riders = 8    Groups = 1,,
,1,"JOSEPH MATHER, THRODWN, OMAHA, NE"
,2,"BENSON (THE HULK) DANIELO, ROCKSTAR FULLTILT RADIO, VENICE, FL"
,3,"JAXON KOPETSKIE, NEVER GIVE UP, BURLINGTON, NC"
,4,"PALMER WARD, FACTORY BOMBSHELL, LOUISVILLE, KY"
,5,"SAMUEL LACHOWICZ, TACKLE BOX, CLARKSVILLE, TN"
,6,"OLIVER CRAINE, PREMIER RACING, DALLAS, TX"
,7,"JENSON KOLL, HUTELIN RACING, LAKE WALES, FL"
,,
9 Cruiser    Total Riders = 5    Groups = 1,,
,1,"DYLAN (AZ) PATTERSON, DAYLIGHT CYCLES, TUCSON, AZ"
,2,"JAYDEN HASTINGS, FLORIDA ANSWER SSQUARED, VENICE, FL"
,3,"ARJUNA BURGOS, FACTORY YESS, LOS ANGELES, CA"
,4,"ELI BUNDY, WIAWIS/LSG, FT COLLINS, CO"
,,
10 Cruiser    Total Riders = 9    Groups = 2,,
,1,"ROWDY HOLZER, WIAWIS/LSG, NEWCASTLE, CA"
,2,"MASON HAYES, C-YAA, DENVER, NC"
,3,"WILLIAM (THE SLEEPER) EDMONDS, MOM AND DAD, GLEN HEAD, NY"
,4,"MILES KEE, ASHEVILLE, NC"
,5,"JUSTIN (LIL ROCKET) FUSTER, ROCKET RACING, CHESTER, VA"
,6,"BRAEDEN CAULFIELD, THRODWN DEVELOPMENT, BARRINGTON, IL"
,7,"LINKIN KRAATZ, TEAM RELENTLESS RACING, BOYNTON BEACH, FL"
,8,"TAYLOR KOLL, HUTELIN RACING, LAKE WALES, FL"
,,
11 Cruiser    Total Riders = 9    Groups = 2,,
,1,"KALEB MCCAIN, FACTORY PROPHECY USA, CLIFTON, CO"
,2,"COHEN BUNDY, WIAWIS/LSG, FT COLLINS, CO"
,3,"TYLER HELSEL, THRODWN DEVO, PASADENA, MD"
,4,"TOMAS PINEDA, PLANTATION, FL"
,5,"TYLER SONNIER, PROPHECY, BOCA RATON, FL"
,6,"EASON (WILD THING) VAUGHN, BLACKCROWN NORTHEAST, RALEIGH, NC"
,7,"JASON (MAVERICK) CONSTANTINO, VELOCITY BIKE CO, WHITSETT, NC"
,8,"CHRIS FELKER, FACTORY RIFT/TANGENT, ROCK HILL, SC"
,,
12 Cruiser    Total Riders = 11    Groups = 2,,
,1,"CHAYSE MRAZEK, PRIMAL BMX, BISHOP, TX"
,2,"TARIN (TARIN IT UP) FIELDS, ALPHA, NEWMAN LAKE, WA"
,3,"CARSON ALLEN, FACTORY FULL TILT/RADIO, LAS VEGAS, NV"
,4,"RILEY (STYLIN RILEY) ALLEN, RIFT/TANGENT, FORT MILL, SC"
,5,"ALEX (FLYIN DONUT) ROBINSON, PRODIGY RACING, ISANTI, MN"
,6,"TYE YOUNG, C-YAA, DENVER, NC"
,7,"JAYDEN MITCHELL, WEST COAST RACING, LAND O LAKES, FL"
,8,"JOE (ALOHA-JOE) DRAWENEK, FACTORY SSQUARED, NEENAH, WI"
,,
13 Cruiser    Total Riders = 3    Groups = 1,,
,1,"MASON (MAYHEM) JACOBSEN, FLORIDA ANSWER SSQUARED, BRADENTON, FL"
,2,"TREYSON DILLON, ELIZABETH, MN"
,3,"A J HERNANDEZ, ALPHA, HOUSTON, TX"
,,
14 Cruiser    Total Riders = 8    Groups = 1,,
,1,"FOSTER HENDERSON, ELITE RACING, BIRMINGHAM, AL"
,2,"RIVER REECE, LDC, FORT WORTH, TX"
,3,"DRAKE VELADOR, FACTORY PROFILE, HOLLISTER, CA"
,4,"DALLAS GARDNER, POWERS BIKE SHOP, RICHMOND, VA"
,5,"MICHAEL BENNETT, NVP/MACHINE TRAINING, NAPA, CA"
,6,"ANDREW (THE ROCKET) KIRBY, BLACK WIDOW BMX, TULSA, OK"
,7,"ANDREW HERRERA, ACWORTH, GA"
,,
15 Cruiser    Total Riders = 3    Groups = 1,,
,1,"TYLER ROBERTS, ROCKSTAR FULL TILT RADIO, SARASOTA, FL"
,2,"MICHAEL AMARIS, TNT NATIONAL, MASTIC BCH, NY"
,3,"RYAN BRAMER, FACTORY BLACKCROWN BMX, SOUTH PARK, PA"
,,
17-20 Cruiser    Total Riders = 5    Groups = 1,,
,1,"TYLER (THUNDERFOOT) HAGAN, TWISTED CONCEPTS, GRAIN VALLEY, MO"
,2,"MAXIME DUPONT, CAVIGNAC"
,3,"NICHOLAS (SHOWTIME) SCHWARZ, VELOCITY RACING, LILLINGTON, NC"
,4,"IAN BEILFUSS, WEST COAST BMX, LUTZ, FL"
,,
26-30 Cruiser    Total Riders = 6    Groups = 1,,
,1,"BRIAN (MONEYBAGS) THIERWECHTER, CYAA, SANDWICH, MA"
,2,"JOSHUA PHILLIPS, FACTORY YESS BMX, ORLANDO, FL"
,3,"TYLER SHUTTS, EXILE BLACK CROWN, KATY, TX"
,4,"EVAN GRESHAM, MAD CYCLES, PENDLETON, SC"
,5,"CHANEY GUENNET, CAVIGNAC"
,,
36-40 Cruiser    Total Riders = 4    Groups = 1,,
,1,"JEAN DUSSERRE, CHATEANEUP DU ATTONE"
,2,"JESSE HAUGEN, VENOM/BMA, EAST BETHEL, MN"
,3,"WAYNE (BIG WAYNE) HARDMAN, POWER FX SPEED CO., NORTH FORT MYERS, FL"
,,
41-45 Cruiser    Total Riders = 6    Groups = 1,,
,1,"MATT MOBERLY, FLORIDA ANSWER SSQUARED, PALMETTO, FL"
,2,"PAULO MOREIRA, DL TRAINING ,GB DEVELOPM, ORLANDO, FL"
,3,"BRIAN SHIMKO, SUPER DUPER TOY STORE, PITTSBURGH, PA"
,4,"FRED TOPPER, NO XCUSES/SSQUARED/ODI, VENTURA, CA"
,5,"SCOTT SONNIER, BOCA RATON, FL"
,,
46-50 Cruiser    Total Riders = 7    Groups = 1,,
,1,"DREW MOTLEY, FACTORY YESS, ORMAND BEACH, FL"
,2,"MITCH BINGHAM, CHATTANOOGA, TN"
,3,"RONALD PRZYBYLSKI, FACTORY SSQUARED, CORNELIUS, NC"
,4,"CARLOS HERRERA, ACWORTH, GA"
,5,"BRAD ROSE, SARASOTA, FL"
,6,"MIKE FLYNN, ALBES, OXFORD, MI"
,,
51-55 Cruiser    Total Riders = 5    Groups = 1,,
,1,"GUILLERMO GONZALEZ, MIAMI, FL"
,2,"GEORGE GOODALL, SUPERCROSS BMX, CHANDLER, AZ"
,3,"JOHN PRINGLE, PROFILE, ARCHER, FL"
,4,"DAVID ASHER ELLENBERGER, SAINT PETERSBURG, FL"
,,
56-60 Cruiser    Total Riders = 8    Groups = 1,,
,1,"SCOTT (OLD SKOOL) SLOAN, INDEPENDENT ALL STAR, COPPELL, TX"
,2,(Not Scored)
,2,"SCOTT ANGUS, JR BICYCLES.COM/SPEEDCO/AVIAN, MORENO VALLEY, CA"
,3,"THOMAS (THOMAS T) INGRAM, S&M, FAIRFIELD, CA"
,4,"FRANK ALEXIN, NORTH PORT, FL"
,5,"JERRY (BONZI) FIELDS, 1ST GEN BMXER-FTB-FRR, SAN ANTONIO, TX"
,6,"RICHARD LINDAUER, COLOSSAL CYCLING, LADSON, SC"
,,
5 & Under Novice    Total Riders = 6    Groups = 1,,
,1,"DAMIAN ALVAREZ, SARASOTA, FL"
,2,"REMY SESSA, RICHLAND HILLS, TX"
,3,"LEVI PILUDU, PUNTA GORDA, FL"
,4,"RYAN RIPOLL, MIAMI, FL"
,5,"HAWK MURPHY, SARASOTA BMX ACADEMY, SARASOTA, FL"
,,
6 Novice    Total Riders = 6    Groups = 1,,
,1,"THIAGO SOUZA, LOTHIAN, MD"
,2,"RYDER BUTLER, PUNTA GORDA, FL"
,3,"MARCELO MONTES DE OCA, JACKSONVILLE, FL"
,4,"REDFORD EDWARDS, RUSKIN, FL"
,5,"GIOVANNI BRUGNOLA, SARASOTA, FL"
,,
7 Novice    Total Riders = 4    Groups = 1,,
,1,"RYDER COLLINS, BRADENTON, FL"
,2,"ALEJANDRA CABRERA, MIAMI, FL"
,3,"MICAH WILLIAMS, WEST PALM BEACH, FL"
,,
9 Novice    Total Riders = 5    Groups = 1,,
,1,"TUCKER BERDEN, SARASOTA, FL"
,2,"KADEN GORKOWSKI, SATELLITE BEACH, FL"
,3,"ZAYDEN DETZEL, BRADENTON, FL"
,4,"JAXSON(THE JET) DAVIS, CLUTCH RACING, NORTH PORT, FL"
,,
10 Novice    Total Riders = 4    Groups = 1,,
,1,"VICTORIA GALAN, SARASOTA, FL"
,2,"MAXWELL MCCAIN, NAPLES BMX, NAPLES, FL"
,3,"RIVER ROSS, SARASOTA, FL"
,,
11 Novice    Total Riders = 6    Groups = 1,,
,1,"OWEN JONES, BRADENTON, FL"
,2,"BRADEN BEEBE, PELHAM, AL"
,3,"AVA TRAYNOR, SARASOTA, FL"
,4,"ANTHONY RAMAGE, OCALA, FL"
,5,"SANTIAGO ESSER, DORAL, FL"
,,
13 Novice    Total Riders = 5    Groups = 1,,
,1,(Not Scored)
,1,"RYAN PAWELKOSKI, BRADENTON, FL"
,2,"VELERI FIGUERA, DORAL, FL"
,3,"DANIELLE (DANNI) FUSTER, ROCKET RACING, CHESTER, VA"
,,
16 Novice    Total Riders = 3    Groups = 1,,
,1,"DYLAN STRASSLE, FACTORY AUTO AIR, VENICE, FL"
,2,"BRIDGETTE CAULFIELD, FLY ZONE RACING, BARRINGTON, IL"
,3,"HAVEN MURPHY, SARASOTA BMX ACADEMY, SARASOTA, FL"
,,
46-50 Novice    Total Riders = 4    Groups = 1,,
,1,"SCOTT RAMAGE, OCALA, FL"
,2,"BRIAN ROSS, SARASOTA, FL"
,3,"WILLIAM HADDOCK, MCS, MILTON, FL"
,,
51 & Over Novice    Total Riders = 4    Groups = 1,,
,1,"JACOB KINNARD, TIME TO SHINE, LEESBURG, FL"
,2,"BRIAN WILSON, POWER FX, CAPE CORAL, FL"
,3,"WES YOUNG, TIME2SHINE #TROPHYHUNTER, PORT ORANGE, FL"
,,
5 & Under Intermediate    Total Riders = 5    Groups = 1,,
,1,"KAILEN WOUTERS, SAVANETA"
,2,"IGNACIO (NACHO) SOLANO, SAN JOSE"
,3,"ZANDER KOUTRIS, PRODIGY RACING, MAPLE GROVE, MN"
,4,"KEVIN SANTOS, SARASOTA, FL"
,,
6 Intermediate    Total Riders = 8    Groups = 1,,
,1,"CODY YOUNG, PUNTA GORDA, FL"
,2,"GRAYSON (NO NO) TOSCANO, BLACK CROWN SOUTH, OWINGS MILLS, MD"
,3,"BROCK HEGBERG, WIKID RACING, SAINT PETERSBURG, FL"
,4,"LUCAS COOLHAND EMLY, BAD CO RACING, ISANTI, MN"
,5,"MALIA (CRANKS) ALVAREZ, REAL TIME BMX, BLOOMINGTON, IL"
,6,"SANDON ANGELLETTA, BRADENTON, FL"
,7,"PENELOPE (PENNY) KRILL, SSQUARED FLORIDA M&M, PARRISH, FL"
,,
7 Intermediate    Total Riders = 7    Groups = 1,,
,1,"ESTEBAN MORALES, DL BMX, SARASOTA, FL"
,2,"LOGAN BOWLES, HOLIDAY, FL"
,3,"BRANDT BERDEN, SARASOTA, FL"
,4,"LUKE KRILL, SSQUARED FLORIDA M&M, PARRISH, FL"
,5,"ROCCO GRZYB, TAMPA, FL"
,6,"SEBASTIAN RIST, BIKE DOCTOR, CROWNSVILLE, MD"
,,
8 Intermediate    Total Riders = 10    Groups = 2,,
,1,"COOPER JOACHIM, BLACK CROWN NOLA, BILOXI, MS"
,2,"GAVIN NOVAK, WEST COAST RACING, TAMPA, FL"
,3,"BODE CLARK, WINTER GARDEN, FL"
,4,"ASTON LAWRENCE, TAMPA, FL"
,5,"HUNTER ALPERT, NAPLES BMX, ESTERO, FL"
,6,"NOAH BOATRIGHT, VENICE, FL"
,7,"JOSHUA BOATRIGHT, VENICE, FL"
,8,"DAMIAN MARTINEZ, SARASOTA, FL"
,,
9 Intermediate    Total Riders = 11    Groups = 2,,
,1,"CARTER GAMM, FLORIDA SSQUARED, BRADENTON, FL"
,2,"LOGAN HERNANDEZ, NAPLES BMX, NAPLES, FL"
,3,"SAMUEL SEPULVEDA, HIALEAH, FL"
,4,"HOLDEN MURPHY, SARASOTA BMX ACADEMY, PARRISH, FL"
,5,"COOPER BEYER, SSQUARED GEORGIA, DALLAS, GA"
,6,"NOAH WHITTLE, DL BMX / SPEEDCO, DEBARY, FL"
,7,"FRANK HERRERA, SARASOTA, FL"
,8,"OWEN JONES, POWER FX SPEED CO., CAPE CORAL, FL"
,,
10 Intermediate    Total Riders = 8    Groups = 1,,
,1,"JUAN MARTIN CHAVES COBOS, QUAYAS"
,2,"JAYDON YODER, FLORIDA SSQUARED, SARASOTA, FL"
,3,"BOBBY (HOODIE-B) VRETTOS, CHIP N DALE BMX, JOBSTOWN, NJ"
,4,"MAXIMUS (MAX SPEED) MENTAL, FLORIDA ANSWER SSQUARED, WESTON, FL"
,5,"LINKIN KRAATZ, TEAM RELENTLESS RACING, BOYNTON BEACH, FL"
,6,"CHELSEA WILSON, TRUE BMX, ROCK HILL, SC"
,7,"HARMONY BROOKS, PINELLAS PARK, FL"
,,
11 Intermediate    Total Riders = 7    Groups = 1,,
,1,"CHRISTOPHER (GAVIN) FOSDYCK, BONESHAKER, DOUGLASVILLE, GA"
,2,"KAI BARTHOLOMEW, SARASOTA, FL"
,3,"JAYDEN (J-DOG) HADDOCK, MCS, MILTON, FL"
,4,"CORY (SUPERFLY) OHMER, POWER FX SPEED CO., CAPE CORAL, FL"
,5,"BRODY BERRYMAN, TEAM RELENTLESS RACING, RIVIERA BEACH, FL"
,6,"AYDEN MAZZOLA, CAPE CORAL, FL"
,,
12 Intermediate    Total Riders = 7    Groups = 1,,
,1,"TALON COLLINS, SARASOTA, FL"
,2,"ADRIAN BARRIOS, SSQUARED FL M & M, DORAL, FL"
,3,"BLAKE WILSON, SSQUARED, BRADENTON, FL"
,4,"AIDEN CLARK, WINTER GARDEN, FL"
,5,"JADEN (THE SNAKE) MURTA, PALM HARBOR, FL"
,6,"SERGIO AYALA ORTIZ, CALI"
,,
13 Intermediate    Total Riders = 7    Groups = 1,,
,1,"VALENTINO GRANDE, SRQ BMX ACADEMY RACING, VENICE, FL"
,2,"PEYTON MILLER, WEST COAST RACING, LAND O LAKES, FL"
,3,"JOSE GARZA, M&M RACING, NASHVILLE, TN"
,4,"GABRIEL CALABIA, DORAL, FL"
,5,"ZANNI VRETTOS, CHIP N DALE BMX, JOBSTOWN, NJ"
,6,"NATHANIEL CROWE, BRADENTON, FL"
,,
14 Intermediate    Total Riders = 5    Groups = 1,,
,1,"RAMON GOMEZ, MIAMI, FL"
,2,"ANGEL SUAREZ, A BIKE SERVICE, MIAMI, FL"
,3,"CALEB OVERHOLT, SARASOTA, FL"
,4,"BRANDIN MORRIS, SOMD BMX, LEONARDTOWN, MD"
,,
16 Intermediate    Total Riders = 4    Groups = 1,,
,1,"NATHAN JONES, WEST COAST RACING, LAND O LAKES, FL"
,2,"MARCUS QUERCETTI, NAPLES BMX, NAPLES, FL"
,3,"TYLER (T REX) HADDOCK, MCS, MILTON, FL"
,,
17-20 Intermediate    Total Riders = 4    Groups = 1,,
,1,"WASSIM BAABOURA, MANDRES LES ROSES"
,2,"ERIC GULLEY, WEST COAST RACING, WESLEY CHAPEL, FL"
,3,"TYLOR (GENTLEMAN) JOHNSON, POWER FX SPEED CO., JACKSONVILLE, FL"
,,
36-40 Intermediate    Total Riders = 3    Groups = 1,,
,1,"SEAN LEHEW, CLUTCH RACING, PUNTA GORDA, FL"
,2,"AJ PERRY, EXILE BLACK CROWN, HOUSTON, TX"
,3,"WILLIAM SANDOVAL, ST CLOUD, FL"
,,
41-45 Intermediate    Total Riders = 3    Groups = 1,,
,1,"JEFF SRSIC, WEST COAST RACING BMX, TAMPA, FL"
,2,"SCOTT GULLEY, WEST COAST RACING, WESLEY CHAPEL, FL"
,3,"SIMON (WILD MAN) BRANDENBURG, OXYGEN FIEND, CLEARWATER, FL"
,,
46-50 Intermediate    Total Riders = 7    Groups = 1,,
,1,"ROD FREEMAN, PLANT CITY, FL"
,2,"ANGEL BENITEZ, TAMPA, FL"
,3,"SCOTT BAUER, SSQUARED TEXAS, ROUND ROCK, TX"
,4,"MARK BEILFUSS, LUTZ, FL"
,5,"JAMES SHAFFER, REAL TIME BMX, WHITE HEATH, IL"
,6,"JEREMY BROOKS, PINELLAS PARK, FL"
,,
5 & Under Expert Girls    Total Riders = 3    Groups = 1,,
,1,"KEILANI GRAY, WIKID RACING, TALLMADGE, OH"
,2,"NEVA PETERSON , BREVARD, NC"
,3,"LEA HEGBERG, C-YAA RACING, SAINT PETERSBURG, FL"
,,
6 Expert Girls    Total Riders = 3    Groups = 1,,
,1,"CALI KOPETSKIE, VELOCITY BIKE CO, BURLINGTON, NC"
,2,"SAWYER SMITH, FLORIDA ANSWER SSQUARED, LONGWOOD, FL"
,3,"MARILYN (BABY FOX) MARTINEZ, RAD DUDES, GRETNA, LA"
,,
7 Expert Girls    Total Riders = 4    Groups = 1,,
,1,"ALEXANDRIA PASOWICZ, POWERLITE-DANSCOMP-DFR, LA VERNE, CA"
,2,"ELLIANA KOUTRIS, PRODIGY RACING, MAPLE GROVE, MN"
,3,"KALIA (RUM BUM) PRINGLE, PROFILE EXTREME, ARCHER, FL"
,,
8 Expert Girls    Total Riders = 5    Groups = 1,,
,1,"JENNAVECIA (JENNARATOR) KLEMZ, BLACK WIDOW BMX, BRAHAM, MN"
,2,"DANICA APPENZELLER, DUKE CITY DEVELOPMENT, ALBUQUERQUE, NM"
,3,"HARPER VESCUSO, FACTORY BOMBSHELL, RIO RANCHO, NM"
,4,"VIOLET KRAATZ, TEAM RELENTLESS RACING, BOYNTON BEACH, FL"
,,
10 Expert Girls    Total Riders = 8    Groups = 1,,
,1,"AVERY (THE VOICE) JONES, POWER FX SPEED CO., CAPE CORAL, FL"
,2,"GIADA (JUMPSTART GIADA) MAFFEI, POWER FX SPEED CO., LITHIA, FL"
,3,"LANDON BURIAN, ALPHA DEVELOPMENT, BOZEMAN, MT"
,4,"BELLA (MOUSE) WHITE, VENOM/BMA, ISANTI, MN"
,5,"CAMRYN (CRAZY LEGS) SEARFOSS, ALL AMERICAN BMXCHASERSP, NORWICH, NY"
,6,"LILANI (LITTLE HAWAII) PRINGLE, RIDE LIKE A GIRL/DANS COMP, ARCHER, FL"
,7,"GIANNA CLARK, TEAM SKITTLES, BRADENTON, FL"
,,
11 Expert Girls    Total Riders = 4    Groups = 1,,
,1,"TRISTIN (TNT) PINGITORE, RIDECO, PEORIA, AZ"
,2,"SADIE HERRERA, ACWORTH, GA"
,3,"ALMA PINEIRO, JR BICYCLES.COM/SPEEDCO/AVIAN, MERCOSUR"
,,
12 Expert Girls    Total Riders = 5    Groups = 1,,
,1,"ALEXIS ALDEN, JR BICYCLES.COM/SPEEDCO/AVIAN, PEACHTREE CITY, GA"
,2,"MAKYLLA PINO, TUFFGURLZ-BOX-FLY-J&R, LAS CRUCES, NM"
,3,"EMMA MARTIN, ALLTOW WRECKING CREW, ELKRIDGE, MD"
,4,"EMILY (ROAD RASH) HAUGEN, VENOM/BMA, ISANTI, MN"
,,
13 Expert Girls    Total Riders = 10    Groups = 2,,
,1,"STELLA (SLING SHOT) SUNSERI, JR BICYCLES.COM/SPEEDCO/AVIAN, SAN JOSE, CA"
,2,"KEILEY (SUGAR COOKIE) SHEA, 316 RACING/DK, LA HABRA, CA"
,3,"ISABELLA (PACMAN) NELSON, FACTORY MOM & DAD, SUFFIELD, CT"
,4,"MILA MONNANTEUIL, LILLE"
,5,"ASHLEIGH MECH, THRODWN DEVO, PASADENA, MD"
,6,"ASHLEY MCLENNAN, BLACK WIDOW BMX, SAINT MICHAEL, MN"
,7,"KEIRA AMARIS, TNT NATIONAL, MASTIC BEACH, NY"
,8,"MORGAN GLASS, FACTORY YESS, CENTENNIAL, CO"
,,
14 Expert Girls    Total Riders = 3    Groups = 1,,
,1,"KIRA BOUSTEAD, NVP/MACHINE TRAINING, VALLEJO, CA"
,2,"MANUELA MUNOZ VELEZ, YESS BMX, CUTLER BAY, FL"
,3,"MEGAN TOSSETT, VENOM/BMA, FERGUS FALLS, MN"
,,
15-16 Expert Girls    Total Riders = 12    Groups = 2,,
,1,"VALENTINA DAVALOS, WAXHAW, NC"
,2,"TRINADEE STOFLET, MIDWEST PULL, GARLAND, TX"
,3,"MANUELA ROLDAN, SPIN TECH RACING, GREENACRES, FL"
,4,"AMANDA TAYLOR, PROFILE, SARASOTA, FL"
,5,"PAIGE ZACHARY, FACTORY SSQUARED, CHAPARRAL, NM"
,6,"JASMINE TOPPER, NO XCUSES/SSQUARED/ODI, VENTURA, CA"
,7,"PIPER YOCKELSON, FACTORY FREE AGENT-BOX, MOUNT AIRY, MD"
,8,"CAITLYN (#MILKFIRST) FARMER, SANDY SPRINGS, GA"
,,
17-20 Expert Women    Total Riders = 3    Groups = 1,,
,1,"MCKENZIE GAYHEART, FACTORY FULL TILT/RADIO, FORT WHITE, FL"
,2,"ZOE HAPKA, FAUMONT"
,3,"BAILEY BRANNEN, FACTORY ANSWER, DUNEDIN, FL"
,,
31-40 Expert Women    Total Riders = 5    Groups = 1,,
,1,"CARLY CURTIN, C-YAA, CHARLOTTE, NC"
,2,"JESSICA SHARGORODSKIY, BLACK WIDOW, MAPLE GROVE, MN"
,3,"AMANDA (F BOMB) WARNER, 1-800 KAOS, SMITHSBURG, MD"
,4,"LISA (LIGHTNING LEGGS) WEBB, 1-800 KAOS, QUEENSTOWN, MD"
,,
41 & Over Expert Women    Total Riders = 3    Groups = 1,,
,1,"ANGELA CONSTANTINO, COASTAL RACING, WHITSETT, NC"
,2,"JULIE DIRCKS, GAMBRILLS, MD"
,3,"LORI MASCIA, SPORTYMOUSE INC, LAKELAND, FL"
,,
6 Expert    Total Riders = 7    Groups = 1,,
,1,"JACOB LACHOWICZ, TACKLE BOX RACING, CLARKSVILLE, TN"
,2,"JACKSON STAUFFER, BLACK WIDOW BMX, FARIBAULT, MN"
,3,"EZRA (MOTO SLAYER) COSTA, GT, UPLAND, CA"
,4,"CONNOR (THE CONDOR) BECKLEY, SARASOTA BMX ACADEMY, BRADENTON, FL"
,5,"MASON MCKEE, FLORIDA ANSWER SSQUARED, PALMETTO, FL"
,6,"ASHTON (THE BIG TEXAN) HESTER, PREMIER RACING, HEATH, TX"
,,
7 Expert    Total Riders = 14    Groups = 2,,
,1,"MARSHALL (THE KID) WARNER, FACTORY FREE AGENT-BOX, SMITHSBURG, MD"
,2,"WYATT (FIREBALL) WILLIAMS, REDMAN JR DEVO, LAKE ELSINORE, CA"
,3,"ANDRES (LIL MACHINE) ANDRADE, FACTORY BOMBSHELL/AVENT, MIAMI, FL"
,4,"OLIVER JONES, FLORIDA SSQUARED, SARASOTA, FL"
,5,"GABRIEL DOS SANTOS, SARASOTA, FL"
,6,"CULLEN FUSSELL, SSQUARED SOUTHEAST, DOTHAN, AL"
,7,"ENZO (ENZO DANGER) HOFFMAN, BLACK CROWN BIKE SHOP, PITTSBURGH, PA"
,8,"JIMMY (THE BULLET) BELLIN, RAT ROAD FARMS, GILLETTE, WY"
,,
8 Expert    Total Riders = 16    Groups = 3,,
,1,"JOSEPH MATHER, THRODWN, OMAHA, NE"
,2,"BRAYDEN GORIS, DL BMX, ORMOND BEACH, FL"
,3,"KEEGAN SKINNER, FACTORY SSQUARED, SURPRISE, AZ"
,4,"PALMER WARD, FACTORY BOMBSHELL, LOUISVILLE, KY"
,5,"SAMUEL LACHOWICZ, TACKLE BOX, CLARKSVILLE, TN"
,6,"AUSTIN (ANIMAL) LINDNER, FLORIDA ANSWER SSQUARED, MIAMI, FL"
,7,"DILLAN STEUART, RIDECO, THORTON, CO"
,8,"BENSON (THE HULK) DANIELO, ROCKSTAR FULLTILT RADIO, VENICE, FL"
,,
9 Expert    Total Riders = 15    Groups = 3,,
,1,"DYLAN (AZ) PATTERSON, DAYLIGHT CYCLES, TUCSON, AZ"
,2,"BRADY KING, MANGLER BMX, KENOSHA, WI"
,3,"LUCAS DARRIBA, SOROCABA, SP"
,4,"GUSTAVS DAUGAVIETIS, PRECISION BMX, LAKE FOREST, CA"
,5,"ELI BUNDY, WIAWIS/LSG, FT COLLINS, CO"
,6,"JAYDEN HASTINGS, FLORIDA ANSWER SSQUARED, VENICE, FL"
,7,"BRYCE (BB KING) BORDIS, DLBMX, PALM COAST, FL"
,8,"AARON VILLARREAL, FLORIDA ANSWER SSQUARED, MIAMI, FL"
,,
10 Expert    Total Riders = 19    Groups = 3,,
,1,"ROWDY HOLZER, WIAWIS/LSG, NEWCASTLE, CA"
,2,"MASON HAYES, C-YAA, DENVER, NC"
,3,"JOSHUA (THE SHARK) MCGUIGAN, FACTORY BOMBSHELL/AVENT, SUMMERVILLE, SC"
,4,"MATTEO PIGO, FACTORY BLACKCROWN BMX, DALLAS, GA"
,5,"WILLIAM (THE SLEEPER) EDMONDS, MOM AND DAD, GLEN HEAD, NY"
,6,"AIDAN RAGLE, POWERLITE-DANSCOMP-DFR, APPLE VALLEY, CA"
,7,"LUCAS RUIZ, ROCK STAR/FULLTILT/RADIO, ALTAMONTE SPGS, FL"
,8,"TAYLOR KOLL, HUTELIN RACING, LAKE WALES, FL"
,,
11 Expert    Total Riders = 26    Groups = 5,,
,1,"TOMMY BRUNEY, FACTORY FULL TILT/RADIO, PITTSBURGH, PA"
,2,"DYLLON REEDER, AVENT/BOMBSHELL, WILDOMAR, CA"
,3,"KALEB MCCAIN, FACTORY PROPHECY USA, CLIFTON, CO"
,4,"COHEN BUNDY, WIAWIS/LSG, FT COLLINS, CO"
,5,"VANCE (V-DUB) OUDSHOORN, POWERS BIKE SHOP, QUEEN ANNE, MD"
,6,"KOBY THOMPSON, HAP'S BMX, NORTH PORT, FL"
,7,"DALTON CUMMINS, FLORIDA ANSWER SSQUARED, SATELLITE BEACH, FL"
,8,"CLAY SHEFFIELD, EPIK CARBON PRODUCTS, LAKE CLARKE SHORES, FL"
,,
12 Expert    Total Riders = 23    Groups = 4,,
,1,"CHAYSE MRAZEK, PRIMAL BMX, BISHOP, TX"
,2,"TYE YOUNG, C-YAA, DENVER, NC"
,3,"BRAYDEN (GQ) DELANY, POWERLITE-DANSCOMP-DFR, COLORADO SPRINGS, CO"
,4,"VALENTINO VALLEJO TARQUINO, CORDOBA"
,5,"TARIN (TARIN IT UP) FIELDS, ALPHA, NEWMAN LAKE, WA"
,6,"ALEX (FLYIN DONUT) ROBINSON, PRODIGY RACING, ISANTI, MN"
,7,"CLAYTON MAHAN, ROCKSTAR/FULLTILT/RADIO, BRADENTON, FL"
,8,"CARSON ALLEN, FACTORY FULL TILT/RADIO, LAS VEGAS, NV"
,,
13 Expert    Total Riders = 16    Groups = 3,,
,1,"FREDERICO ARIEL CAPELLO, CORDOBA"
,2,"HAYDEN BOYD, FACTORY CLAYBORN, BALTIMORE, MD"
,3,"COLE ISAACS, BLACK WIDOW BMX, SAINT MICHAEL, MN"
,4,"MASON (MAYHEM) JACOBSEN, FLORIDA ANSWER SSQUARED, BRADENTON, FL"
,5,"MATHIAS HERNANDEZ, MIAMI, FL"
,6,"EMMANUEL MARIN, JACKSONVILLE, FL"
,7,"LUCAS ZIMMERMANN, FACTORY FULL TILT/RADIO, BRAZIL, SC"
,8,"A J HERNANDEZ, ALPHA, HOUSTON, TX"
,,
14 Expert    Total Riders = 24    Groups = 4,,
,1,"CUTTER WILLIAMS, WIAWIS/LSG, POTOMAC FALLS, VA"
,2,"FOSTER HENDERSON, ELITE RACING, BIRMINGHAM, AL"
,3,"TOM CLEMENT, CAVIGNAC"
,4,"ELIJAH HEANEY, FACTORY POWERS BIKE SHOP, MURFREESBORO, TN"
,5,"ROCCO PESATURO, JR BICYCLES.COM/SPEEDCO/AVIAN, ROYAL PALM BEACH, FL"
,6,"JESS (JUMPIN JESS) BRANT, 6DHELMETS/SUPERCROSS/M&M, DELTONA, FL"
,7,"DRAKE VELADOR, FACTORY PROFILE, HOLLISTER, CA"
,8,"ROMAN SANTISE, BUENOS AIRES"
,,
15 Expert    Total Riders = 25    Groups = 5,,
,1,"BRODY COLE, FACTORY FULL TILT/RADIO, SPRING, TX"
,2,"MATTHEW HAAS, JR BICYCLES.COM/SPEEDCO/AVIAN, WELLINGTON, FL"
,3,"CHRISTOPHER HOBBIE, FACTORY BLACKCROWN BMX, MANAHAWKIN, NJ"
,4,"NOLAN CARDWELL, RIVAL RACING, BELMONT, NC"
,5,"MIKKEL DEVORE, VERADALE, WA"
,6,"TRISTAN LEE SCOTT, LOGAN CENTRAL, QLD"
,7,"LORIS LUCRY, CAVIGNAC"
,8,"GRANT (CUPCAKE) GERKE, BLACK WIDOW BMX, LA CROSSE, WI"
,,
16 Expert    Total Riders = 19    Groups = 3,,
,1,"(THE DREAM TAKER)ZACH  JACOBS, DAYLIGHT CYCLES, MT JULIET, TN"
,2,"AMAKYE ANDERSEN, DAYLIGHT CYCLES, TUCSON, AZ"
,3,"RICO BEARMAN, SPEEDCO/AVIAN, AUCKLAND"
,4,"EVAN SCHAEFER, ALLTOW WRECKING CREW/YESS, SARASOTA, FL"
,5,"DANIEL DELVASTO, ICE USA, LANTANA, FL"
,6,"WESTON MEURLOT, FACTORY GT, NEW SMYRNA BEACH, FL"
,7,"SIMEON MAILLARD, CAVIGNAC"
,8,"RYAN ALDER, WWW.2020TEKNOLOGY.COM, ELDERSBURG, MD"
,,
17-20 Expert    Total Riders = 18    Groups = 3,,
,1,"JOSEPH LETO, ALLTOW WRECKING CREW/YESS, MYAKKA CITY, FL"
,2,"BRAYDEN (THE BULLET) KEMPEL, RAMSEY, MN"
,3,"CAMERON BRAMER, WIAWIS/LSG, SOUTH PARK, PA"
,4,"RICHIE DEY, PROFILE, DEERFIELD BEACH, FL"
,5,"JAMES (FLYING MONKEY) PLUMMER, BLACK WIDOW BMX, SAINT FRANCIS, MN"
,6,"VINCENT QUIJANO, FACTORY REMIX, CAPE CORAL, FL"
,7,"BENJAMIN OUELLETTE, BERTHIERVILLE, QC"
,8,"MATTHEW MEEKINS, FACTORY ANSWER, BRANDON, FL"
,,
21-25 Expert    Total Riders = 7    Groups = 1,,
,1,"JOSEPH OCONNOR, FLORIDA ANSWER SSQUARED, SARASOTA, FL"
,2,"BRIAN (MONEYBAGS) THIERWECHTER, CYAA, SANDWICH, MA"
,3,"BRAD LEWIS, YESS, CLEVELAND, TN"
,4,"RAMON FERREIRA LEAL, ORLANDO, FL"
,5,"JOSEPH MACH, LOXAHATCHEE, FL"
,6,"AUSTIN LINDAUER, COLOSSAL CYCLING, LADSON, SC"
,,
26-35 Expert    Total Riders = 5    Groups = 1,,
,1,"DANIEL RESTREPO, ENVIGADO"
,2,"ROMAIN GONZALEZ, CAVIGNAC"
,3,"WANDEROLABY FREITAS, LONG BRANCH, NJ"
,4,"JONATHAN STARON, WESLEY CHAPEL, FL"
,,
36-40 Expert    Total Riders = 4    Groups = 1,,
,1,"JESSE HAUGEN, VENOM/BMA, EAST BETHEL, MN"
,2,"RYAN BUNKER, ..., VALRICO, FL"
,3,"NICK POST, MINNEOLA, FL"
,,
41-45 Expert    Total Riders = 3    Groups = 1,,
,1,"FRED TOPPER, NO XCUSES/SSQUARED/ODI, VENTURA, CA"
,2,"SILVIO DA SILVA PINTO, PROPHECY BMX/BOX COMPANY, LONG BRANCH, NJ"
,3,"SCOTT SONNIER, BOCA RATON, FL"
,,
46-50 Expert    Total Riders = 8    Groups = 1,,
,1,"RENATO SILVA, ALLTOW WRECKING CREW/YESS, WINTER GARDEN, FL"
,2,"DREW MOTLEY, FACTORY YESS, ORMAND BEACH, FL"
,3,"MITCH BINGHAM, CHATTANOOGA, TN"
,4,"FRANK NUCCIO, GLENELLYN, IL"
,5,"CARLOS HERRERA, ACWORTH, GA"
,6,"MIKE PARKER, DUNEDIN, FL"
,7,"PAUL LINGARD, FACTORY VERT BMX, PALM COAST, FL"
,,
51 & Over Expert    Total Riders = 5    Groups = 1,,
,1,"BRUCE MORRIS, HAWTHORNE, QLD"
,2,"GUILLERMO GONZALEZ, MIAMI, FL"
,3,"STEPHEN GERARDI, CORSA RACEWEAR, TAMPA, FL"
,4,"JOHN PRINGLE, PROFILE, ARCHER, FL"
,,
