Carolina Pre-Race,,
4 Balance Bike    Total Riders = 11    Groups = 2,,
,0,"JASE SIMS, TRAFFORD, PA"
,0,"GAVIN BUNKER, VALRICO, FL"
,0,"CORBIN HILL, APOLLO, PA"
,0,"BARRY  MORRISON, TARPON SPRINGS, FL"
,0,"JAXON SAULTER, CASTLE HAYNE, NC"
,0,"JAMES SHERRILL, TIME2SHINE, CHESTER, VA"
,0,"AUBREY LEBLANC, ST AUGUSTINE, FL"
,0,"JHOBE NANCE, ASHEBORO, NC"
,,
3 Balance Bike    Total Riders = 6    Groups = 1,,
,0,"BRUCE SWAP, MONROE, MI"
,0,"DANNI MORRISON, TARPON SPRINGS, FL"
,0,"FOSTER WILLIAMS, ROCK HILL, SC"
,0,"CHLOE HILL, TEMPERANCE, MI"
,0,"RYAN LATAILLE, LONGMEADOW, MA"
,0,"CALVIN SCHUMAKER, CARY, NC"
,,
1-2 Balance Bike    Total Riders = 2    Groups = 1,,
,0,"ELLIANA ZIMMERMAN, TARENTUM, PA"
,0,"KAI CASSIDY, CHESANING, MI"
,,
SuperX Men    Total Riders = 20    Groups = 12,,
,1,"GONZALO RENGEL, JRBICYCLES.COM/SPEEDCO/AVIAN, QUEVEDO"
,2,"CHRISTHIAN CASTRO, RIO BAMBA"
,3,"SANTIAGO SANTA, BAY AREA BMXERS, WEST PALM BEACH, FL"
,4,"JUAN PABLO CHAPARRO, W-ELITE, ROCK HILL, SC"
,5,"VALENTINO ELIZONDO, HARO, BAKERSFIELD, CA"
,6,"PEDRO (BUBAS) BENALCAZAR, ZERONINE, CUENCA"
,7,"JEAN NAVAS, A"
,8,"GUSTAVO JOSE VICUNA NIETO, JRBICYCLES.COM/SPEEDCO/AVIAN, AZUAY"
,,
Men Pro    Total Riders = 32    Groups = 12,,
,1,"CONNOR FIELDS, CHASE BMX / BRGSTORE.COM, HENDERSON, NV"
,2,"IZAAC KENNEDY, STAY STRONG, BRISBANE, QLD"
,3,"JEREMY (J-SMOOTH) SMITH, DKBICYCLES/CORSARACEWEAR, DAYTON, OH"
,4,"JARED GARCIA, VICTORVILLE, CA"
,5,"CORBEN SHARRAH, DAYLIGHT CYCLES, TUCSON, AZ"
,6,"JOSHUA MCLEAN, FULL TILT RADIO, HIGHLAND PARK, QLD"
,7,"JORIS DAUDET, CHASE BMX / BRGSTORE.COM, CORONA, CA"
,8,"KAMREN LARSEN, HARO BMX, BAKERSFIELD, CA"
,,
Vet Pro    Total Riders = 20    Groups = 12,,
,1,"BARRY NOBLES, FLY HARO MAXXIS ODI, STERRETT, AL"
,2,"ANDRES (JIMENEZ) JIMENEZ, BOGOTA"
,3,"MARTY WISEHART, LUCKY/PHYRE, CHANDLER, AZ"
,4,"DAMIEN LACOMBE, PREMIER RACING NATIONAL TEAM, DALLAS, TX"
,5,"LUCIANO CORREA ROQUE, ORLANDO, FL"
,6,"TIAGO DIAS, REAL SIDING - DL BMX, MARIETTA, GA"
,7,"JONATHAN SUAREZ, ALPHA FACTORY, CORAL SPRINGS, FL"
,8,"MIGUEL CASTRO, ALLTOW WRECKING CREWYESS, CLEARWATER, FL"
,,
Women Pro    Total Riders = 17    Groups = 9,,
,1,"ALISE WILLOUGHBY, ALBES PROMAX, CHULA VISTA, CA"
,2,"FELICIA STANCIL, FACTORY SSQUARED, INDIANAPOLIS, IN"
,3,"LAUREN REYNOLDS, FACTORY ANSWER, SAN DIEGO, CA"
,4,"ASHLEY VERHAGEN, FULL TILT RADIO, PHOENIX, AZ"
,5,"DALENY VAUGHN, 316 / DK / BIOLAB, TUCSON, AZ"
,6,"PAYTON RIDENOUR, POTTSTOWN, PA"
,7,"DREW MECHIELSEN, FACTORY YESS, LANGLEY, BC"
,8,"MOLLY SIMPSON, DAYLIGHT CYCLES, RED DEER, AB"
,,
8 Challenge Boys    Total Riders = 24    Groups = 4,,
,1,"JACKSON SCOGGINS, MEMPHIS, TN"
,2,"SOLOMON MITCHELL, BOMBSHELL, BLUE SPRINGS, MO"
,3,"JOSHUA HARDIE, HYPER, SPRING, TX"
,4,"GAVIN (THE OUTLAW) TONN, WIKID RACING, ORIENT, OH"
,5,"WYATT CLARK, SUPER DUPER, BETHEL PARK, PA"
,6,"MARSHALL FALKOWSKI, VENOM/ BOX COMPONENTS, SAINT PAUL, MN"
,7,"TOMMY (THE TOMAHAWK) BELCHER, WIKID RACING, ETNA, OH"
,S,"BRYSON (PNUT BRUNS) BRUNS, ALPHA, WEST WARWICK, RI"
,,
9 Challenge Boys    Total Riders = 26    Groups = 4,,
,1,"ANDRES (LIL MACHINE) ANDRADE, FACTORY BOMBSHELL, MIAMI, FL"
,2,"MARSHALL (THE KID) WARNER, TIME2SHINE, SMITHSBURG, MD"
,3,"MASON (CHAPSTICK) GRAY, NOMADS, RALEIGH, NC"
,4,"ELI (ROWDY) DOWDY, GET-A-GRIP, STAFFORD, VA"
,5,"COLE NOLTE, SSQUARED NATIONAL, PEORIA, AZ"
,6,"PRESTON (THE ISSUE) GEORGE, PRESTON GEORGE RACING, WINSTON-SALEM, NC"
,7,"JAXSON  HOWELL, FULL TILT RADIO, HENDERSON, NV"
,8,"JAXSYN (JUMPIN JAX) HORNE, PROFILE EXTREME, JACKSONVILLE, FL"
,,
10 Challenge Boys    Total Riders = 27    Groups = 4,,
,1,"HENRY (FREAKIN) LENERS, FACTORY SSQUARED, SAINT FRANCIS, MN"
,2,"MAX (MAD MAX) MEINEL, TNT NATIONAL, MONROE, CT"
,3,"JASE ALLEN, JUST JASE RACING, ROCK HILL, SC"
,4,"RYDER (LEGOMAN) MERKI, SUPERCROSS BMX, WILDOMAR, CA"
,5,"JACOB THEISEN, BLACK WIDOW BMX, SAINT CLOUD, MN"
,6,"KEEGAN SKINNER, FACTORY SSQUARED, SURPRISE, AZ"
,7,"MICHAEL (NOISY BOY) HOFFMAN, TUCSON BMX, VAIL, AZ"
,8,"NATE (NATE DOGG) CASERTA, MOM & DAD, NAPLES, FL"
,,
11 Challenge Boys    Total Riders = 20    Groups = 4,,
,1,"THIAAN HARDIE, HYPER, SPRING, TX"
,2,"BRADY KING, RIVAL RACING, KENOSHA, WI"
,3,"LUCAS THEISEN, BLACK WIDOW BMX, SAINT CLOUD, MN"
,4,"KEATON FALASCO, HOLDER DRUG, WEATHERFORD, OK"
,5,"AIDEN GUIDRY, CLAYBORN/ANSWER, PARIEVILLE, LA"
,6,"CJ (THE ALASKAN PULL) RIVERA, HOUSTON RACING TEAM, HOUSTON, TX"
,7,"AARON VILLARREAL, SSQUARED NATIONAL TEAM , MIRAMAR, FL"
,8,"ANDREW SAVINO, JET RACING, FORT MILL, SC"
,,
12 Challenge Boys    Total Riders = 19    Groups = 3,,
,1,"BEN (BIG BEN) HARDIE, HYPER, SPRING, TX"
,2,"MATT (THE BADINATOR) BADANIK, FACTORY BOMBSHELL, INDIAN TRAIL, NC"
,3,"OZZIE (THE OZ-MAN) ROWE, UNDERDOG RACING, CINCINNATI, OH"
,4,"JOSHUA (THE SHARK) MCGUIGAN, FACTORY BOMBSHELL, SUMMERVILLE, SC"
,5,"MILES KEE, KEE MAPPING, ASHEVILLE, NC"
,6,"JACOB LANGE, TRIP9 RACING, FRIENDSHIP, WI"
,S,"ROWDY HOLZER, PROFILE, NEWCASTLE, CA"
,S,"LUCAS (ROADRUNNER) RUIZ, ROCKSTAR/FULLTILT/RADIO, ALTAMONTE SPRINGS, FL"
,,
13 Challenge Boys    Total Riders = 23    Groups = 4,,
,1,"LOGAN (CRUSH IT) CALDWELL, JRBICYCLES.COM/SPEEDCO/AVIAN, NORTH FT MYERS, FL"
,2,"GAGE HILL, CRANKLAB, PLATO, MN"
,3,"MIKE (MISSOURI) SANTAMARIA, FACTORY BOMBSHELL, SAINT LOUIS, MO"
,4,"CHRIS FELKER, FACTORY RIFT TANGENT, KNOXVILLE, TN"
,5,"IAN WESTERMAN, CARBONDALE, CO"
,6,"GRIFFIN (THE RIPPER) KELLEHER, POWERS BIKE SHOP, STEVENSVILLE, MD"
,7,"JC (THE TOMBSTONE) GAYLER, PREMIER RACING NATIONAL TEAM, DEL CITY, OK"
,8,"GAIGE GOMOLICKE, BAY AREA BMXERS, UKIAH, CA"
,,
14 Challenge Boys    Total Riders = 28    Groups = 4,,
,1,"KAI (FLY GUY KAI) LEBLANC, JRBICYCLES.COM/SPEEDCO/AVIAN, ST AUGUSTINE, FL"
,2,"BRADY (SCOOBY SNACKS) ONEIL, DAYLIGHT CYCLES, HENDERSON, NV"
,3,"BRIAN CHARLES, IN THE ZONE, MOORESVILLE, NC"
,4,"IGNACIO MANGUAL, ROCK STAR FULL TILT, KISSIMMEE, FL"
,5,"CLAY (THE CHEFF) SHEFFIELD, DAYLIGHT CYCLES, LAKE CLARKE SHORES, FL"
,S,"SEAN DAY, FULL TILT RADIO, TACOMA, WA"
,S,"ISAAC LARSON, HYPER, SOUTH JORDAN, UT"
,S,"RYDER SANTOS, FACTORY RIFT TANGENT, LINCOLN, CA"
,,
15 Challenge Boys    Total Riders = 22    Groups = 4,,
,1,"COLE ISAACS, BLACK WIDOW BMX, SAINT MICHAEL, MN"
,2,"SEBASTIAN BETTINGER, SEAN CARVAJAL'S LDC, RALEIGH, NC"
,3,"BRAYDEN DELANY, COLORADO SPRINGS, CO"
,4,"CLAYTON MAHAN, ROCKSTAR FULLTILT RADIO, BRADENTON, FL"
,5,"AYDEN (FIREBALL) WATTS, TX SSQUARED, EL PASO, TX"
,6,"JOSEPH SHAW, ROCKET RACING, WOODBRIDGE, VA"
,S,"DEEGAN BROWN, TNT/SUPERCROSS, SAN JOSE, CA"
,S,"MASON (SWEET N SMOKY) BRUNS, ALPHA, W WARWICK, RI"
,,
16 Challenge Boys    Total Riders = 15    Groups = 2,,
,1,"HAYDEN BOYD, BALTIMORE, MD"
,2,"ALEX (FLEX) FERGUSON, FACTORY MANGLER, MUKWONAGO, WI"
,3,"ZACK DRINKARD, VELOCITY BIKE CO, MECHANICSVILLE, VA"
,4,"DALLAS GARDNER, DAYLIGHT CYCLES, RICHMOND, VA"
,S,"CUTTER WILLIAMS, FACTORY RIFT TANGENT, POTOMAC FALLS, VA"
,S,"JOSHUA TRERISE, FULL TILT RADIO, SHERWOOD, OR"
,S,"MIKE (-----) BRYANT, DCA ELITE TEAM, VANCOUVER, WA"
,S,"JOSHUA MCCABE, MITCHELL RACE PLATES, LOUISVILLE, KY"
,,
17-24 Challenge Men    Total Riders = 24    Groups = 4,,
,1,"EZRA (THE RAPTOR) DELEON, PROPHECY BMX, LAKELAND, TN"
,2,"NICHOLAS (SHOWTIME) SCHWARZ, RAZON CONTACTING, LILLINGTON, NC"
,3,"JAKOBE (KOBE BEAR) IRVIN, PREMIER RACING NATIONAL TEAM, DUNCANVILLE, TX"
,S,"JAMES PLUMMER, FULL TILT RADIO, SAINT FRANCIS, MN"
,S,"RAYNE LANKFORD, CORSA RACE GEAR, HOUSTON, TX"
,S,"BRAYDEN (THE BULLET) KEMPEL, ALPHA FACTORY, RAMSEY, MN"
,S,"CAMERON (THE NEW GUY) BRAMER, SUPERCROSS BMX, SOUTH PARK, PA"
,S,"RYAN BRAMER, BLACKCROWN BMX FACTORY, SOUTH PARK, PA"
,,
35 & Over Ch. Men    Total Riders = 13    Groups = 2,,
,1,"STEPHEN OLDHAM, YESS BMX, BRISTOL, CT"
,2,"JONATHAN SCHANEWOLF, WAXHAW, NC"
,3,"ERIC REID, CHAPEL HILL, NC"
,4,"NICHOLAS STODOLSKI, GERMANTOWN, NY"
,5,"LUIS ROJAS, MITCHELL RACING PLATES, QUEEN, NY"
,6,"ROLANDO (ANDY) LIMJOCO, DAMAGE INC NY, PATCHOGUE, NY"
,7,"STEVEN OCONNOR, VELOCITY BIKE CO, ODENVILLE, AL"
,S,"NICK POST, FACTORY FULL TILT RADIO, MINNEOLA, FL"
,,
8 Challenge Girls    Total Riders = 5    Groups = 1,,
,1,"VICTORIA (VICKY G) GARCIA, SSQUARED FLORIDA, MIAMI, FL"
,2,"MALIA (BABY MANGLER) ALVAREZ, FACTORY MANGLER, BLOOMINGTON, IL"
,3,"SAWYER (BLEU CHEETAH) SMITH, SSQUARED NATIONAL TEAM , LONGWOOD, FL"
,4,"ADELYN SCHUMAKER, CARY, NC"
,5,"VIVIANNE (SUPERVIVS) MERRIAM, FACTORY BOMBSHELL, CARBONDALE, CO"
,,
9 Challenge Girls    Total Riders = 6    Groups = 1,,
,1,"JEMMA (LIL JT) TOLLEFSON, FACTORY BOX COMPONENTS, WOODBURY, MN"
,2,"VIDA DE VERA, BFR/BELLFLOWER BICYCLES, LONG BEACH, CA"
,3,"KAYLEE (THE DIVA) LOVINS, SSQUARED NATIONAL TEAM , OKEMAH, OK"
,4,"KENLEY (HONEY BADGER) EIERDAM, TEAM MERICA, LAS VEGAS, NV"
,5,"MAYA (WARRIOR PRINESS) GADBOIS, ALBES PROMAX, SANTA CLARITA, CA"
,6,"ADDYSON (THE ROCKSTAR) ORRISON, PHAT DADDY, MECHANICSVILLE, MD"
,,
10 Challenge Girls    Total Riders = 9    Groups = 2,,
,1,(Not Scored)
,1,"MADISON THOMPSON, REDMAN, MURRIETA, CA"
,2,"KEATYN SCHWARTZ, ELK POINT, SD"
,3,"ISABELLA (SPITFIRE) GEORGE, DAYLIGHT CYCLE CO., DUMFRIES, VA"
,4,"RIVER (LIL SPARKLES) HIRONS, LIBERTY BMX, SPRINGFIELD, MO"
,5,"CASSIDY (THE BOSS) GAYLER, PREMIER RACING, DEL CITY, OK"
,6,"CAMDYN (CRAZY GIRL) COLE, RENO RACING, OKLAHOMA CITY, OK"
,S,"ALEX (THE ANT) PASOWICZ, BLACKCROWN BMX FACTORY, LA VERNE, CA"
,,
11 Challenge Girls    Total Riders = 10    Groups = 2,,
,1,"BOBBI (FASTER) GILMAN, BOX COMP/OPR BIKES, AUSTIN, TX"
,2,"TAYLOR ALMAGUER, LAS CRUCES, NM"
,3,"OLIVE (OLI MAY) DIBERNARDO, FACTORY TRIFECTA RACING, MONONGAHELA, PA"
,4,"DAPHNE DZVONAR, GATEKEEPERS, PORT JEFFERSON STATION, NY"
,S,"JENNA MILLER, REMIX BMX, SAUGERTIES, NY"
,S,"DANICA APPENZELLER, BMX SHARKS, ALBUQUERQUE, NM"
,S,"LILY (DIAMOND LIL) ASHLEY, SEAN CARVAJAL'S LDC, DALLAS, TX"
,S,"VIOLETT KRASEL, KANNAPOLIS, NC"
,,
12 Challenge Girls    Total Riders = 9    Groups = 2,,
,1,(Not Scored)
,1,"KATE CLARRIDGE, RIVAL RACING, MARYSVILLE, OH"
,2,"BELLA WHITE, BLACK WIDOW BMX, ISANTI, MN"
,3,"PEYTON BOYD, BALTIMORE, MD"
,4,"LILY (TIGERLIY) HINTON, SE/RIDECO ELITE, MONUMENT, CO"
,5,"ANNALYSE SOLANO, ALPHA FACTORY, CITRUS HEIGHTS, CA"
,S,"LANDON BURIAN, ALPHA FACTORY, BOZEMAN, MT"
,S,"CHELSEA (THE HAMMER) WILSON, TRUE BMX FACTORY TEAM, ROCK HILL, SC"
,,
13 Challenge Girls    Total Riders = 7    Groups = 1,,
,1,"HANNAH (HANNAH HAVOC) GISH, AIRBORNE BMX, VALPARAISO, IN"
,2,"CHATHAM RICKS, VELOCITY BIKE CO., AYLETT, VA"
,3,"NORA MOLYNEAUX, SUPER DUPER, PITTSBURGH, PA"
,4,"AVERY (THE VOICE) JONES, JRBICYCLES.COM/SPEEDCO/AVIAN, CAPE CORAL, FL"
,5,"JORDYN (CAUTIOUS) HORNE, PROFILE EXTREME, JACKSONVILLE, FL"
,6,"DANIKA ALMAGUER, LAS CRUCES, NM"
,7,"ANGELY (SHUGGIE BEAR) PRADA, POWER FX SPEEDCO, NORTH FORT MYERS, FL"
,,
14 Challenge Girls    Total Riders = 8    Groups = 1,,
,1,"BROOKE STEVENS, NEENAH, WI"
,2,"LOTUS STOTLER, VELOCITY BIKE CO, BUNKER HILL, WV"
,3,"KAMRYN SWAN, REGGIE'S BIKE SHOP, TOLEDO, OH"
,4,"ALEXIS (AA) ALDEN, JRBICYCLES.COM/SPEEDCO/AVIAN, PEACHTREE CITY, GA"
,5,"RILEY (MAD RABBIT) JORDAN, PROFILE EXTREME, ORANGE PARK, FL"
,6,"PIPPA (THE PREDATOR) SWEET, KINGSTON, NY"
,7,"SAMANTHA WILLIAMSON, SSQUARED GA, GROVETOWN, GA"
,8,"CHARLOTTE JOHNSON, MAD CYCLES, FORT MILL, SC"
,,
15 Challenge Girls    Total Riders = 6    Groups = 1,,
,1,"ASHLEY MCLENNAN, BLACK WIDOW BMX, SAINT MICHAEL, MN"
,2,"ISABELLA NELSON, SUFFIELD, CT"
,3,"OLIVE (EVIL O!) HINTON, SE/RIDECO ELITE, MONUMENT, CO"
,4,"MCKENZIE (LULU) FUCHS, THRODOWN, RIVERVIEW, FL"
,5,"KAITLYN LEV, MITCHELL RACING PLATES, CUYAHOGA FALLS, OH"
,6,"KENNEDE HOFFMAN, TUCSON BMX, VAIL, AZ"
,,
17-24 Ch. Women    Total Riders = 14    Groups = 2,,
,1,"SAMANTHA (SUPERBMXR) SPERRAZZA, JEFFREY SPERRAZZA, NEW FAIRFIELD, CT"
,2,"KYLIE SMITH, GORDY'S BICYCLES, PHOENIX, AZ"
,3,"KYLIE MARTIN, FASTHOUSE, REDLANDS, CA"
,4,"KATIE PIOTTI, DAYLIGHT CYCLES, WILMINGTON, DE"
,S,"MANUELA (LA MAQUINA) ROLDAN, BAY AREA BMXERS, GREENACRES, FL"
,S,"MCKENZIE GAYHEART, FULL TILT RADIO, FORT WHITE, FL"
,S,"ALEXANDRA (BLONDE BOMB) HILL, ALPHA FACTORY, SAUK RAPIDS, MN"
,S,"KAYLYN (AWESOMESAUCE) MILLER, RIVAL RACING, UNION, KY"
,,
12 & Under Ch. B. Cr.    Total Riders = 14    Groups = 2,,
,1,"MAX (MAD MAX) MEINEL, TNT NATIONAL, MONROE, CT"
,2,"JACOB LANGE, TRIP9 RACING, FRIENDSHIP, WI"
,3,"ELI (JUMPING ELI JONES) JONES, A&E RACING, SIDNEY, OH"
,4,"BOBBY VRETTOS, CHIP N DALE BIKE SHOP, JOBSTOWN, NJ"
,5,"GRAFTON (G-MAN) MERRIAM, FACTORY BOMBSHELL, CARBONDALE, CO"
,6,"RYKER GARDNER, JET RACING, ELY, NV"
,7,"MARSHALL (THE KID) WARNER, TIME2SHINE, SMITHSBURG, MD"
,S,"ROWDY HOLZER, PROFILE, NEWCASTLE, CA"
,,
13-14 Ch. Boys Cruiser    Total Riders = 21    Groups = 4,,
,1,"KALEB MCCAIN, FACTORY ANSWER, CLIFTON, CO"
,2,"PHILIP (PJ) RAMSEY, BLACK CROWN BIKE SHOP, PASADENA, MD"
,3,"JAYDEN MITCHELL, WEST COAST RACING, LAND O LAKES, FL"
,4,"COHEN BUNDY, ALPHA FACTORY, FT COLLINS, CO"
,S,"CLAY (THE CHEFF) SHEFFIELD, DAYLIGHT CYCLES, LAKE CLARKE SHORES, FL"
,S,"BRADY (SCOOBY SNACKS) ONEIL, DAYLIGHT CYCLES, HENDERSON, NV"
,S,"ISAAC LARSON, HYPER, SOUTH JORDAN, UT"
,S,"RYDER SANTOS, FACTORY RIFT TANGENT, LINCOLN, CA"
,,
15-16 Ch. Boys Cruiser    Total Riders = 11    Groups = 2,,
,1,"DEEGAN BROWN, TNT/SUPERCROSS, SAN JOSE, CA"
,2,"AYDEN (FIREBALL) WATTS, TX SSQUARED, EL PASO, TX"
,3,"JOSHUA MCCABE, MITCHELL RACE PLATES, LOUISVILLE, KY"
,4,"DALLAS GARDNER, DAYLIGHT CYCLES, RICHMOND, VA"
,5,"ALEX (FLEX) FERGUSON, FACTORY MANGLER, MUKWONAGO, WI"
,6,"ZACK DRINKARD, VELOCITY BIKE CO, MECHANICSVILLE, VA"
,S,"RICKY CARTER, 21 PRODUCTIONS/ ROBBY'S, MANTECA, CA"
,S,"SEAN NICOSIA, FACTORY BOMBSHELL, HUNTERSVILLE, NC"
,,
17-24 Ch. Men Cruiser    Total Riders = 9    Groups = 2,,
,1,(Not Scored)
,1,"YAVANT (CAN’T FOLD) HAUSLER, STAATS FACTORY/FLYZONE, ELGIN, IL"
,2,"NICHOLAS (SHOWTIME) SCHWARZ, RAZON CONTACTING, LILLINGTON, NC"
,3,"MICHAEL AMARIS, VELOCITY BIKE CO, MASTIC BCH, NY"
,4,"BENECIO (THE JET) SERENI, #TNT/SUPERCROSS, NEWARK, CA"
,5,"FOSTER HENDERSON, CLAYBORN/ANSWER, BIRMINGHAM, AL"
,S,"CAMERON (THE NEW GUY) BRAMER, SUPERCROSS BMX, SOUTH PARK, PA"
,S,"RYAN BRAMER, BLACKCROWN BMX FACTORY, SOUTH PARK, PA"
,,
30-34 Ch. Men Cruiser    Total Riders = 7    Groups = 1,,
,1,"STEPHEN OLDHAM, YESS BMX, BRISTOL, CT"
,2,"EMMANUEL PAULINO, NEW YORK, NY"
,3,"ROBERT (RJ) VARGO, NOR CAL NEXT GENERATION, EXETER, PA"
,4,"LUIS ROJAS, MITCHELL RACING PLATES, QUEEN, NY"
,5,"OLIVER NEWMAN, MARTINEZ, GA"
,6,"RICKY GREENE, LOTHIAN, MD"
,7,"JASON WAGNER, FACTORY PROPHECY, MISHAWAKA, IN"
,,
40-44 Ch. Men Cruiser    Total Riders = 6    Groups = 1,,
,1,"ROBERT TAYLOR, PREMIER RACING NATIONAL TEAM, BAYTOWN, TX"
,2,"MATT MOBERLY, M&M RACING PRODUCTS, PALMETTO, FL"
,3,"WAYNE (BIG WAYNE) HARDMAN, JRBICYCLES.COM/SPEEDCO/AVIAN, NORTH FORT MYERS, FL"
,4,"COREY MITCHELL, BAY AREA BMXERS, GARDENA, CA"
,5,"NESTOR BAQUERO, GERMANTOWN, MD"
,6,"GARY KESTER, MAD DAWG BMXERS, FRENCH CAMP, CA"
,,
45-49 Ch. Men Cruiser    Total Riders = 8    Groups = 1,,
,1,"KLAUS MUELLER, WATERFORD, WI"
,2,"ANTONIO (TONY) BELLAVISTA, MITCHELL RACING, NORTH BERGEN, NJ"
,3,"MARTIN PARADA, LOCAL LEGENDS, HOPE MILLS, NC"
,4,"CORY SKINNER, HUDSON, OH"
,5,"ERIC REID, CHAPEL HILL, NC"
,6,"LEWIS SMITH, LONGWOOD, FL"
,7,"EARL (THE DUKE) ROGERS, VOODOO RIDE, MATTESON, IL"
,8,"ERIC WATTS, EL PASO, TX"
,,
50 & Over Ch. Men Cr.    Total Riders = 14    Groups = 2,,
,1,"JONATHAN (JDUBSSTAYTRUE) IRVIN, PREMIER RACING NATIONAL TEAM, DUNCANVILLE, TX"
,2,"STAN HORTON, SANTEE, CA"
,3,"SCOTT (OLD SKOOL) SLOAN, INDEPENDENT ALL STAR, COPPELL, TX"
,4,"JACOB KINNARD, POWER FX SPEEDCO, LEESBURG, FL"
,5,"DENNY CASE, LAKE WILEY, SC"
,S,"JIM BRAMER, BLACKCROWN BMX FACTORY, SOUTH PARK, PA"
,S,"MICHAEL ROMERO, BAY AREA BMXER, MARTINEZ, CA"
,S,"JOHN PRINGLE, PROFILE, ARCHER, FL"
,,
12 & Under Ch. G. Cr.    Total Riders = 9    Groups = 2,,
,1,(Not Scored)
,1,"CHELSEA (THE HAMMER) WILSON, TRUE BMX FACTORY TEAM, ROCK HILL, SC"
,2,"OLIVE (OLI MAY) DIBERNARDO, FACTORY TRIFECTA RACING, MONONGAHELA, PA"
,3,"HALEY (THE HARE) CANIDA, FAITH RACE USA, RIVERVIEW, FL"
,S,"LANDON BURIAN, ALPHA FACTORY, BOZEMAN, MT"
,S,"ANNALYSE SOLANO, ALPHA FACTORY, CITRUS HEIGHTS, CA"
,S,"DANICA APPENZELLER, BMX SHARKS, ALBUQUERQUE, NM"
,S,"VIOLETT KRASEL, KANNAPOLIS, NC"
,,
13-16 Ch. Girl Cr.    Total Riders = 7    Groups = 1,,
,1,"ISABELLA NELSON, SUFFIELD, CT"
,2,"OLIVE (EVIL O!) HINTON, SE/RIDECO ELITE, MONUMENT, CO"
,3,"ALEXIS (AA) ALDEN, JRBICYCLES.COM/SPEEDCO/AVIAN, PEACHTREE CITY, GA"
,4,"CHATHAM RICKS, VELOCITY BIKE CO., AYLETT, VA"
,5,"LOTUS STOTLER, VELOCITY BIKE CO, BUNKER HILL, WV"
,6,"SAMANTHA WILLIAMSON, SSQUARED GA, GROVETOWN, GA"
,7,"TONI AIASSA, MAD DAWG BMXERS, FRENCH CAMP, CA"
,,
30-39 Ch. Women Cr.    Total Riders = 7    Groups = 1,,
,1,"JULIET CATANZARO, MILLER PLACE, NY"
,2,"CHRISTINA (TERMINATOR) GAYLER, PREMIER RACING NATIONAL TEAM, DEL CITY, OK"
,3,"KATELIN QUICK, PAK, UNIONTOWN, OH"
,4,"KATIE PIOTTI, DAYLIGHT CYCLES, WILMINGTON, DE"
,5,"ASHLEIGH NYBORG, TEAM HECKLER, FUQUAY VARINA, NC"
,6,"AMANDA (F BOMB) WARNER, TIME2SHINE, SMITHSBURG, MD"
,7,"SARAH STRAYER, CHARLOTTE BOMBSHELL, PUNTA GORDA, FL"
,,
40 & Over Ch. W. Cr.    Total Riders = 7    Groups = 1,,
,1,"REBEKAH THREATT, ALPHA FACTORY, SAN MARTIN, CA"
,2,"DAWN JABOUR, SSQUARED NATIONAL TEAM , AUSTIN, TX"
,3,"MICHELLE SENGER, FACTORY ANSWER, WESTFIELD, IN"
,4,"SUZANNE BLACK, ALPHA NATIONAL TEAM, CHANDLER, AZ"
,5,"VANESSA MCMILLEN, MITCHELL RACING PLATES, STOW, OH"
,6,"KELLY AMARIS, VELOCITY BIKE CO, MASTIC BEACH, NY"
,7,"ELIZABETH JONES, LARGO, FL"
,,
10 & Under Girls Cruiser    Total Riders = 10    Groups = 2,,
,1,"KEATYN SCHWARTZ, ELK POINT, SD"
,2,"KAYLEE WOODBURN, SSQUARED MARYLAND, HOLLYWOOD, MD"
,3,"KENDALL FINLEY, COLOSSAL CYCLING, FORT MILL, SC"
,4,"RAYLEE SNIPES, TRUE BMX, LANCASTER, SC"
,5,"OLIVE (OLI MAY) DIBERNARDO, FACTORY TRIFECTA RACING, MONONGAHELA, PA"
,6,"KEILANI (KRAZY KAT) GRAY, WIKID RACING, TALLMADGE, OH"
,7,"RIVER (LIL SPARKLES) HIRONS, LIBERTY BMX, SPRINGFIELD, MO"
,8,"ALTHEA MANVILLE, HORSEHEADS BMX PRO SHOP, OWEGO, NY"
,,
11-12 Girls Cruiser    Total Riders = 4    Groups = 1,,
,1,"BLAKE SCHROYER, SPOKE LIFE CYCLES / TRD, SYLVANIA, OH"
,2,"TAYLOR ALMAGUER, LAS CRUCES, NM"
,3,"HALEY (THE HARE) CANIDA, FAITH RACE USA, RIVERVIEW, FL"
,,
13-14 Girls Cruiser    Total Riders = 5    Groups = 1,,
,1,"SAMANTHA WILLIAMSON, SSQUARED GA, GROVETOWN, GA"
,2,"RILEY PENNUCCI, ALBES, BLAIRSTOWN, NJ"
,3,"DREYANN FOSTER, TRUE BMX, REIDSVILLE, NC"
,4,"GRACE LINFIELD, TEAM DARKHORSE, TOLEDO, OH"
,,
15-16 Girls Cruiser    Total Riders = 4    Groups = 1,,
,1,"LIBERTY (LADY) DALTON, BOX 1 USA BMX FOUNDATION, PHELAN, CA"
,2,"MARISSA (MOVIE STAR) LYMAN, FULL CIRCLE BIKE SHOP, EAST GRANBY, CT"
,3,"ALLIYA ROSS, FACTORY MANGLER, ROCKFORD, IL"
,,
17-20 Women Cruiser    Total Riders = 4    Groups = 1,,
,1,"HAYLEE (DOWNTOWN BROWN) BROWN, LITHIUM RACING, NEWPORT NEWS, VA"
,2,"NICOLE WOODBURN, SSQUARED MARYLAND, HOLLYWOOD, MD"
,3,"MARIANNA CARLSON, TEAM HECKLER, RALEIGH, NC"
,,
36-40 Women Cruiser    Total Riders = 7    Groups = 1,,
,1,"ASHLEIGH NYBORG, TEAM HECKLER, FUQUAY VARINA, NC"
,2,"SARAH (SPARKY) CUGLER, POSITIVE IMPACT RACING, BALTIMORE, MD"
,3,"SARAH STRAYER, CHARLOTTE BOMBSHELL, PUNTA GORDA, FL"
,4,"TARA MURPHY, SEVERNA PARK, MD"
,5,"VALERIE CALABRESE, RIDE LIKE A GIRL, PASADENA, MD"
,6,"DANIELLE LINFIELD, TOLEDO, OH"
,,
41-45 Women Cruiser    Total Riders = 3    Groups = 1,,
,1,"MICHELLE MORRIS, TOLEDO, OH"
,2,"KRISTY BOCHNIAK, COLOSSAL CYCLING, FORT MILL, SC"
,3,"TARA THOMAS, TEAM HECKLER, KERNERSVILLE, NC"
,,
46-50 Women Cruiser    Total Riders = 6    Groups = 1,,
,1,"SONIA BADANIK, FACTORY BOMBSHELL, INDIAN TRAIL, NC"
,2,"RENEE (MOMMY NINJA) ALBRIGHT, SEVERN, MD"
,3,"NATASHA (WONDER WOMAN) MOORE, TEAM HECKLER, WILMINGTON, NC"
,4,"JENNY GEBHARDT, FULTON, MD"
,5,"LISA (SMILEY) KASPER, MIDWEST MILITIA, ROCKFORD, IL"
,,
51-55 Women Cruiser    Total Riders = 3    Groups = 1,,
,1,"MARJORIE (MAMA MARGE) KAMINSKI, CRANKOUT, EDEN, NY"
,2,"GLORIA SHERIN, INDIAN TRAIL, NC"
,3,"KAREN YOUNG, RIDE LIKE A GIRL, PORT RICHEY, FL"
,,
7 & Under Cruiser    Total Riders = 16    Groups = 3,,
,1,"CARSON  BURKHOLDER, CHIP N DALE NAT TEAM, NORWICH, NY"
,2,"GAVIN (THE OUTLAW) TONN, WIKID RACING, ORIENT, OH"
,3,"SAMUEL SCHWARTZ, ELK POINT, SD"
,4,"COREY (GO GO COREY) VAUGHAN, GATE NINE, PORT CHARLOTTE, FL"
,5,"LIAM (TURTLE) CANIDA, FAITH RACE USA, RIVERVIEW, FL"
,6,"ZALEN (WILDMAN) HARMON, SPROCKET KINGZ NATIONAL FACTORY, LEBANON, OH"
,7,"LOGAN MONTERO, MATCO TOOLS, M&M RACING, ZEPHYRHILLS, FL"
,8,"TOMMY (THE TOMAHAWK) BELCHER, WIKID RACING, ETNA, OH"
,,
8 Cruiser    Total Riders = 18    Groups = 3,,
,1,"DAMON (PORKY) FISHER, HENDERSON, NV"
,2,"GRAFTON (G-MAN) MERRIAM, FACTORY BOMBSHELL, CARBONDALE, CO"
,3,"ELI (ROWDY) DOWDY, GET-A-GRIP, STAFFORD, VA"
,4,"DAVID (THE DESTROYER) CRICHTON, FRYE HIGH PERFORMANCE, WESTFIELD, MA"
,5,"LUKE HILL, FILIPOFF FAMILY RACING, PORTAGE, IN"
,6,"CALEB MOLYNEAUX, SUPER DUPER, PITTSBURGH, PA"
,7,"DEVIN (NEED 4 SPEED) WILLIAMS, ROCKET RACING, RICHMOND, VA"
,8,"KAI (THE HURRICANE) GRAY, WIKID RACING, TALLMADGE, OH"
,,
9 Cruiser    Total Riders = 5    Groups = 1,,
,1,"TYLER (T-BONE) MARHAFER, LYPHE RACING, SCHENECTADY, NY"
,2,"AIDEN CONTI, GET A GRIP, STAFFORD, VA"
,3,"WYATT QUICK, PAK BMX, AKRON, OH"
,4,"JACKSON MANNS, BLACKCROWN BIKE SHOP, IRWIN, PA"
,,
10 Cruiser    Total Riders = 10    Groups = 2,,
,1,"DECLAN (DIESEL) SIMS, TRIFECTA FACTORY RACING, TRAFFORD, PA"
,2,"TY (TURBO TY) RAWLINGS, ALPHA NATIONAL TEAM, ALLISON PARK, PA"
,3,"ROAN (RJ) WILEY, NATIONAL WILD BMX, ROCKFORD, MI"
,4,"BENJAMIN MORTENSEN, DAYTON, OH"
,5,"MICHAEL (CUPCAKE) SEABROOK, CHAOS SQUAD, DACULA, GA"
,6,"COOPER (BLUEBERRY) DAWSON, TIME2SHINE, WOODBRIDGE, VA"
,7,"CADEN IKERD, WRENCHMAN RACING, RALEIGH, NC"
,8,"TYLER (MOHAWK MACHINE) MARTIN, NOXCUSES / SSQUARED, MONONGAHELA, PA"
,,
11 Cruiser    Total Riders = 10    Groups = 2,,
,1,"ISAAC GIRALDO, MEDELLIN"
,2,"SHANE MAGHAN, CHIP-N-DALE, FARMINGDALE, NJ"
,3,"MICAH OWENS, IN THE ZONE BIKE SHOP, CHARLOTTE, NC"
,4,"ELI (JUMPING ELI JONES) JONES, A&E RACING, SIDNEY, OH"
,5,"LUKE (TURBO) SHELNUT, GEORGIA BLACK CROWN, DALLAS, GA"
,6,"BOBBY VRETTOS, CHIP N DALE BIKE SHOP, JOBSTOWN, NJ"
,7,"DEEGAN FRAZIER, ON 2 WHEELS, TOPEKA, KS"
,8,"BRADY (SCORPION) SCHULTE, HAPS M&M BMX RACING, BRADENTON, FL"
,,
12 Cruiser    Total Riders = 5    Groups = 1,,
,1,"NICOLAS (NOI) SALAMANCA, FORCE, LAKE WORTH, FL"
,2,"JUSTIN (TURBO BOOSTER) FUSTER, FACTORY BOMBSHELL, CHESTER, VA"
,3,"GABRIEL (THE HARPOON) HARTHUN, TIME2SHINE, HOOVER, AL"
,4,"AUSTIN (SMOKE BOMB) MARLOWE, POWERFX SPEEDCO, CAPE CORAL, FL"
,,
13 Cruiser    Total Riders = 4    Groups = 1,,
,1,"JOHN DELVECCHIO, FACTORY RACER CONCEPTS, WEST MILFORD, NJ"
,2,"JUSTIN (JUICE) AVILA, NOMADS BMX, WAKE FOREST, NC"
,3,"BRAIDEN ZENTZ, CRANKOUT, MAYVILLE, NY"
,,
14 Cruiser    Total Riders = 13    Groups = 2,,
,1,"ROMELL SANTILLAN, GYA"
,2,"DEYTON MENTZER, ON 2 WHEELS, TOPEKA, KS"
,3,"COLE KOPCZYK, NONE, ELGIN, IL"
,4,"JONAH (THE UNDERTAKER) GRAVES, FULL CIRCLE BIKE SHOP, WORTHINGTON, MA"
,5,"CADE MCCONNELL, BRENTWOOD, TN"
,6,"MATTHEW BREWER, DAYLIGHT CYCLES, EAGLEVILLE, TN"
,7,"ABEL ZIMMERMAN, CORNELIUS, NC"
,8,"BRENDAN FELSER, CRANKOUT BMX, EDEN, NY"
,,
15 Cruiser    Total Riders = 9    Groups = 2,,
,1,"SAMUEL GALLEGO, MEDELLIN"
,2,"DYLAN MAGHAN, CHIP-N-DALE, FARMINGDALE, NJ"
,3,"DOMINIC BISCHOFF, POWERS BIKE SHOP, MECHANICSVILLE, VA"
,4,"ZANNI VRETTOS, CHIP N DALE BIKE SHOP, JOBSTOWN, NJ"
,5,"ADEN MCVICKER, YESS, WOODSTOCK, GA"
,6,"BENJAMIN STUART, BUNKER HILL, WV"
,7,"PETER CUTRONA, CHIP-N-DALE BIKE SHOP, HOWELL, NJ"
,8,"TIMOTHY HAUSE, FACTORY RACER CONCEPTS, COLLINGSWOOD, NJ"
,,
16 Cruiser    Total Riders = 7    Groups = 1,,
,1,"JHON ALZATE, GUTSY RACING, BOGOTA"
,2,"OTTO GETZLOFF, FATE, WISCONSIN RAPIDS, WI"
,3,"PIERSON (MURRDOG) MURRAY, POWER FX SPEEDCO, CAPE CORAL, FL"
,4,"KENNETH (BEACHCRUISER) CONNER, BMX SHARKS, HESPERIA, CA"
,5,"GAVED FOSTER, DEEP DIRT RIDING GEAR, REIDSVILLE, NC"
,6,"FOSTER HENDERSON, CLAYBORN/ANSWER, BIRMINGHAM, AL"
,,
17-20 Cruiser    Total Riders = 3    Groups = 1,,
,1,"JOHN PAUL STEVENS, FACTORY TRIFECTA RACING, CARNEGIE, PA"
,2,"ANTHONY (PISTOL) HULSE, PONK RACING, TACOMA, WA"
,3,"JUAN (POTRO) GOMEZ, MITCHELL RACING PLATES, QUEENS, NY"
,,
26-30 Cruiser    Total Riders = 4    Groups = 1,,
,1,"TYLER SHUTTS, PREMIER RACING NATIONAL TEAM, KATY, TX"
,2,"KYLE (WOODY) WOOD, PAK RACING, YOUNGSTOWN, OH"
,3,"ROBERT (BOBBY) MILLER, PHAT DADDY, MECHANICSVILLE, MD"
,,
36-40 Cruiser    Total Riders = 4    Groups = 1,,
,1,"CHRIS SUNDSTROM, SAINT AUGUSTINE, FL"
,2,"FORREST (ROOSTER) BARLEY, FACTROY SKILLZ, GREENBRIER, TN"
,3,"CHRIS GUAY, GATENINE, NEW BERLIN, WI"
,,
41-45 Cruiser    Total Riders = 3    Groups = 1,,
,1,"BRIAN SCHROYER, SPOKE LIFE CYCLES / TRD, SYLVANIA, OH"
,2,"RAPHAEL QUINTERO, CLAIRTON, PA"
,3,"GARY KESTER, MAD DAWG BMXERS, FRENCH CAMP, CA"
,,
46-50 Cruiser    Total Riders = 5    Groups = 1,,
,1,"ANTONIO (TONY) BELLAVISTA, MITCHELL RACING, NORTH BERGEN, NJ"
,2,"FRED YANKE, ELKHORN, WI"
,3,"DENNY CASE, LAKE WILEY, SC"
,4,"JACOB MAXWELL, DV8, WATERFORD, MI"
,,
51-55 Cruiser    Total Riders = 4    Groups = 1,,
,1,"JERRY MCKAN, TNT WEST VIRGINIA, BECKLEY, WV"
,2,"CHRIS EDWARDS, ALPHA DEVO, OWEGO, NY"
,3,"ADRIAN BURLEY, MADDOG/ZERONINE, PALO ALTO, CA"
,,
56-60 Cruiser    Total Riders = 3    Groups = 1,,
,1,"MAURICIO RAMIREZ, PLANTATION, FL"
,2,"JACOB KINNARD, POWER FX SPEEDCO, LEESBURG, FL"
,3,"TOM (TIDEWATER TOM) PETREHN II, TIDEWATER SECURITY BMX, VIRGINIA BEACH, VA"
,,
5 & Under Novice    Total Riders = 32    Groups = 6,,
,1,"ALESSIO IMPROTA, ALPHA, PATCHOGUE, NY"
,2,"JAYSON  (JET) BROWN, HAVOK BMX RACING, OCALA, FL"
,3,"CROSS (NINJA CROSS) EVANS, FAITH RACE USA, MEMPHIS, TN"
,4,"DIEGO (DIEGUITO) CHARVET, HOUSTON, TX"
,5,"KARSON (BEAST MODE) WHITE, LANDSTAR, BOX, FLY, BLANCHARD, OK"
,6,"ONYX (THE GREAT) ALLEN, BOMBSHELL, TEMECULA, CA"
,7,"SHANE SULTZER, TARENTUM, PA"
,8,"ZOEY SNYDER, DUMFRIES, VA"
,,
6 Novice    Total Riders = 12    Groups = 2,,
,1,"LUCAS ROLAND, KERNERSVILLE, NC"
,2,"EVELYN NEARPASS, FORT MILL, SC"
,3,"ARRIO (SPEEDWAGON) BENCOMO, BONITA SPRINGS, FL"
,4,"SPENCER ALLEN, POSITIVE IMPACT RACING, SEVERNA PARK, MD"
,5,"COLDEN LEE, CHAOS SQUAD, MCDONOUGH, GA"
,6,"JAMESON ROBERTS, NOMADS BMX, YOUNGSVILLE, NC"
,7,"THOMAS PEREZ, SARASOTA, FL"
,8,"AUSTIN MCINTEE, NORTHPORT, NY"
,,
7 Novice    Total Riders = 14    Groups = 2,,
,1,"PARKER GODFREY, FORT MILL, SC"
,2,"BECKLEY (BOMBSHELL) COLLARD, WIKID RACING, BRECKSVILLE, OH"
,3,"HUNTER ALBERTS, DFR POWERLITE BMX, JUSTICE, IL"
,4,"AUSTIN (AJ) EICH, MIKE'S BIKE PARK, RAYMOND, OH"
,5,"BRYCE (BIG DOG) CARSON, ZERO MOTO, DARDENNE PRAIRIE, MO"
,6,"CASON NICHOLS, HOOVER, AL"
,7,"HOLDEN PERRY, CHARLESTON, SC"
,8,"JAMESON  (SMOKE) BROWN, HAVOK BMX RACING, OCALA, FL"
,,
8 Novice    Total Riders = 14    Groups = 2,,
,1,"EMMETT SPALDING, FORT MYERS, FL"
,2,"TREXLER DECKELMAN, FORT MILL, SC"
,3,"LOGAN SANTONASTASO, TRIFECTA RACING, PISCATAWAY, NJ"
,4,"GARRETT SUTTON, GRAHAM, NC"
,5,"MIGUEL ANGEL GONZALEZ DIAZ, BOGOTA"
,6,"LUCAS SHANDERS, FORT MILL, SC"
,7,"MAXWELL (MAXWELL) CLAYPOOL, FORT MYERS, FL"
,8,"BRYSON TIETJEN, RIPON, WI"
,,
9 Novice    Total Riders = 14    Groups = 2,,
,1,"KAMDEN ROBERTS, NOMADS BMX, YOUNGSVILLE, NC"
,2,"JACKSON LEGGETT, LOUISBURG, NC"
,3,"CAYDEN RUMBURG, HAMPTON, VA"
,4,"ADDISON CALLOW, ZUNI, VA"
,5,"HUNTER EVANS, TIME2SHINE, CHESTER, VA"
,6,"REED ELLIS, WAVERLY, VA"
,7,"OWEN CHAPMAN, TRAVERSE CITY, MI"
,8,"BRYN (BRYN”ZILLA”) KRAEMER, SAINT CLOUD, MN"
,,
10 Novice    Total Riders = 11    Groups = 2,,
,1,"LOGAN GRIFFITH, MONROE, NC"
,2,"CAMERON JONES, TERMINAL BMX, SENOIA, GA"
,3,"MATTHEW NEMETH, LAKEWOOD RANCH, FL"
,4,"IEYDEN DEMIRYAPAR, TIPP CITY, OH"
,5,"LEO (NINJA) WORKMAN, PESTOUT, HAMPTON, VA"
,6,"ASA NANCE, ASHEBORO, NC"
,7,"SAVANNAH MILLER, CHIP-N-DALE, MARLTON, NJ"
,8,"LUKE (THE DUKE) ROMERO, CHAOS SQUAD, HAOS CYCLE, CONYERS, GA"
,,
11 Novice    Total Riders = 10    Groups = 2,,
,1,"MASON JOHN, FORT MILL, SC"
,2,"BRENT NICHOLS, HOOVER, AL"
,3,"BRENNAN  JOHNSTON, HAMPTON, GA"
,4,"SALEEM MASON, GAMBRILLS, MD"
,5,"FRED (QUICKS) QUICK, BOMBSHELL, CEDAR HILL, MO"
,6,"LUCAS DECKELMAN, FORT MILL, SC"
,7,"ARDEN BARTHOLOW, COLOSSAL, FORT MILL, SC"
,8,"KIMBERLEE HILL, YESS BMX, TEMPERANCE, MI"
,,
12 Novice    Total Riders = 14    Groups = 2,,
,1,"HUNTER HENSLEY, LINCOLNTON, NC"
,2,"BRODEN MITCHESON, FORT MILL, SC"
,3,"CJ RUMBURG, HAMPTON, VA"
,4,"NICHOLAS VAN WIEREN, FORT MILL, SC"
,5,"JONAH COX, ALL LEGIT RACING, PASADENA, MD"
,6,"WILLOW HILL, FILIPOFF FAMILY RACING, PORTAGE, IN"
,7,"ROMAN (LIL MONKEY) WISEMAN, NEW PORT RICHEY, FL"
,8,"BENJAMIN CONELIUS, SHELTON, CT"
,,
13 Novice    Total Riders = 8    Groups = 1,,
,1,"CHARLOTTE JOHNSON, MAD CYCLES, FORT MILL, SC"
,2,"ABIGAIL 'GET IT GIRL' MATHIS, CHAOS SQUAD, WOODBRIDGE, VA"
,3,"ANTHONY FRYE, MICHIGAN CITY, IN"
,4,"HAILEY (THE HAILSTORM) BUEHRER, WIKID RACING, HEBRON, OH"
,5,"JAKOB PHILLIPS, IRON CITY BIKES BMX, PITTSBURGH, PA"
,6,"RYAN MURPHY, A&E RACING, TIPP CITY, OH"
,7,"ALEXIS SHANER, APOLLO, PA"
,,
14 Novice    Total Riders = 13    Groups = 2,,
,1,"GRAESON  LEDBETTER , WAXHAW, NC"
,2,"TONY LETT, INDIANAPOLIS, IN"
,3,"AIDAN TOMLINSON , SHELTON, CT"
,4,"ALLISON JEANETTE, GREENWOOD, IN"
,5,"JOSIE GEORGE, SPROCKET KINGZ NATIONAL BIKE SHOP, MOORESVILLE, IN"
,6,"KELVIN FRYE, BIKEZONE OF CAPECOD, BUZZARDS BAY, MA"
,7,"BARRETT MCDOUGALD, TIDEWATER SECURITY, VIRGINIA BEACH, VA"
,8,"EMILY FLERLAGE, ROLL OUT RACING, LEONARDTOWN, MD"
,,
15 Novice    Total Riders = 7    Groups = 1,,
,1,"OLIVER LEE, HIGH POINT, NC"
,2,"CASEY  MULLIS, TRUE BMX, STANLEY, NC"
,3,"ALEXANDRIA DEVLIN-GARCIA, YESS BMX, HUNTERSVILLE, NC"
,4,"LIBERTY EMERSON, TRUE BMX PRO SHOP, LANCASTER, SC"
,5,"WALKER JENNINGS, UNDERDOG RACING, LOUISVILLE, KY"
,6,"EMMA MULDOWNEY, MAYHEM/BOX, BEDFORD, TX"
,,
17-20 Novice    Total Riders = 6    Groups = 1,,
,1,"LANDEN CARON, BENNINGTON, VT"
,2,"RICHARD AYERS, HAMPTON, VA"
,3,"ALLIYA ROSS, FACTORY MANGLER, ROCKFORD, IL"
,4,"JOHN NOE, INMAN, SC"
,5,"ASHLEY ROLLICK, GET-A-GRIP, MANASSAS, VA"
,,
26-35 Novice    Total Riders = 8    Groups = 1,,
,1,"SCOTT GETZLOFF, FATE, WISCONSIN RAPIDS, WI"
,2,"TREY WALDROP, MONKS CORNER, SC"
,3,"JOSEPH AYERS, HAMPTON, VA"
,4,"JEREMY PEASE, RENSSELAER, NY"
,5,"BILLY MOBLEY, SPROCKET KINGZ NATIONAL BIKE SHOP, COLUMBUS, IN"
,6,"JONATHON SMITH, OSGOOD, IN"
,7,"CHRISTIAN CASTRO, MALDEN, MA"
,,
36-40 Novice    Total Riders = 8    Groups = 1,,
,1,"JOSEPH HARRIMAN, SUMMERVILLE, SC"
,2,"CHRIS (THE RHINO) HARDY, SPROCKET ROCKETS, POWDER SPRINGS, GA"
,3,"STANLEY CROWE, BIKEZONE OF CAPECOD, BUZZARDS BAY, MA"
,4,"BRANDON HENSLEY, FUEL CLOTHING. ONEAL, LINCOLNTON, NC"
,5,"RYAN (MIGHTY MOUSE) HILL, YESS BMX, TEMPERANCE, MI"
,6,"SEAN MURPHY, SEVERNA PARK, MD"
,7,"DANE (ROADY) HALLBERG, SPROCKET ROCKETS, POWDER SPRINGS, GA"
,,
41-45 Novice    Total Riders = 13    Groups = 2,,
,1,"JOE SIEBOLDT, PLANTATION, FL"
,2,"STEVE EICH, MIKE'S BIKE PARK, RAYMOND, OH"
,3,"FRED DECKELMAN, FORT MILL, SC"
,4,"SETH BLOCK, MOORESVILLE, NC"
,5,"ANDREW OPHOVEN, GATENINE, GRAFTON, WI"
,6,"JON HOLLENBECK, SPROCKET KINGZ NATIONAL BIKE SHOP, COLUMBUS, IN"
,7,"CHARLES MEYER, LITHIUM RACING, HAMPTON, VA"
,8,"NATHAN MORLEY, GOSHEN, IN"
,,
46-50 Novice    Total Riders = 8    Groups = 1,,
,1,"JOSEPH (JOBAL) BALSAVAGE, SHAMONG, NJ"
,2,"SCOTT HEVNER, LAUREL, DE"
,3,"RICHARD (BIG CHILI) PEEK, ELITE RACING TEAM, VESTAVIA, AL"
,4,"BRIAN JENNINGS, CHARLESTON, SC"
,5,"ROBERT PAVSNER, SPROCKET ROCKETS, WOODSTOCK, GA"
,6,"ROBERT GRAY, MAYHEM/ONEAL/MONGOOSE, FRUITPORT, MI"
,7,"ROSS KARLEN, JANESVILLE, WI"
,,
51 & Over Novice    Total Riders = 5    Groups = 1,,
,1,"SCOTT GREEN, SLATINGTON, PA"
,2,"TOM (TEX) HARVEY, ELON BIKE SHOP, ELON, NC"
,3,"JAMES (EL LOCO) TRIPP, RALEIGH, NC"
,4,"DAVE TUMOLO, SUNBURY, PA"
,,
5 & Under Intermediate    Total Riders = 13    Groups = 2,,
,1,"AYDEN NUNEZ, SARASOTA, FL"
,2,"HUTCH (HUTCH) GRIFFITH, PINEVILLE, NC"
,3,"PARKER (PHOTO FINISH) CARLSON, TEAM HECKLER, RALEIGH, NC"
,4,"ACE POTTER, HAPPY FACE RACING, ALHAMBRA, CA"
,5,"CRUZ (CRUZ CONTROL) SOTO, POWER FX SPEEDCO, FORT MYERS, FL"
,6,"DAMIEN (FLASH) REYES, SPROCKET KINGZ NATIONAL BIKE SHOP, HIGHLAND, IN"
,7,"JIOVONI (THE JET) FUNES, SPROCKET KINGZ NATIONAL BIKE SHOP, LAKE STATION, IN"
,8,"OLIVER METCALF, LONGWOOD, FL"
,,
6 Intermediate    Total Riders = 22    Groups = 4,,
,1,"DEPLER (DEPLER BANE) WILLIAMS, MEYBO, ORLANDO, FL"
,2,"ASTON (BAM BAM) EIERDAM, TEAM MERICA, LAS VEGAS, NV"
,3,"RHETT HUNEYCUTT, TACO TUESDAY, MOUNT HOLLY, NC"
,4,"COOPER (THE DIESEL) HARDY, SPROCKET ROCKETS, POWDER SPRINGS, GA"
,5,"MASON (THE SUSPECT) DEGROOT, DYNAMITE NATION, VALLEJO, CA"
,6,"BRAEDEN (SUPER BEE) MELEWSKI, MAD CYCLES/TACO TUESDAY, FORT MILL, SC"
,7,"BRANTLEY SPYNDA, SUPER DUPER, PITTSBURGH, PA"
,8,"FINNEGAN LEE, HIGH POINT, NC"
,,
7 Intermediate    Total Riders = 24    Groups = 4,,
,1,"ROBERT (ROBBIE) SHENISE IV, FORT MILL, SC"
,2,"ZEKE HUFFSTETLER, IN THE ZONE, MOUNT HOLLY, NC"
,3,"MASON DELANEY, BIKE ZONE OF CAPE COD, CARVER, MA"
,4,"MAX (THE ONION) BRANSON, CRUPI, RAPID CITY, SD"
,5,"CURTIS JONES, RAD DUDES, ALPHARETTA, GA"
,6,"LANDON (LAN) LADRON, F & S, DALLAS, TX"
,7,"JAXSON YURISTA, CHARLOTTE, NC"
,8,"BRYCE MCCORMICK, TOXIC RACING, YAPHANK, NY"
,,
8 Intermediate    Total Riders = 29    Groups = 5,,
,1,"KOLSON (THE JET) JOHNSTON, FACTORY ORP, TLD, CONROE, TX"
,2,"CADEN DACUS, ARLINGTON, TN"
,3,"ISAAC VALENTIN, FORT MYERS, FL"
,4,"RALEN BRYANT , PINEVILLE, NC"
,5,"TAYLOR (SWEET T) TOMPKINS, M&M RACING TENNESSEE, WHITESBURG, TN"
,6,"MICAH GRIMES, LETHAL THREAT RACING, CHEVERLY, MD"
,7,"WARREN GORDON, BLACK CROWN GEORGIA, DUNWOODY, GA"
,8,"JACKSON  (LUMBERJACK) WOOD, NONA AND POPPOP, LAKELAND, TN"
,,
9 Intermediate    Total Riders = 23    Groups = 4,,
,1,"COLEMAN FISHER, FORT MILL, SC"
,2,"BRODEN (BRO) DONNELLY, BOX BMX, WRIGHTSVILLE, PA"
,3,"CHASE DAHLHAUSER, FORT MILL, SC"
,4,"AIDEN CONTI, GET A GRIP, STAFFORD, VA"
,5,"EMILIO CARDOZO, VULCANO ENERGY DRINK, WINTER GARDEN, FL"
,6,"DEVIN (THE FLASH) SMITH, SPRINGBORO, OH"
,7,"CAMERON HUNTSBERRY, STEPHENS CITY, VA"
,8,"CADEN PEASE, BURNT HILLS, NY"
,,
10 Intermediate    Total Riders = 22    Groups = 4,,
,1,"DAVIS MASSENGILL, APOLLO BEACH, FL"
,2,"BEN (THE BULLET) LYLES, NORTH CHESTERFIELD, VA"
,3,"JACK (THE PENGUIN) MARKHAM, IN THE ZONE, FCTW RACING, CHARLOTTE, NC"
,4,"SETH (STYLING ASSASSIN) BEEBE, MAD CYCLES, POMARIA, SC"
,5,"TATUM (T-REX) HORN, A&E RACING, DAYTON, OH"
,6,"ELI BERNARD, 100%, ARMA, ODI, FMF, ASHEVILLE, NC"
,8,"LOGAN 'THUNDER CHICKEN' MATHIS, CHAOS SQUAD, WOODBRIDGE, VA"
,8,"MICHAEL (CUPCAKE) SEABROOK, CHAOS SQUAD, DACULA, GA"
,,
11 Intermediate    Total Riders = 22    Groups = 4,,
,1,"BOHDE (BEAST MODE BO) RAWDON, COLOSSAL CYCLING, ROCK HILL, SC"
,2,"LUKE (TURBO) SHELNUT, GEORGIA BLACK CROWN, DALLAS, GA"
,3,"SAMUEL CROMARTIE, GRAHAM, NC"
,4,"JACOB JOHNSON, MAD CYCLES, FORT MILL, SC"
,5,"TRACE (T-RACE) CREEL, ANOTHER BAD HABIT/NAPLES, NAPLES, FL"
,6,"CAMRON CALLOW, ZUNI, VA"
,7,"MICHAEL (MJ) GROSS, SSQUARD MARYLAND, MECHANICSVILLE, MD"
,8,"JOHN (COOKIE MONSTER) MOONEY, TOP TEAM RACING/DK/MCS, ALABASTER, AL"
,,
12 Intermediate    Total Riders = 25    Groups = 5,,
,1,"RYLEN (BLAZE) HESTER, MEMPHIS, TN"
,2,"WILL (WILL LIKES DIRT) FLYNN, FACTORY LIFTED, FORT MILL, SC"
,3,"JERNIMO MONTAYA, MEDILLA"
,4,"BRADEN BEEBE, ELITE RACING, PELHAM, AL"
,5,"TYLER BOWMAN, ELITE RACING, BIRMINGHAM, AL"
,6,"ETHAN (THE WIZARD) BEEBE, MAD CYCLES, POMARIA, SC"
,7,"ORIAS (SMITTY) SMITH, MENDO MULISHA, COVELO, CA"
,8,"ASHTON HEVNER, LAUREL, DE"
,,
13 Intermediate    Total Riders = 16    Groups = 3,,
,1,"MATTHEW RUBY, HEAVY PEDALZ, HOWELL, MI"
,2,"JUSTIN (JUICE) AVILA, NOMADS BMX, WAKE FOREST, NC"
,3,"ADRIAN BARRIOS, DORAL, FL"
,4,"TRISTAN PRYOR, LIBERTY TEAM, FORT MILL, SC"
,5,"GUNNER HOMERDING, TRUE BMX, CLOVER, SC"
,6,"RILEY RICHARDSON, YESS, LEWISVILLE, NC"
,7,"LOGAN (SCRATCH&DENT) KENNEDY, ANOTHER BAD HABIT RACING, NAPLES, FL"
,8,"TREY (TREY) EMERSON, PHAT DADDY, WHITE PLAINS, MD"
,,
14 Intermediate    Total Riders = 18    Groups = 3,,
,1,"LOGUN (THE LANDSHARK) MEYER, VELOCITY BIKE CO., DEFOREST, WI"
,2,"ELLIOT ROGUT, BIKETOWN, POWDER SPRINGS, GA"
,3,"KYLE (HOLLYWOOD) HAMMACK, MAYHEM/BOX, BEDFORD, TX"
,4,"HAYDEN CASTRO, PALM SPRINGS, FL"
,5,"COHEN FAST, A&E RACING, SIDNEY, OH"
,6,"HUNTER QUICK, PAK BMX, AKRON, OH"
,7,"TRENT (THE ICE MAN) JOHNSON, LUCKY/PHYRE, VICTORVILLE, CA"
,8,"ISAIAH (THE FINISHER) HILL, REGGIE'S BIKE SHOP, TEMPERANCE, MI"
,,
15 Intermediate    Total Riders = 10    Groups = 2,,
,1,"ROBERT (SKETCHY) SCHWARTZ, FORT MILL, SC"
,2,"ANGEL SUAREZ, MIAMI, FL"
,3,"JUAN MIGUEL BUSTILLO CARRENO, BOGOTA"
,4,"LUCAS VERSTREATE, C AND R VISION, WALWORTH, NY"
,5,"KEITH MILLER, TNT, MARLTON, NJ"
,6,"HARRISON (HARRISON) KING, IN THE ZONE, STANLEY, NC"
,7,"LUKE PALMORE, VELOCITY, HAMPTON, VA"
,8,"CHEYENNE MONK, RENEGADES, NORTH APOLLO, PA"
,,
16 Intermediate    Total Riders = 11    Groups = 2,,
,1,"PEDRO ECHEVERRIA, BOGOTA"
,2,"PIERSON (MURRDOG) MURRAY, POWER FX SPEEDCO, CAPE CORAL, FL"
,3,"CODY PEASE, BURNT HILLS, NY"
,4,"KATELYN WOODIE, HUNTERSVILLE, NC"
,5,"HUNTER GINELLI, CHIP AND DALE BIKE SHOP, JACKSON, NJ"
,6,"TYLER (UNDERCUT) PERDUE, POSITIVE IMPACT RACING, SYKESVILLE, MD"
,7,"(JAMMIN) ETHAN JONES, A&E RACING, SIDNEY, OH"
,8,"GAVED FOSTER, DEEP DIRT RIDING GEAR, REIDSVILLE, NC"
,,
17-20 Intermediate    Total Riders = 5    Groups = 1,,
,1,"GARRETT FREEH, LAMBO'S BIKE SHOP, UNIONTOWN, OH"
,2,"FLAVIO ROCA, ANNANDALE, VA"
,3,"CONNOR OBRIEN, BIKE ZONE, NEEDHAM, MA"
,4,"SEAN ADAMS, DANBURY, CT"
,,
26-35 Intermediate    Total Riders = 8    Groups = 1,,
,1,(Not Scored)
,1,"KEVIN SUAREZ, VELOCITYBIKECO, SPRINGFIELD, VA"
,2,"KYLE (WOODY) WOOD, PAK RACING, YOUNGSTOWN, OH"
,3,"BLAIN (SCISSORS) HOOPES, THE MISFITS, JAX, FL"
,4,"GREG CHAPMAN, TRAVERSE CITY, MI"
,5,"GEORGE (G-NICE) SCOTT, NICEMOVE RACING, BOX, CHARLOTTE, NC"
,6,"AARON (EMO) EMERSON, MISFITS, WINSTON SALEM, NC"
,,
36-40 Intermediate    Total Riders = 7    Groups = 1,,
,1,"COLE BEEBE, MAD CYCLES, POMARIA, SC"
,2,"JAIME SANCHEZ, 787BMXCREW, BROOKLYN, NY"
,3,"RYAN (RIDE) EMMICK, TEAM CRANKOUT, CONEWANGO VALLEY, NY"
,4,"BRIAN LYLES, RICHMOND, VA"
,5,"DONALD (THE NATUREBOY) COBLE, BLACK CROWN GEORGIA, MCDONOUGH, GA"
,6,"JIM BOWDEN, MAYHEM/O'NEAL/MONGOOSE, MEBANE, NC"
,,
41-45 Intermediate    Total Riders = 9    Groups = 2,,
,1,"CHRIS FINLEY, COLOSSAL CYCLING, FORT MILL, SC"
,2,"TODD JOHNSON, MAD CYCLES, FORT MILL, SC"
,3,"DEWI VROLIJK, PITTSBURGH, PA"
,4,"NELSON (NEL) MANZANO, HIALEAH, FL"
,5,"ANTHONY MILLER, SPROCKET KINGZ, HOBART, IN"
,6,"JEROME (JERRY) ROMERO, CHAOS SQUAD, HAPS CYCLES, CONYERS, GA"
,7,"BUBBA AUTERI, NOMADS, ROLESVILLE, NC"
,8,"TODD BOSCH, NAPA VALLEY PULL, ROSEVILLE, CA"
,,
46-50 Intermediate    Total Riders = 11    Groups = 2,,
,1,"WESLEY JAMES, LIBERTY BMX RACING, ELGIN, IL"
,2,"AARON JAMES, TANGLEWOOD DEVO TEAM, WINSTON SALEM, NC"
,3,"RAPHAEL (XAV) XAVIER, DAMAGE INC., PHILADELPHIA, PA"
,4,"SEAN DELANEY, BIKE ZONE OF CAPE COD, CARVER, MA"
,5,"RANDY KOMSSI, SSQUARED NEW ENGLAND, CHARLTON, MA"
,6,"JEFF SPERRAZZA, NEW FAIRFIELD, CT"
,7,"DALE PALMER, POSITIVE IMPACT RACING, BALTIMORE, MD"
,8,"DON MULVIHILL, LIBERTY BMX, ALGONQUIN, IL"
,,
51 & Over Intermediate    Total Riders = 6    Groups = 1,,
,1,"BRIAN (TBONE) WILSON, TBONE BMX / CARBONCARTEL, CAPE CORAL, FL"
,2,"TOM (TIDEWATER TOM) PETREHN II, TIDEWATER SECURITY BMX, VIRGINIA BEACH, VA"
,3,"BART TAYLOR, VEGA RACING, PETERSBURG, VA"
,4,"RICHARD (THE ENFORCER) PAYE, THE MISFITS, ORANGE PARK, FL"
,5,"WILLIAM MULDOWNEY, MAYHEM/BOX, BEDFORD, TX"
,,
6 Girls Expert    Total Riders = 3    Groups = 1,,
,1,"REMY (THE ROCKSTAR) SESSA, PREMIER RACING NATIONAL TEAM, RICHLAND HILLS, TX"
,2,"LEA HEGBERG, WIKID RACING, SAINT PETERSBURG, FL"
,3,"AMELIA DOWDY, GET-A-GRIP, STAFFORD, VA"
,,
7 Girls Expert    Total Riders = 4    Groups = 1,,
,1,"ADELYN SCHUMAKER, CARY, NC"
,2,"HELENA MORTENSEN, DAYTON, OH"
,3,"KEILANI (KRAZY KAT) GRAY, WIKID RACING, TALLMADGE, OH"
,,
8 Girls Expert    Total Riders = 5    Groups = 1,,
,1,"KAYLEE (THE DIVA) LOVINS, SSQUARED NATIONAL TEAM , OKEMAH, OK"
,2,"KENLEY (HONEY BADGER) EIERDAM, TEAM MERICA, LAS VEGAS, NV"
,3,"BROOKLYNN AYLING, ROLL OUT RACING, MECHANICSVILLE, MD"
,4,"VIDA DE VERA, BFR/BELLFLOWER BICYCLES, LONG BEACH, CA"
,,
9 Girls Expert    Total Riders = 3    Groups = 1,,
,1,"ISABELLA (SPITFIRE) GEORGE, DAYLIGHT CYCLE CO., DUMFRIES, VA"
,2,"RAYLEE SNIPES, TRUE BMX, LANCASTER, SC"
,3,"AUDRINA CATANZARO, MILLER PLACE, NY"
,,
10 Girls Expert    Total Riders = 9    Groups = 2,,
,1,"ADDISON SPENCER, BOX, NEW HAVEN, IN"
,2,"KENDAL (KBOSS) OSTAPOWICZ, WIKID, AKRON, OH"
,3,"STERLYN (MARSHMALLOW) EIERDAM, TEAM MERICA, LAS VEGAS, NV"
,4,"OLIVE (OLI MAY) DIBERNARDO, FACTORY TRIFECTA RACING, MONONGAHELA, PA"
,5,"KAYLEE WOODBURN, SSQUARED MARYLAND, HOLLYWOOD, MD"
,6,"ELLIOT QUICK, PAK, UNIONTOWN, OH"
,7,"ANGELINA SALA, FREEPORT, IL"
,8,"KEATYN SCHWARTZ, ELK POINT, SD"
,,
11 Girls Expert    Total Riders = 4    Groups = 1,,
,1,"BOBBI (FASTER) GILMAN, BOX COMP/OPR BIKES, AUSTIN, TX"
,2,"TAYLOR ALMAGUER, LAS CRUCES, NM"
,3,"LACY (LASER) PABEN, REGGIE'S BIKE SHOP, TEMPERANCE, MI"
,,
12 Girls Expert    Total Riders = 3    Groups = 1,,
,1,"LOLA JONJEVIC, DFR POWERLITE BMX, KANSAS CITY, MO"
,2,"DANIKA ALMAGUER, LAS CRUCES, NM"
,3,"KATE CLARRIDGE, RIVAL RACING, MARYSVILLE, OH"
,,
13 Girls Expert    Total Riders = 12    Groups = 2,,
,1,"BROOKE STEVENS, NEENAH, WI"
,2,"SAMANTHA WILLIAMSON, SSQUARED GA, GROVETOWN, GA"
,3,"ISABELLA SANCHEZ, GUAYAGUIL"
,4,"KAMRYN SWAN, REGGIE'S BIKE SHOP, TOLEDO, OH"
,5,"SAYLER (SAY SAY) GUDELJ, FACTORY BOMBSHELL, PLACITAS, NM"
,6,"ISABELLA (CHICHI) CRUZ, DELRAY BEACH, FL"
,7,"RYLIE BLAKE, ON2WHEELS, TONGANOXIE, KS"
,8,"MADDY TRANSUE, SEVERN, MD"
,,
14 Girls Expert    Total Riders = 7    Groups = 1,,
,1,"SHELBY (SMILES) ELDER, FACTORY BOMBSHELL, WAXAHACHIE, TX"
,2,"JOSIE LARSON, MUDSLINGERS, PLANO, IL"
,3,"MICKIE (THE BULLET) JOSEPH, CLIFTON, CO"
,4,"RILEY PENNUCCI, ALBES, BLAIRSTOWN, NJ"
,5,"DANIELLE (DANNI) FUSTER, BOMBSHELL DEVO, CHESTER, VA"
,6,"LILLIE MILLER, PHAT DADDY, MECHANICSVILLE, MD"
,,
15-16 Girls Expert    Total Riders = 10    Groups = 2,,
,1,"MANUELA MUNOZ VELEZ, ALPHA FACTORY, CUTLER BAY, FL"
,2,"ABYGALE REEVE, DAYLIGHT, AIRDRIE, AB"
,3,"MARIA ORJUELA, BOGOTA"
,4,"SAMANTHA (SUPERBMXR) SPERRAZZA, JEFFREY SPERRAZZA, NEW FAIRFIELD, CT"
,5,"GABRELLE (GABBY ROSS) ROSS, COLUMBUS, OH"
,6,"MADISON BROWN, ENDICOTT, NY"
,8,"KYLIE MARTIN, FASTHOUSE, REDLANDS, CA"
,8,"KYLIE SMITH, GORDY'S BICYCLES, PHOENIX, AZ"
,,
17-20 Women Expert    Total Riders = 8    Groups = 1,,
,1,"ANA RICO, BOGOTA"
,2,"MICAELA RAMIREZ, LIMA"
,3,"ALEXA CHAVES, SSQUARED NATIONAL TEAM , PLAYA HERMOSA"
,4,"EMILY (DAMITA) PACHECO, RACER CONCEPTS /RA, MICHIGAN CITY, IN"
,5,"KAYLA MCCARTHY, VELOCITY BIKE CO, MASTIC BEACH, NY"
,6,"HAYLEE (DOWNTOWN BROWN) BROWN, LITHIUM RACING, NEWPORT NEWS, VA"
,7,"SYDNEY (KOOL-AID) WELBORN, M&M RACING, SEYMOUR, TN"
,,
21-30 Women Expert    Total Riders = 4    Groups = 1,,
,1,"LAURA PARRADO, FACTORY TRUE BMX PRO SHO, IBAGUE"
,2,"KRISTINA (THE PHANTOM) SANDORA, BROOKELINE, PA"
,3,"MARJORIE (MAMA MARGE) KAMINSKI, CRANKOUT, EDEN, NY"
,,
6 Expert    Total Riders = 6    Groups = 1,,
,1,"LOGAN MONTERO, MATCO TOOLS, M&M RACING, ZEPHYRHILLS, FL"
,2,"BLAKE (CASH MONEY) COYNE, WIKID RACING, WALTON HILLS, OH"
,3,"AYDEN (GHOSTIN) GARBER, SURFACE RACE TEAM, HOBART, IN"
,4,"DAVIS YODER, SPROCKET KINGZ NATIONAL FACTORY, BARGERSVILLE, IN"
,5,"THATCHER (THATCHMAN) KEE, KEE MAPPING, ASHEVILLE, NC"
,,
7 Expert    Total Riders = 23    Groups = 4,,
,1,"LORENZO (LORENZO) IDARRAGA, BAY AREA BMXERS, ATLANTIS, FL"
,2,"JUAN  CAMARGO , MIAMI, FL"
,3,"AXEL (FAT BOY) LAWRENCE, HECKLER BMX, WILMINGTON, NC"
,4,"SAMUEL SCHWARTZ, ELK POINT, SD"
,5,"JASE (SWEET TEA) MARANG, OWASSO, OK"
,6,"JACKSON SCOGGINS, MEMPHIS, TN"
,7,"GAVIN (THE OUTLAW) TONN, WIKID RACING, ORIENT, OH"
,8,"SOLOMON MITCHELL, BOMBSHELL, BLUE SPRINGS, MO"
,,
8 Expert    Total Riders = 20    Groups = 4,,
,1,"PRESTON (THE ISSUE) GEORGE, PRESTON GEORGE RACING, WINSTON-SALEM, NC"
,2,"MASON (CHAPSTICK) GRAY, NOMADS, RALEIGH, NC"
,3,"JAXSON  HOWELL, FULL TILT RADIO, HENDERSON, NV"
,4,"CONNOR (THE CONDOR) BECKLEY, ROCKSTAR / FULL TILT, BRADENTON, FL"
,5,"DAVID (THE DESTROYER) CRICHTON, FRYE HIGH PERFORMANCE, WESTFIELD, MA"
,6,"GRAFTON (G-MAN) MERRIAM, FACTORY BOMBSHELL, CARBONDALE, CO"
,8,"JAY SMITH, GORDY'S BICYCLES, PHOENIX, AZ"
,8,"ELI (ROWDY) DOWDY, GET-A-GRIP, STAFFORD, VA"
,,
9 Expert    Total Riders = 18    Groups = 3,,
,1,"JACOB THEISEN, BLACK WIDOW BMX, SAINT CLOUD, MN"
,2,"KEEGAN SKINNER, FACTORY SSQUARED, SURPRISE, AZ"
,3,"NATE (NATE DOGG) CASERTA, MOM & DAD, NAPLES, FL"
,4,"SAMUEL VALENCIA VARGAS, BOGOTA"
,5,"RAUL CARDOZO, CLAIRTON, PA"
,6,"DEVON HURLEY, TOXIC RACING, BLOOMFIELD, CT"
,7,"TYLER (T-BONE) MARHAFER, LYPHE RACING, SCHENECTADY, NY"
,8,"LOGAN (SILENT ASSASIN) CARSON, ZERO MOTO, O FALLON, MO"
,,
10 Expert    Total Riders = 19    Groups = 3,,
,1,"DANIEL BUSTOS, BAY AREA BMXERS, IBAGUE"
,2,"CJ (THE ALASKAN PULL) RIVERA, HOUSTON RACING TEAM, HOUSTON, TX"
,3,"LUCAS THEISEN, BLACK WIDOW BMX, SAINT CLOUD, MN"
,4,"CALEB DAHL, RACER ARMY, WATERTOWN, WI"
,5,"JOSE GALVIS, HOLLYWOOD, FL"
,6,"OWEN YODER, SPROCKET KINGZ NATIONAL FACTORY, BARGERSVILLE, IN"
,7,"LOGAN SCHULTZ, CLEARWATER, FL"
,8,"COOPER (SUPER COOP) BEYER, SSQUARED, DALLAS, GA"
,,
11 Expert    Total Riders = 21    Groups = 4,,
,1,"JOSE SANCHEZ, GUAYAGUIL"
,2,"ISAAC GIRALDO, MEDELLIN"
,3,"KEATON FALASCO, HOLDER DRUG, WEATHERFORD, OK"
,4,"MASON SCHULTZ, CLEARWATER, FL"
,5,"MICAH OWENS, IN THE ZONE BIKE SHOP, CHARLOTTE, NC"
,6,"COLIN OUDSHOORN, POWERS BIKE SHOP, QUEEN ANNE, MD"
,7,"SHANE MAGHAN, CHIP-N-DALE, FARMINGDALE, NJ"
,8,"HUDSON (DOZER) KENNEDY, ANOTHER BAD HABIT RACING, NAPLES, FL"
,,
12 Expert    Total Riders = 16    Groups = 3,,
,1,"GRIFFIN (THE RIPPER) KELLEHER, POWERS BIKE SHOP, STEVENSVILLE, MD"
,2,"THOMAS TAQUEZ, BOGOTA"
,3,"NICOLAS (NOI) SALAMANCA, FORCE, LAKE WORTH, FL"
,4,"GABRIEL (THE HARPOON) HARTHUN, TIME2SHINE, HOOVER, AL"
,5,"GIBSON EVEN, SISU RACING, LONGMONT, CO"
,6,"TRISTAN (THE PUP) GORMLEY, TRUE BMX, TEGA CAY, SC"
,7,"JACOB MEARES, BLACKCROWN BIKE SHOP, PITTSBURGH, PA"
,8,"AIDAN RAGLE, FACTORY SSQUARED, APPLE VALLEY, CA"
,,
13 Expert    Total Riders = 22    Groups = 4,,
,1,"TOMAS PALMEZANO, MEDILLIN"
,2,"GAGE HILL, CRANKLAB, PLATO, MN"
,3,"BRIAN CHARLES, IN THE ZONE, MOORESVILLE, NC"
,4,"CESAR MONTES DE OCA, WOODSTOCK, GA"
,5,"AMIR (SPEED RACER) TOLEFREE, FACTORS MANGLER, KANSAS CITY, MO"
,6,"JUAN BERMUDEZ, MEDILLIN"
,7,"ANTHONY (AJ) DEBLASIO, FACTORY ANSWER, PLYMOUTH MEETING, PA"
,8,"PHILIP (PJ) RAMSEY, BLACK CROWN BIKE SHOP, PASADENA, MD"
,,
14 Expert    Total Riders = 26    Groups = 5,,
,1,"THOMAS MARTINEZ  , DFR POWERLITE BMX, ITAGUI"
,2,"JULIO TRILLOS, LAKE CITY, FL"
,3,"ROMELL SANTILLAN, GYA"
,4,"DEYTON MENTZER, ON 2 WHEELS, TOPEKA, KS"
,5,"COLE KOPCZYK, NONE, ELGIN, IL"
,6,"MATTHEW BREWER, DAYLIGHT CYCLES, EAGLEVILLE, TN"
,7,"CLAYTON MAHAN, ROCKSTAR FULLTILT RADIO, BRADENTON, FL"
,8,"LAYNE FINDLAY, SAINT FRANCIS, KY"
,,
15 Expert    Total Riders = 22    Groups = 4,,
,1,"SIMON ACOSTA, BAY AREA BMXERS, MEDELLIN"
,2,"SANTIAGO BARRERO, BOGOTA"
,3,"JUAN VELASQUEZ, BOGOTA"
,4,"SAMUEL GALLEGO, MEDELLIN"
,5,"MATEO ALVAREZ CATANO, MEDELLIN"
,6,"COLTON RANDALL, NORCAL NEXTGENERATION, LINCOLN, CA"
,7,"SAMUEL ECHAVARRIA, MEDILLIN"
,8,"JUAN MARTIN YOMAYUSA PACHECO, BOGOTA"
,,
16 Expert    Total Riders = 15    Groups = 3,,
,1,"JUAN DURAN, BOGOTA"
,2,"JHON ALZATE, GUTSY RACING, BOGOTA"
,3,"MICAH BINDER, DFR POWERLITE BMX, YUMA, AZ"
,4,"TROY KERNAN, SUNMAN, IN"
,5,"GRAYSON (THE NATURAL) AMMON, BURLINGTON, KY"
,6,"CAMILO JUNCA, BOGOTA"
,7,"TY NAGLER, OSHKOSH, WI"
,8,"DIEGO G. RODRIGUEZ, FAJARDO, PR"
,,
17-20 Expert    Total Riders = 15    Groups = 3,,
,1,"JUAN PABLO CHAPARRO, W-ELITE, ROCK HILL, SC"
,2,"HENRY CHUDZIK, DFR POWERLITE BMX, HOMERGLEN, IL"
,3,"SOLOMON GOODWIN, ASHLEY, IN"
,4,"RUSSELL (RJ) WALLER, TRUTH BMX, MANASSAS, VA"
,5,"WESLEY (BOOGIE) CLARK, VELOCITY BIKE CO, GROVETOWN, GA"
,6,"JOAN SANCHEZ, BOGOTA"
,7,"JOHN PAUL STEVENS, FACTORY TRIFECTA RACING, CARNEGIE, PA"
,8,"DAVE BOSCH, NAPA VALLEY PULL, ROSEVILLE, CA"
,,
21-25 Expert    Total Riders = 6    Groups = 1,,
,1,"JUAN (POTRO) GOMEZ, MITCHELL RACING PLATES, QUEENS, NY"
,2,"COLE (TREE) BAXTER, ASPEN VALLEY LANDSCAPING, CORTEZ, CO"
,3,"JASON (STITCHES) SMITH, INTHEZONE BIKE SHOP, CHARLOTTE, NC"
,4,"ANTHONY (PISTOL) HULSE, PONK RACING, TACOMA, WA"
,5,"STEVEN OCONNOR, VELOCITY BIKE CO, ODENVILLE, AL"
,,
26-35 Expert    Total Riders = 8    Groups = 1,,
,1,(Not Scored)
,1,"DAVID RESTREPO ORTEGA, MELLO2TEAM, CLEWISTON, FL"
,2,"JEFFERSON (JEFF) OLIVEIRA, MITCHELL RANGING PLATES, WEST LONG BRANCH, NJ"
,3,"ANDREW PAUKEN, SOLON BICYCLE, CHIPPEWA LAKE, OH"
,4,"DREW MARKLE, COASTAL RACING, FUQUAY VARINA, NC"
,5,"TAYLOR ATCHLEY, MC CALLA, AL"
,6,"ROBERT (BOBBY) MILLER, PHAT DADDY, MECHANICSVILLE, MD"
,,
36-40 Expert    Total Riders = 8    Groups = 1,,
,1,"EDUARDO WALTER, MAKE A CHOICE,CARPE DIEM, KENNESAW, GA"
,2,"CHRIS SUNDSTROM, SAINT AUGUSTINE, FL"
,3,"MATTHEW SWAP, REGGIE'S BIKE SHOP, MONROE, MI"
,4,"DANNY BAUTISTA, IRVINGTON, NJ"
,5,"CLIFFORD ECKER, VINELAND, NJ"
,7,"JOSHUA FIEGLY, A&E RACING, TIPP CITY, OH"
,7,"FORREST (ROOSTER) BARLEY, FACTROY SKILLZ, GREENBRIER, TN"
,,
41-45 Expert    Total Riders = 3    Groups = 1,,
,1,"THOMAS (TOMMY) MILLER, PREMIER RACING NATIONAL TEAM, FORT WORTH, TX"
,2,"MATTHEW COWELL, MUDSLINGERS BIKE SHOP, LAKE VILLA, IL"
,3,"BRIAN STRIEBY, SYRACUSE, IN"
,,
46-50 Expert    Total Riders = 4    Groups = 1,,
,1,"MARSHALL MOONEY, TOP TEAM RACING/DK/MCS, ALABASTER, AL"
,2,"ROBERT TANNER, FLIGHT BMX, CABOT, AR"
,3,"ANTONIO (TONY) BELLAVISTA, MITCHELL RACING, NORTH BERGEN, NJ"
,,
51 & Over Expert    Total Riders = 4    Groups = 1,,
,1,"RENATO SILVA, ALLTOW/ YESS BIKES, WINTER GARDEN, FL"
,2,"JERRY MCKAN, TNT WEST VIRGINIA, BECKLEY, WV"
,3,"DOMINICK ERIC COATES, SEVERN, MD"
,,
