Dixieland Pre-race,,
4 Balance Bike    Total Riders = 3    Groups = 1,,
,0,"JESSE COLBURN, MCDONOUGH, GA"
,0,"GAVIN BUNKER, VALRICO, FL"
,0,"JASE SIMS, TRAFFORD, PA"
,,
3 Balance Bike    Total Riders = 7    Groups = 1,,
,0,"PARKER ELETON, MONROE, OH"
,0,"FREYA JACKSON, MURFREESBORO, TN"
,0,"JAXTON RANSDELL, CINCINNATI, OH"
,0,"DRAKE (BABY DRAKE) LA JAUNIE, CLAYBORN, MARRERO, LA"
,0,"DANNI MORRISON, J & R BICYCLES, TARPON SPRINGS, FL"
,0,"CARTER HUNEYCUTT, MOUNT HOLLY, NC"
,,
1-2 Balance Bike    Total Riders = 2    Groups = 1,,
,0,"RENTZ SWAIN, TALLAHASSEE, FL"
,0,"MCKINLEY TONN, ORIENT, OH"
,,
Vet Pro    Total Riders = 15    Groups = 6,,
,1,"JONATHAN SUAREZ, ALPHA FACTORY, CORAL SPRINGS, FL"
,2,"BARRY NOBLES, FLY HARO MAXXIS ODI, STERRETT, AL"
,3,"TYLER BROWN, 316 RACING DK BIKES, SAN DIEGO, CA"
,4,"TIAGO DIAS, REAL SIDING, MARIETTA, GA"
,5,"BRADEN ROMER, VELOCIOUS SPORT, GREENSBORO, NC"
,6,"JOSH LEKAUNAS, DELRAY BEACH, FL"
,7,"ALAN HUDSON, JRBICYCLES.COM/SPEEDCO/AVIAN, PHOENIX, AZ"
,8,"SEAN HAMMETT, ACWORTH, GA"
,,
Women Pro    Total Riders = 12    Groups = 6,,
,1,"ALISE WILLOUGHBY, ALBES PROMAX, CHULA VISTA, CA"
,2,"ASHLEY VERHAGEN, FULL TILT RADIO, PHOENIX, AZ"
,3,"LAUREN REYNOLDS, FACTORY ANSWER, SAN DIEGO, CA"
,4,"RACHEL MYDOCK, REMIX BMX, PHOENIX, AZ"
,5,"SHEALEN RENO, SUPERCROSS BMX, BOWIE, TX"
,6,"EMILY HAYES, SUPERCROSS BMX, ROCK HILL, SC"
,7,"KAELI LIXANDRU, JRBICYCLES.COM/SPEEDCO/AVIAN, PHOENIX, AZ"
,8,"OLIVIA ARMSTRONG, FULL TILT RADIO, BEND, OR"
,,
Men Pro    Total Riders = 31    Groups = 12,,
,1,"CONNOR FIELDS, CHASE / BRGSTORE.COM, HENDERSON, NV"
,2,"JOSHUA MCLEAN, FULL TILT RADIO, HIGHLAND PARK, QLD"
,3,"CORBEN SHARRAH, DAYLIGHT CYCLES, TUCSON, AZ"
,4,"JORIS DAUDET, CHASE / BRGSTORE.COM, CORONA, CA"
,5,"ASUMA (ASUMA) NAKAI, MANGOOSE/XLARGE, NIGATA"
,6,"ZACHARY (PINK SHOES) VANKAMMEN, #TBONENATION/ GENX3 /, LAKE ELSINORE, CA"
,7,"TANNER SEBESTA, FACTORY ANSWER, KYLE, TX"
,8,"CAMERON WOOD, MONGOOSE, PEORIA, AZ"
,,
6 & Under Mixed Open    Total Riders = 11    Groups = 2,,
,1,"RHETT HUNEYCUTT, TACO TUESDAY, MOUNT HOLLY, NC"
,2,"ISABELLA SMITH, LRC MONGOOSE, HENDERSON, NV"
,3,"PARKER (PHOTO FINISH) CARLSON, TEAM HECKLER, RALEIGH, NC"
,4,"BRAEDEN (SUPER BEE) MELEWSKI, MAD CYCLES, FORT MILL, SC"
,5,"CRUZ (CRUZ CONTROL) SOTO, POWER FX SPEEDCO, FORT MYERS, FL"
,6,"JAYCE (THE RINGER) REYNOLDS, DREAMTEAM, NAPLES, FL"
,7,"BRECK (THE HEARTBREAKER) ROMER, VELOCIOUS SPORT, GREENSBORO, NC"
,8,"FOSTER KILLEEN, WILLIAMSBURG, MI"
,,
7-8 Mixed Open    Total Riders = 20    Groups = 4,,
,1,"CHASE HARP, DEADSET RACING, LOS ALAMITOS, CA"
,2,"MAYA (WARRIOR PRINESS) GADBOIS, ALBES PROMAX, SANTA CLARITA, CA"
,3,"JUAN DIEGO DELGADO VALLADARES, WEST PALM BEACH, FL"
,4,"JAXON SOMERHALDER, RAD DUDES, SMYRNA, GA"
,5,"SAMUEL CASCANTE, DORAL, FL"
,6,"DEXTER SCHUMAKER, CARY, NC"
,7,"TANNER (DYNAMITE) ALTER , REGGIE'S BIKE SHOP, MONROE, MI"
,8,"JAXSON YURISTA, CHARLOTTE, NC"
,,
9-10 Mixed Open    Total Riders = 12    Groups = 2,,
,1,"ALEXA SANDERS, TEAM C, MURRIETA, CA"
,2,"GAVIN NOVAK, WEST COAST/ STAYSTRONG, TAMPA, FL"
,3,"TATUM (T REX) HORN, A&E RACING, DAYTON, OH"
,4,"HARLAN (THE HITMAN) DIXON, EADS, TN"
,5,"SLADE HARP, DEADSET RACING, LOS ALAMITOS, CA"
,6,"LEVI (LIL G) GRISWOLD, BAD WOLVES, PELZER, SC"
,7,"LIAM ADAMS, RURAL HALL, NC"
,8,"ADDISON SPENCER, BOX, NEW HAVEN, IN"
,,
11-12 Mixed Open    Total Riders = 11    Groups = 2,,
,1,"SAMUEL CROMARTIE, NOMAD RACING, GRAHAM, NC"
,2,"KENDALL SPURGEON, AMERICAN NATIONAL INS., WEST MONROE, LA"
,3,"DIMITRI PEDOTTO, ACCUBUILD, CHANDLER, AZ"
,4,"LOGAN BESIN, WELLINGTON, FL"
,5,"JAYDEN (J DOG) HADDOCK, TOP TEAM RACING  DK, MILTON, FL"
,6,"DAPHNE DZVONAR, GATEKEEPERS, PORT JEFFERSON STATION, NY"
,7,"OZZIE POMERENKE, SSQUARED TENNESSEE, GALLATIN, TN"
,8,"MATTHEW BROWN, GARNER, NC"
,,
13-14 Mixed Open    Total Riders = 5    Groups = 1,,
,1,"COHEN FAST, A&E RACING, SIDNEY, OH"
,2,"KAYLA (ZOOM ZOOM) WERNER, PHAT DADDY RACING, LEWES, DE"
,3,"RYDER (GHOST RYDER) MARKHAM, WRENCHMAN RACING, FUQUAY VARINA, NC"
,4,"KYLEE KNUDSEN, IMPACT RACING, ELY, NV"
,,
15-16 Mixed Open    Total Riders = 3    Groups = 1,,
,1,"ISABELLA NELSON, SUFFIELD, CT"
,2,"GABRELLE (GABBY ROSS) ROSS, COLUMBUS, OH"
,3,"ALISHA GARSIDE, IMPACT RACING, LAS VEGAS, NV"
,,
31 & Over Mixed Open    Total Riders = 5    Groups = 1,,
,1,"TYLER (T REX) HADDOCK, TOP TEAM RACING  DK, MILTON, FL"
,2,"GEORGE (G-NICE) SCOTT, NICEMOVE/KALES KITCHEN, CHARLOTTE, NC"
,3,"ED LEVINE, WRENCHMAN / BLACK CROWN, WAKE FOREST, NC"
,4,"RICHARD (BIG CHILI) PEEK, ELITE RACING TEAM, VESTAVIA, AL"
,,
6 & Under Open    Total Riders = 3    Groups = 1,,
,1,"DEPLER (BANE) WILLIAMS, MEYBO, ORLANDO, FL"
,2,"JAX (JAXY BOY) LAFRENIERE, SANTEE, CA"
,3,"BLAKE (CASH MONEY COYNE) COYNE, WIKID RACING, WALTON HILLS, OH"
,,
7-8 Open    Total Riders = 10    Groups = 2,,
,1,"MASON (CHAPSTICK) GRAY, NOMADS, RALEIGH, NC"
,2,"DEAGAN (MOOOOOSE) RACINE, ALPHA NATIONAL TEAM, CHANDLER, AZ"
,3,"LOGAN (THE SHOWMAN) HADLEY, VEGAS LOCALS, LAS VEGAS, NV"
,4,"JUAN DAVID (JUANDA) DIAZ, CARGANDO S.A., CHARLOTTE, NC"
,5,"CARSON  BURKHOLDER, CHIP N DALE NAT TEAM, NORWICH, NY"
,6,"CADEN DACUS, ARLINGTON, TN"
,7,"KASH FELKER, MURFREESBORO, TN"
,8,"LOGAN (THE CAPTAIN) LEMMERS, BENT RIM RACING, PLATO, MN"
,,
9-10 Open    Total Riders = 9    Groups = 2,,
,1,"CJ (THE ALASKAN PULL) RIVERA, HOUSTON RACING TEAM, HOUSTON, TX"
,2,"MAX (MAD MAX) MEINEL, TNT NATIONAL, MONROE, CT"
,3,"MASON (MAD MAN MASON) LIEDTKE, THRODWN, ORLANDO, FL"
,4,"HAZE (HAZELNUT) TAUSCHER, COOPERS MOM, BRANDON, MS"
,5,"DOMINICK DUNN, NOMADS BMX, MEBANE, NC"
,6,"WILLIAM WETENDORF, STAATS/FLY ZONE, CAROL STREAM, IL"
,7,"DAVIS MASSENGILL, APOLLO BEACH, FL"
,8,"BENJAMIN (BIG BACON) JOHNSON, SPARK BMX TRAINING, MEBANE, NC"
,,
11-12 Open    Total Riders = 6    Groups = 1,,
,1,"EVAN (DIVE BOMBER) DOUGLASS, ENAMEL BRAND, POWDER SPRINGS, GA"
,2,"NOAH RATZLAFF, ALPHA NATIONAL TEAM, LA HABRA, CA"
,3,"MAXIMUS (MAX SPEED) MENTAL, FLORIDA SSQUARED, WESTON, FL"
,4,"LUKE CAHANIN, TWISTED CONCEPTS, RAYNE, LA"
,5,"KOREY (KOKO) LIBBY, STR SPIN TECH RACING, WELLINGTON, FL"
,,
13-14 Open    Total Riders = 12    Groups = 2,,
,1,"SEAN NICOSIA, FACTORY BOMBSHELL, HUNTERSVILLE, NC"
,2,"MATTHEW BREWER, DAYLIGHT, EAGLEVILLE, TN"
,3,"IGNACIO MANGUAL, ROCK STAR FULL TILT, KISSIMMEE, FL"
,4,"TAVIN NOVELLY, SSQUARED MISSOURI, SAINT PETERS, MO"
,5,"GAGE (CHASIN GAGE HILL) HILL, CRANK LABS BMX, PLATO, MN"
,6,"BRAD (B-RAD) HERSEY, CHIP-N-DALE, MARLBORO, NJ"
,7,"DEVIN LAFRENIERE, ELECT.CHURCH/DIRT DESIGN, LAKESIDE, CA"
,8,"PHILIP SHERIDAN, FACTORY BOMBSHELL, SUMMERVILLE, SC"
,,
15-16 Open    Total Riders = 8    Groups = 1,,
,1,"ALEJANDRO CHE, FACTORY YESS BMX, TORRANCE, CA"
,2,"NOAH PITTS, TWIN CITY ELITE, CHOUDRANT, LA"
,3,"SAGE (SANTA CRUZ) SCHMIDT, ROBBY’S/ 21PRODUCTIONS, OAKDALE, CA"
,4,"CONNOR GORTNEY, HRP DESIGNS BMX RACE TEAM, HELENA, AL"
,5,"STEVEN MILLER, BOMBSHELL BMX, ENTERPRISE, AL"
,6,"PAT (BAD LUCK) BRYANT, SSQUARED MO, BALLWIN, MO"
,7,"TYLER WHEELER, PHAT DADDY RACING, COMPTON, MD"
,,
17-20 Open    Total Riders = 7    Groups = 1,,
,1,"WESLEY (BOOGIE) CLARK, VELOCITY BIKE CO, GROVETOWN, GA"
,2,"CHRISTIAN (THE BULLET) GARCIA, BLACK CROWN FLORIDA, MIAMI, FL"
,3,"BODIE ANDERSON, ZERONINE, CLAREMORE, OK"
,4,"JASON (STITCHES) SMITH, INTHEZONE BIKE SHOP, CHARLOTTE, NC"
,5,"JORDAN (MUFFIN MAN) DAVIS, BLACKCROWN TEXAS, MOUNT JULIET, TN"
,6,"JASON SWAIN, TALLAHASSEE, FL"
,,
11-12 Girls Cruiser    Total Riders = 7    Groups = 1,,
,1,"MARLIE (MEYHAM) RIETSCHEL, BMX COMPLIMENTS, BROOKLYN PARK, MN"
,2,"CHATHAM RICKS, VELOCITY BIKE CO., AYLETT, VA"
,3,"CAMRYN (CRAZY LEGS) SEARFOSS, VELOCITY BIKE CO, NORWICH, NY"
,4,"VIOLETT KRASEL, ARMA/T-BONE, KANNAPOLIS, NC"
,5,"JORDAN (SPECIAL) SMITH, TIME2SHINE, ASHBURN, VA"
,6,"KENZIE CAFFERTY, KRAZY ACRES, VIRGINIA BEACH, VA"
,,
13-14 Girls Cruiser    Total Riders = 8    Groups = 1,,
,1,"MAKYLLA (HAPPY FEET) PINO, SSQUARED NATIONAL TEAM , LAS CRUCES, NM"
,2,"SAMANTHA WILLIAMSON, SSQUARED GA, GROVETOWN, GA"
,3,"KEIRA AMARIS, VELOCITY BIKE CO, MASTIC BEACH, NY"
,4,"ALYSSA (BLACK WIDOW) BRYANT, SSQUARED MO, BALLWIN, MO"
,5,"EMMA MARTIN, ALLTOW WRECKING CREW/YESS, ELKRIDGE, MD"
,6,"RILEY PENNUCCI, ALBES, BLAIRSTOWN, NJ"
,7,"MELANIE (SMILES) MUYRES, FUSION RACING, ISANTI, MN"
,,
17-20 Women Cruiser    Total Riders = 4    Groups = 1,,
,1,"ISABELLA NELSON, SUFFIELD, CT"
,2,"PEYTON PULASKI, NATIONAL ALPHA, MERIDEN, CT"
,3,"BROOKLYNNE SCHUETZ, REDLINE BICYCLES, WENTZVILLE, MO"
,,
41-45 Women Cruiser    Total Riders = 3    Groups = 1,,
,1,"ANITRA (A-TRAIN) WHITE, MERRILLVILLE, IN"
,2,"SARAH NEES, PAK BMX RACING, AKRON, OH"
,3,"KELLY AMARIS, VELOCITY BIKE CO, MASTIC BEACH, NY"
,,
46-50 Women Cruiser    Total Riders = 4    Groups = 1,,
,1,"REBEKAH THREATT, ALPHA FACTORY, SAN MARTIN, CA"
,2,"SONIA BADANIK, FACTORY BOMBSHELL, INDIAN TRAIL, NC"
,3,"CONNIE RAMSEY, PASADENA, MD"
,,
51-55 Women Cruiser    Total Riders = 3    Groups = 1,,
,1,"LISA BELL, WOODBRIDGE, VA"
,2,"LAURA (KNOCK KNOCK) BOHNE, GOSHEN, KY"
,3,"PAIGE GORDON, BONESHAKER BICYCLES, DALLAS, GA"
,,
7 & Under Cruiser    Total Riders = 21    Groups = 4,,
,1,"GRAYSON (GQ) NOVAK, JRBICYCLES.COM/SPEEDCO/AVIAN, LAS VEGAS , NV"
,2,"WYATT CLARK, SUPER DUPER, BETHEL PARK, PA"
,3,"JACOB (KAMIKAZE) COLWELL, ALPHA FACTORY, CHANDLER, AZ"
,4,"CARSON  BURKHOLDER, CHIP N DALE NAT TEAM, NORWICH, NY"
,5,"GAVIN (THE OUTLAW) TONN, WIKID RACING, ORIENT, OH"
,6,"LOGAN MONTERO, MATCO TOOLS/M&M RACING, ZEPHYRHILLS, FL"
,7,"DASH (THE PROFESSOR) THORPE, IMPACT ACADEMY, LAS VEGAS, NV"
,8,"TOMMY (THE TOMAHAWK) BELCHER, WIKID RACING, ETNA, OH"
,,
8 Cruiser    Total Riders = 13    Groups = 2,,
,1,"SAWYER (SOY SAUCE) DAUGHERTY, POWER FX SPEEDCO, FORT MYERS, FL"
,2,"JAXSON  HOWELL, FULL TILT RADIO, HENDERSON, NV"
,3,"T  ANTHONY (T) ARANDA, ONEAL, GILBERT, AZ"
,4,"LOGAN (THE SHOWMAN) HADLEY, VEGAS LOCALS, LAS VEGAS, NV"
,5,"BLAKE YOUNG, DAYLIGHT, MOUNT JULIET, TN"
,6,"ALEX (ICEMAN) INGHAM, FACTORY ROUND 2, LOVELAND, OH"
,7,"CODY (THE YOUNG GUN) YOUNG, JRBICYCLES.COM/SPEEDCO/AVIAN, PUNTA GORDA, FL"
,8,"KAI (THE HURRICANE) GRAY, WIKID RACING, TALLMADGE, OH"
,,
9 Cruiser    Total Riders = 6    Groups = 1,,
,1,"MAX (MAD MAX) MEINEL, TNT NATIONAL, MONROE, CT"
,2,"JACOB (U KNOW) GREENWELL, BLACKCROWN BMX FACTORY, MECHANICSVILLE, MD"
,3,"NATE (NATE DOGG) CASERTA, BECAUSE BIKE SHOP, NAPLES, FL"
,4,"WYATT QUICK, PAK BMX RACING, AKRON, OH"
,5,"CALEN PYPER, HRP DESIGNS BMX RACE TEAM, BESSEMER, AL"
,,
10 Cruiser    Total Riders = 8    Groups = 1,,
,1,"JAMES JOHNSON, TACKLE BOX RACING, MURFREESBORO, TN"
,2,"COOPER (DOOPS) TAYLOR, COLUMBIA, MO"
,3,"ARCHER LINDEMAN, SUPER DUPER, JEANNETTE, PA"
,4,"MICHAEL (CUPCAKE) SEABROOK, CHAOS SQUAD, DACULA, GA"
,5,"DECLAN (DIESEL) SIMS, FACTORY TRIFECTA RACING, TRAFFORD, PA"
,6,"BLAKE GRAVES, SSQUARED MARYLAND, HOLLYWOOD, MD"
,7,"NESTOR (SAMSON) RODRIGUEZ, BOX, KENNESAW, GA"
,,
11 Cruiser    Total Riders = 10    Groups = 2,,
,1,"BRADY WORD, ALPHA FACTORY, MODESTO, CA"
,2,"CAMRON (CAM BAMA) PYPER, HRP DESIGNS BMX RACE TEAM, BESSEMER, AL"
,3,"ELI (JUMPING ELI JONES) JONES, A&E RACING, SIDNEY, OH"
,4,"COOPER (COOPER STAR) BEYER, SSQUARED  GA, DALLAS, GA"
,5,"BRADY (SCORPION) SCHULTE, HAPS M&M BMX RACING, BRADENTON, FL"
,6,"MICAH OWENS, IN THE ZONE, CHARLOTTE, NC"
,7,"ETHAN (E MAN) MUYRES, FUSION RACING, ISANTI, MN"
,8,"LUKE (TURBO) SHELNUT, BLACK CROWN GEORGIA, DALLAS, GA"
,,
12 Cruiser    Total Riders = 4    Groups = 1,,
,1,"TYLER HELSEL, POWERS BIKE SHOP, PASADENA, MD"
,2,"BRICE (ICE MAN) KLINGELHOFER, FUSION RACING, PRINCETON, MN"
,3,"RYLEN (BLAZE) HESTER, MEMPHIS, TN"
,,
13 Cruiser    Total Riders = 10    Groups = 2,,
,1,"CLAY (THE CHEFF) SHEFFIELD, DAYLIGHT CYCLES, LAKE CLARKE SHORES, FL"
,2,"PHILIP (PJ) RAMSEY, BLACK CROWN BIKE SHOP, PASADENA, MD"
,3,"GAVIN (THEFUTURE) BRADLEY, FACTTIMETOSHINEMONGOOSE, DAYTON, OH"
,4,"TREVOR HOFFMAN, RIDGE BROTHERS RACING, WILSONVILLE, OR"
,5,"ALEX MARSHALL, TOXIC RACING, WALLKILL, NY"
,6,"JASON (MAVERICK) CONSTANTINO, VELOCITY BIKE CO, WHITSETT, NC"
,7,"EASON (WILD THING) VAUGHN, BOMBSHELL, RALEIGH, NC"
,8,"CASH STRICKLAND, HRP DESIGNS BMX RACE TEAM, BIRMINGHAM, AL"
,,
14 Cruiser    Total Riders = 6    Groups = 1,,
,1,"COLE KOPCZYK, NONE, ELGIN, IL"
,2,"MAX MARSHALL, TOXIC RACING, WALLKILL, NY"
,3,"CADE MCCONNELL, BRENTWOOD, TN"
,4,"WILLIAM DZVONAR JR, ALPHA NATIONAL, PORT JEFFERSON STN, NY"
,5,"DEREK KLEIN, FLY ZONE, DEFOREST, WI"
,,
15 Cruiser    Total Riders = 6    Groups = 1,,
,1,"CANNON JOYNER, FACTORY BOMBSHELL, GROVETOWN, GA"
,2,"TY OLDHAM, DOTHAN, AL"
,3,"KAMDEN FUNK, BIKES 4 THE LIKES OF US, WRIGHT CITY, MO"
,4,"DOMINIC PEDOTTO, BLUESTEEL/O'NEAL/GORDY'S, CHANDLER, AZ"
,5,"HUNTER (BIG TASTY) SPARKS, SSQUARED MARYLAND, HOLLYWOOD, MD"
,,
16 Cruiser    Total Riders = 3    Groups = 1,,
,1,"ANDREW (THE ROCKET) KIRBY, BLACK WIDOW BMX, TULSA, OK"
,2,"JOSHUA MCCABE, MITCHELL RACE PLATES, BRIARWOOD, KY"
,3,"JACOB THURMAN, HRP DESIGNS BMX RACE TEAM, MIDLAND CITY, AL"
,,
17-20 Cruiser    Total Riders = 7    Groups = 1,,
,1,"JOHN PAUL (JPEEZY) STEVENS, FACTORY TRIFECTA, CARNEGIE, PA"
,2,"NICHOLAS (SHOWTIME) SCHWARZ, RAZON CONTRACTING, LILLINGTON, NC"
,3,"KYLE (WOODY) WOOD, PAK BMX RACING, YOUNGSTOWN, OH"
,4,"MICHAEL AMARIS, VELOCITY BIKE CO, MASTIC BCH, NY"
,5,"MYAHR (WIRE2WIRE MYAHR) ROGERS, MUDSLINGERS BIKE SHOP, MATTESON, IL"
,6,"YAVANT (CAN’T FOLD) HAUSLER, STAATS FACTORY/FLYZONE, ELGIN, IL"
,,
31-35 Cruiser    Total Riders = 3    Groups = 1,,
,1,"CALE MCCONNAUGHY, LETHAL THREAT RACING, DELTA, PA"
,2,"KYLE FUNK, BIKES FOR THE LIKES, WRIGHT CITY, MO"
,3,"LUIS ROJAS, MITCHELL RACING PLATES, QUEEN, NY"
,,
41-45 Cruiser    Total Riders = 3    Groups = 1,,
,1,"KOREY FIELDS, SSQUARED GA, ELLIJAY, GA"
,2,"JAMES KELLY, A&E RACING, DAYTON, OH"
,3,"RICHARD JOYNER, H-3 VETERAN'S SERVICE, GROVETOWN, GA"
,,
51-55 Cruiser    Total Riders = 7    Groups = 1,,
,1,"JOHN PRINGLE, PROFILE, ARCHER, FL"
,2,"ROB (THE BEAST) MCCAULEY, LIBERTY BMX, N LITTLE ROCK, AR"
,3,"MIKE FLYNN, ALBES PROMAX, OXFORD, MI"
,4,"SCOTT BERCIER, VENDETTA/FORM/FLY, CITRUS HEIGHTS, CA"
,5,"RICHARD BERRY, BMXRX, NAPLES, FL"
,6,"TONY (GORDZILLA) GORDON, BONESHAKER BICYCLES, DALLAS, GA"
,,
5 & Under Novice    Total Riders = 22    Groups = 4,,
,1,"SKYLAR EVERETT, SWAT, PRATTVILLE, AL"
,2,"REAGAN MARTIN, KENNESAW, GA"
,3,"ALEXIS SOUTHWELL, SPROCKET ROCKETS, MABLETON, GA"
,4,"CHASE REYNOLDS, TEAM IN THE ZONE, MOORESVILLE, NC"
,5,"CAMRYN (LIL BMXR) YARBOROUGH, TNT BYCYCLES GEORGIA, FAYETTEVILLE, GA"
,6,"KAISEN SANFORD, CHARLOTTE BOMBSHELL, PUNTA GORDA, FL"
,7,"KELLEN MILLER, MOM AND DAD, PITTSBURGH, PA"
,8,"CHASE YOUNG, CHARLOTTE BOMBSHELL, PUNTA GORDA, FL"
,,
6 Novice    Total Riders = 6    Groups = 1,,
,1,"BRAYDEN DILL, NAPLES, FL"
,2,"VAN LACHOWICZ, HYPER, CLARKSVILLE, TN"
,3,"ZOEY (HYPE GIRL) KESSLER, RAD DUDES, DECATUR, GA"
,4,"NICOLAS GUERRERO, POWDER SPRINGS, GA"
,5,"KADEN (THE CLOSER) FITZGERALD, MOM AND DAD, PLAMYRA, NE"
,,
7 Novice    Total Riders = 11    Groups = 2,,
,1,"CHANDLER (“BOOGIESOWN”) DAVIS, DAD&MOM, ZEPHYRHILLS, FL"
,2,"MARCELP ESPINOZA, ATLANTA, GA"
,3,"MASON (MASONATOR) ERICKSON, GATE 9, MERRITT ISLAND, FL"
,4,"TRISTAN GONSKE, FAITH, MONTGOMERY, TX"
,5,"ISRAEL DENNISON, FRANKLINTON, NC"
,6,"JAMESON ROBERTS, NOMADS RACING, YOUNGSVILLE, NC"
,7,"SIENNA PURCUPILE, SUPER DUPER, JEFFERSON HILLS, PA"
,8,"COLTON (MEAN MACHINE) KEEN, TIME2SHINE/MONGOOSE, AMANDA, OH"
,,
8 Novice    Total Riders = 4    Groups = 1,,
,1,"GUNNER HOLLOWAY, LINCOLNTON, GA"
,2,"KELLEN GRAHAM, BLUEGRASS RACING, LOUISVILLE, KY"
,3,"MADDOX JENNINGS, MOUNT HOLLY, NC"
,,
9 Novice    Total Riders = 9    Groups = 2,,
,1,"MATEO ESPINOZA, ATLANTA, GA"
,2,"KAMDEN ROBERTS, NOMADS RACING, YOUNGSVILLE, NC"
,3,"MARC AGUILERA, WOODSTOCK, GA"
,4,"CARSEN (MAIN EVENT) DUNLAP, CHAOS SQUAD, MCDONOUGH, GA"
,5,"DOMINIC HANSEN, HARAHAN, LA"
,6,"GENEVIEVE (LIL CHILI) PEEK, ELITE RACING TEAM, VESTAVIA, AL"
,7,"OWEN CHAPMAN, ALL THINGS BMX, TRAVERSE CITY, MI"
,8,"ALAINA HUNEYCUTT, TACO TUESDAY, MOUNT HOLLY, NC"
,,
10 Novice    Total Riders = 5    Groups = 1,,
,1,"DOMINIC MENNUTI, 110% NUTRITION, APOLLO BEACH, FL"
,2,"CAMERON (THE DREAM) JONES, TERMINAL BMX, SENOIA, GA"
,3,"BLAKE TURNER, EATON, OH"
,4,"SLADE HARP, DEADSET RACING, LOS ALAMITOS, CA"
,,
11 Novice    Total Riders = 5    Groups = 1,,
,1,"ARDEN (A-TRAIN) HALLBERG, SPROCKET ROCKETS, POWDER SPRINGS, GA"
,2,"DUEY HOLLOWAY, LINCOLNTON, GA"
,3,"MATTHEW BROWN, GARNER, NC"
,4,"VIRGINIA (PINK RIPPER) STRONG, BLACK CROWN NOLA, NEWE ORLEANS, LA"
,,
12 Novice    Total Riders = 3    Groups = 1,,
,1,"KORBIN BOS, TEAM MAYHEM, CADILLAC, MI"
,2,"MARTHA MAE (M & M) SMITH, ELITE RACING, MOUNTAIN BROOK, AL"
,3,"COLLIN MOMPER, MCDONOUGH, GA"
,,
14 Novice    Total Riders = 4    Groups = 1,,
,1,"CHARLOTTE JOHNSON, MAD CYCLES, FORT MILL, SC"
,2,"ABIGAIL (GET IT GIRL) MATHIS, CHAOS SQUAD, WOODBRIDGE, VA"
,3,"TREVOR CARD, PRATTVILLE, AL"
,,
15 Novice    Total Riders = 3    Groups = 1,,
,1,"ALEXANDRIA DEVLIN-GARCIA, YESS BMX, HUNTERSVILLE, NC"
,2,"LIBERTY EMERSON, TRUE BMX PRO SHOP, LANCASTER, SC"
,3,"MADISYNE HILL, WOLF PACK BMX, VICKSBURG, MS"
,,
17-20 Novice    Total Riders = 5    Groups = 1,,
,1,"CONNOR BELL, WOODBRIDGE, VA"
,2,"WREN (WRENEGADE) SZYMANSKI, REGGIE'S, TOLEDO, OH"
,3,"ALEXUS (LEX) TERRY, REGGIES BIKE SHOP, TOLEDO, OH"
,4,"CHRISTIN QUINN, DIALED DIRT, GREER, SC"
,,
26-35 Novice    Total Riders = 3    Groups = 1,,
,1,"MARK AZARRAGA, SPROCKET ROCKETS, WOODSTOCK, GA"
,2,"BRYAN JENNINGS, MOUNT HOLLY, NC"
,3,"BILLY MOBLEY, SPROCKET KINGZ NATIONAL BIKE SHOP, COLUMBUS, IN"
,,
36-40 Novice    Total Riders = 5    Groups = 1,,
,1,"CHRIS (THE RHINO) HARDY, SPROCKET ROCKETS, POWDER SPRINGS, GA"
,2,"JASON TURNER, EATON, OH"
,3,"DANE (ROADY) HALLBERG, SPROCKET ROCKETS, POWDER SPRINGS, GA"
,4,"DANIEL MATHIS, ROARING RIVER, NC"
,,
41-45 Novice    Total Riders = 7    Groups = 1,,
,1,"CHARLES MEYER, LITHIUM RACING, HAMPTON, VA"
,2,"SHAUN MILLER, BOMBSHELL, ENTERPRISE, AL"
,3,"EVERETT (EAZY-E) ROBINSON, TEAM HECKLER, DURHAM, NC"
,4,"JOHN POWELL, KAOS MEMPHIS, RED BANKS, MS"
,5,"RICHARD SIEBOLDT, BROOKLINE, MA"
,6,"DAVIN (DAVINATOR) ERICKSON, GATE 9, MERRITT ISLAND, FL"
,,
46-50 Novice    Total Riders = 3    Groups = 1,,
,1,"BRIAN MOORE, JACKSON, GA"
,2,"RICHARD (BIG CHILI) PEEK, ELITE RACING TEAM, VESTAVIA, AL"
,3,"SCOTT HEVNER, LAUREL, DE"
,,
51 & Over Novice    Total Riders = 4    Groups = 1,,
,1,"DAVE TUMOLO, 2ND CHANCE BMX, SUNBURY, PA"
,2,"RICHARD BOWMAN, ELITE RACING, BIRMINGHAM, AL"
,3,"LAURA (KNOCK KNOCK) BOHNE, GOSHEN, KY"
,,
5 & Under Intermediate    Total Riders = 6    Groups = 1,,
,1,"WYATT IRWIN, BLACK CROWN, PEACHTREE CITY, GA"
,2,"JAYCE (THE RINGER) REYNOLDS, DREAMTEAM, NAPLES, FL"
,3,"HAYDEN (SONIC BLAST) POGUE , HRP DESIGNS BMX RACE TEAM, PRATTVILLE, AL"
,4,"BRENNA WINDOWS, CAMERON MILLS, NY"
,5,"MARCO RESTREPO, BEMAX, MIAMI, FL"
,,
6 Intermediate    Total Riders = 21    Groups = 4,,
,1,"CHASE WING, MAD CYCLES, FORT MILL, SC"
,2,"RHETT HUNEYCUTT, TACO TUESDAY, MOUNT HOLLY, NC"
,3,"HUTCH (HUTCH) GRIFFITH, GRIFFITH BMX, PINEVILLE, NC"
,4,"PARKER (PHOTO FINISH) CARLSON, TEAM HECKLER, RALEIGH, NC"
,5,"PACE REED, CORNELIUS, NC"
,6,"MASON (MONEYMAN) SOUTHWELL, SPROCKET ROCKETS, MABLETON, GA"
,7,"FINNEGAN (IRISHMAN) LEE, HIGH POINT, NC"
,8,"BRADY HUDZIK, BETHEL PARK, PA"
,,
7 Intermediate    Total Riders = 19    Groups = 3,,
,1,"BRODEN (THE FLYIN BEAR) LORD, REBAR RACING MAD CYCLES, TEGA CAY, SC"
,2,"ROBERT (ROBBIE) SHENISE IV, FORT MILL, SC"
,3,"WALKER (WALKA FLAKA) ANDERSON, FORT MYERS, FL"
,4,"NICHOLAS (BIG J) JOHNSON, MUM & DAD, NAPLES, FL"
,5,"JAXSON YURISTA, CHARLOTTE, NC"
,6,"HENRY (THE HUSTLER) SMITH, ELITE RACING, MOUNTAIN BROOK, AL"
,7,"DECLAN (BUBBA SMOOTH) FURR, MOM AND DAD, PRATTVILLE, AL"
,8,"GRIFFIN (CRASH) POMERENKE, SSQUARED TENNESSEE, GALLATIN, TN"
,,
8 Intermediate    Total Riders = 18    Groups = 3,,
,1,"CHASE HARP, DEADSET RACING, LOS ALAMITOS, CA"
,2,"COOPER (COOP - DOG) CAFFERTY, KRAZY ACRES, VIRGINIA BEACH, VA"
,3,"SAMUEL CASCANTE, DORAL, FL"
,4,"HARRISON  VANNOY , VELOCIOUS SPORT, LEWISVILLELEWISVILLE , NC"
,5,"JUAN DIEGO DELGADO VALLADARES, WEST PALM BEACH, FL"
,6,"JACKSON  (LUMBERJACK) WOOD, INMAN-MURPHY PEST CONTROL, LAKELAND, TN"
,7,"TANNER (DYNAMITE) ALTER , REGGIE'S BIKE SHOP, MONROE, MI"
,8,"LOGAN (LOGANDO) BERNARD, ARMA, 100%, GODESIGN, ASHEVILLE, NC"
,,
9 Intermediate    Total Riders = 8    Groups = 1,,
,1,"KRISTOPHER SARDONE, ALPHA, RIDGE, NY"
,2,"COLEMAN (COLE THE BULL) FISHER, FORT MILL, SC"
,3,"CHASE DAHLHAUSER, COLOSSAL CYCLING, FORT MILL, SC"
,4,"MICHAEL CARLSON, TEAM HECKLER, RALEIGH, NC"
,5,"TITUS (GREEN GOBLIN) CANTRELL, CHAOS SQUAD, DALLAS, GA"
,6,"WYATT GAMBLIN, TEAM BELIEVE, WOOD RIVER, IL"
,7,"TY ROSS (THE HOSS) SIMMONS, TEAM ELITE, FULTONDALE, AL"
,,
10 Intermediate    Total Riders = 18    Groups = 3,,
,1,"MICHAEL (CUPCAKE) SEABROOK, CHAOS SQUAD, DACULA, GA"
,2,"ELI BERNARD, ARMA, 100%, GODESIGN, ASHEVILLE, NC"
,3,"ROWAN (THE WARRIOR) DERENZIS, DALLAS, GA"
,4,"GAVIN NOVAK, WEST COAST/ STAYSTRONG, TAMPA, FL"
,5,"JACKSON GADDIS, BLACKCROWN GEORGIA, MCDONOUGH, GA"
,6,"LOGAN (THUNDER CHICKEN) MATHIS, CHAOS SQUAD, WOODBRIDGE, VA"
,7,"BRYSON (BULLDOG) CHURCHILL, DOTHAN, AL"
,8,"ALEX DUKE, ROSWELL, GA"
,,
11 Intermediate    Total Riders = 14    Groups = 2,,
,1,"JOHN (COOKIE MONSTER) MOONEY, TOP TEAM RACING/DK/MCS, ALABASTER, AL"
,2,"SAMUEL CROMARTIE, NOMAD RACING, GRAHAM, NC"
,3,"LUKE (TURBO) SHELNUT, BLACK CROWN GEORGIA, DALLAS, GA"
,4,"JOEY SARDONE, ALPHA, RIDGE, NY"
,5,"TRACE (T-RACE) CREEL, ANOTHER BAD HABIT/NAPLES, NAPLES, FL"
,6,"CLARK (MUSTARD FOOT) JONES, TERMINAL BMX, SENOIA, GA"
,7,"KEVIN MANDRU, NAPLE BMX, NAPLES, FL"
,8,"EDUARDO (THE KID) PEREZ, SHIFTING GEARS/GATE NINE, NAPLES, FL"
,,
12 Intermediate    Total Riders = 20    Groups = 4,,
,1,"LOGAN BESIN, WELLINGTON, FL"
,2,"DIMITRI PEDOTTO, ACCUBUILD, CHANDLER, AZ"
,3,"TYLER BOWMAN, ELITE RACING, BIRMINGHAM, AL"
,4,"ASHTON HEVNER, LAUREL, DE"
,5,"BRADEN BEEBE, ELITE RACING, PELHAM, AL"
,6,"JAYDEN (J DOG) HADDOCK, TOP TEAM RACING  DK, MILTON, FL"
,7,"COLE (COWBOY) GOODMAN, SPROCKET KINGZ NATIONAL BIKE SHOP, COLUMBUS, IN"
,8,"KENDALL SPURGEON, AMERICAN NATIONAL INS., WEST MONROE, LA"
,,
13 Intermediate    Total Riders = 6    Groups = 1,,
,1,"MATTHEW (MR. PMA) RUBY, HEAVY PEDALZ, HOWELL, MI"
,2,"JOHN HOLMAN, MONTGOMERY, AL"
,3,"LOGAN (SCRATCH&DENT) KENNEDY, ANOTHER BAD HABIT, NAPLES, FL"
,4,"RYDER (GHOST RYDER) MARKHAM, WRENCHMAN RACING, FUQUAY VARINA, NC"
,5,"DEVIN (THA NATURAL) KELLY, BOX, SCAR DESIGN, RIDGELAND, MS"
,,
14 Intermediate    Total Riders = 4    Groups = 1,,
,1,"HAYDEN CASTRO, PALM SPRINGS, FL"
,2,"COHEN FAST, A&E RACING, SIDNEY, OH"
,3,"HUNTER QUICK, PAK BMX RACING, AKRON, OH"
,,
15 Intermediate    Total Riders = 7    Groups = 1,,
,1,"ANGEL SUAREZ, MIAMI, FL"
,2,"AUBREY (BIG SIS) DOUGLASS, ENAMEL BRAND, POWDER SPRINGS, GA"
,3,"ROBERT (SKETCHY) SCHWARTZ, FORT MILL, SC"
,4,"CHANDLER SHELNUT, POWDER SPRINGS, GA"
,5,"OLIVER LEE, HIGH POINT, NC"
,6,"AIDAN STERLING, DALLAS, GA"
,,
16 Intermediate    Total Riders = 5    Groups = 1,,
,1,"IVAN (THE KID) SORIANO, FLYZONE, SOUTH ELGIN, IL"
,2,"TANNER (TAN MAN) WILBANKS, MOM AND DAD, MARIETTA, GA"
,3,"KEEGAN HAGAR, BLACK SHEEP RACING, NORWICH, NY"
,4,"DEACON PADDOCK, TIME 2 SHINE MONGOOSE, OLNEY, IL"
,,
17-20 Intermediate    Total Riders = 3    Groups = 1,,
,1,"ZACHARY (SHARKBOY) LOFTIS, 21 PRODUCTIONS, STOCKTON, CA"
,2,"MICHAEL PECKETT, YESS BMX, PEACHTREE CITY, GA"
,3,"TYLER (T REX) HADDOCK, TOP TEAM RACING  DK, MILTON, FL"
,,
21-25 Intermediate    Total Riders = 3    Groups = 1,,
,1,"DREW MARKLE, COASTAL RACING, FUQUAY VARINA, NC"
,2,"JEREMY (JERM) SCHOLTEN, BMX COMPLIMTENTS, FORT WAYNE, IN"
,3,"HAYDEN KETTWICH, DIALED DIRT, MONROE, NC"
,,
26-35 Intermediate    Total Riders = 4    Groups = 1,,
,1,"GEORGE (G-NICE) SCOTT, NICEMOVE/KALES KITCHEN, CHARLOTTE, NC"
,2,"KYLE (WOODY) WOOD, PAK BMX RACING, YOUNGSTOWN, OH"
,3,"TONY POGUE, HRP DESIGNS BMX RACE TEAM, PRATTVILLE, AL"
,,
36-40 Intermediate    Total Riders = 5    Groups = 1,,
,1,"TODD JOHNSON, MAD CYCLES, FORT MILL, SC"
,2,"CHARLIE CHATHAM, LOW LIFE RACING, ACWORTH, GA"
,3,"JOE SIEBOLDT, PLANTATION, FL"
,4,"DONALD (THE NATUREBOY) COBLE, BLACK CROWN GEORGIA, MCDONOUGH, GA"
,,
46-50 Intermediate    Total Riders = 6    Groups = 1,,
,1,"JASON (NOT RONNIE) KIM, AMERICAN SOLDIER NETWORK, ALPHARETTA, GA"
,2,"GREG BARBIER, BLACKCROWN NOLA, HARVEY, LA"
,3,"AARON JAMES, TANGLEWOOD DEVO TEAM, WINSTON SALEM, NC"
,4,"ED LEVINE, WRENCHMAN / BLACK CROWN, WAKE FOREST, NC"
,5,"JASON CHANDLER, CANTON, GA"
,,
6 Girls Expert    Total Riders = 4    Groups = 1,,
,1,"ISABELLA SMITH, LRC MONGOOSE, HENDERSON, NV"
,2,"CAMISON PYPER, HRP DESIGNS BMX RACE TEAM, BESSEMER, AL"
,3,"CHARLOTTE WORD, ALPHA NATIONAL TEAM, MODESTO, CA"
,,
7 Girls Expert    Total Riders = 3    Groups = 1,,
,1,"ADELYN SCHUMAKER, CARY, NC"
,2,"HARLOW SCOTT, ALPHA NATIONAL TEAM, SARTELL, MN"
,3,"KEILANI (KRAZY KAT) GRAY, WIKID RACING, TALLMADGE, OH"
,,
8 Girls Expert    Total Riders = 6    Groups = 1,,
,1,"JEMMA (LIL JT) TOLLEFSON, FACTORY BOX COMPONENTS, WOODBURY, MN"
,2,"MAYA (WARRIOR PRINESS) GADBOIS, ALBES PROMAX, SANTA CLARITA, CA"
,3,"KIAH REED, CORNELIUS, NC"
,4,"ABIGAIL (THE BEAST) VOSS, FUSION, ISANTI, MN"
,5,"HAILEY (TANK) SMITH, TIME2SHINE, ASHBURN, VA"
,,
9 Girls Expert    Total Riders = 3    Groups = 1,,
,1,"ZARA MONOLOLO, NORCAL NEXT GENERATION, EL DORADO HILLS, CA"
,2,"ALEX  PASOWICZ, BLACKCROWN BMX FACTORY, LA VERNE, CA"
,3,"JORDAN (SPECIAL) SMITH, TIME2SHINE, ASHBURN, VA"
,,
10 Girls Expert    Total Riders = 4    Groups = 1,,
,1,"SAOIRSE DAMMERS, WELLINGTON, FL"
,2,"ALEXA SANDERS, TEAM C, MURRIETA, CA"
,3,"ADDISON SPENCER, BOX, NEW HAVEN, IN"
,,
11 Girls Expert    Total Riders = 8    Groups = 1,,
,1,"GIADA (JUMPSTART) MAFFEI, LITHIA, FL"
,2,"CAMRYN (CRAZY LEGS) SEARFOSS, VELOCITY BIKE CO, NORWICH, NY"
,3,"CHELSEA (THE HAMMER) WILSON, TRUE BMX FACTORY TEAM, ROCK HILL, SC"
,4,"PROMISE EVERETT, SWAT, PRATTVILLE, AL"
,5,"CRYSTINA PATRICK, ALBES PROMAX, ERIE, PA"
,6,"VIOLETT KRASEL, ARMA/T-BONE, KANNAPOLIS, NC"
,7,"KENZIE CAFFERTY, KRAZY ACRES, VIRGINIA BEACH, VA"
,,
13 Girls Expert    Total Riders = 8    Groups = 1,,
,1,"SAMANTHA WILLIAMSON, SSQUARED GA, GROVETOWN, GA"
,2,"ISABELLA (CHICHI) CRUZ, DELRAY BEACH, FL"
,3,"ALLISON (GINGER SNAP) LAUGHLIN, ALBES PROMAX, ERIE, PA"
,4,"MADDY TRANSUE, SEVERN, MD"
,5,"MARLIE (MEYHAM) RIETSCHEL, BMX COMPLIMENTS, BROOKLYN PARK, MN"
,6,"KYLEE KNUDSEN, IMPACT RACING, ELY, NV"
,7,"CHATHAM RICKS, VELOCITY BIKE CO., AYLETT, VA"
,,
14 Girls Expert    Total Riders = 12    Groups = 2,,
,1,"AVERY CHARTRAND, ALPHA FACTORY, ISANTI, MN"
,2,"SHELBY (SMILES) ELDER, FACTORY BOMBSHELL, WAXAHACHIE, TX"
,3,"EMMA MARTIN, ALLTOW WRECKING CREW/YESS, ELKRIDGE, MD"
,4,"KEIRA AMARIS, VELOCITY BIKE CO, MASTIC BEACH, NY"
,5,"ALYSSA (BLACK WIDOW) BRYANT, SSQUARED MO, BALLWIN, MO"
,6,"RILEY PENNUCCI, ALBES, BLAIRSTOWN, NJ"
,7,"KAYLA (ZOOM ZOOM) WERNER, PHAT DADDY RACING, LEWES, DE"
,8,"MELANIE (SMILES) MUYRES, FUSION RACING, ISANTI, MN"
,,
15-16 Girls Expert    Total Riders = 5    Groups = 1,,
,1,"ISABELLA NELSON, SUFFIELD, CT"
,2,"PEYTON PULASKI, NATIONAL ALPHA, MERIDEN, CT"
,3,"GABRELLE (GABBY ROSS) ROSS, COLUMBUS, OH"
,4,"ALISHA GARSIDE, IMPACT RACING, LAS VEGAS, NV"
,,
17-20 Women Expert    Total Riders = 5    Groups = 1,,
,1,"ALEXA CHAVEZ, SSQUARED NATIONAL TEAM , MIAMI"
,2,"MEA FLYNN, ALBES PROMAX, OXFORD, MI"
,3,"BROOKLYNNE SCHUETZ, REDLINE BICYCLES, WENTZVILLE, MO"
,4,"SYDNEY (KOOL AID) WELBORN, M&M RACING, SEYMOUR, TN"
,,
21-30 Women Expert    Total Riders = 3    Groups = 1,,
,1,"MORGAN WRIGHT, RACER ARMY, ORLAND PARK, IL"
,2,"BIANKA LATHAN, WRENCHMAN RACING, SANFORD, NC"
,3,"KELLY AMARIS, VELOCITY BIKE CO, MASTIC BEACH, NY"
,,
5 & Under Expert    Total Riders = 3    Groups = 1,,
,1,"NICOLAS (NITRO NICO) MOULTON, CHARLOTTE BOMBSHELL, PORT CHARLOTTE, FL"
,2,"BLAKE (CASH MONEY COYNE) COYNE, WIKID RACING, WALTON HILLS, OH"
,3,"DEXTER (HOT ROD) REDMOND, SSQUARED MARYLAND, LEONARDTOWN, MD"
,,
6 Expert    Total Riders = 4    Groups = 1,,
,1,"JACOB (KAMIKAZE) COLWELL, ALPHA FACTORY, CHANDLER, AZ"
,2,"LOGAN MONTERO, MATCO TOOLS/M&M RACING, ZEPHYRHILLS, FL"
,3,"JAX (JAXY BOY) LAFRENIERE, SANTEE, CA"
,,
7 Expert    Total Riders = 19    Groups = 3,,
,1,"GRAYSON (GQ) NOVAK, JRBICYCLES.COM/SPEEDCO/AVIAN, LAS VEGAS , NV"
,2,"REID (THE WEDGIE) AUTRY, GALLATIN, TN"
,3,"PARKER (MIGHTY MOUSE) GRAVES, SSQUARED NATIONAL TEAM , HOLLYWOOD, MD"
,4,"GAVIN (THE OUTLAW) TONN, WIKID RACING, ORIENT, OH"
,5,"TOMMY (THE TOMAHAWK) BELCHER, WIKID RACING, ETNA, OH"
,6,"AXEL (FAT BOY) LAWRENCE, HECKLER BMX, WILMINGTON, NC"
,7,"MICHAEL HUDZIK, BETHEL PARK, PA"
,8,"JASE (SWEET TEA) MARANG, OWASSO, OK"
,,
8 Expert    Total Riders = 17    Groups = 3,,
,1,"SAWYER (SOY SAUCE) DAUGHERTY, POWER FX SPEEDCO, FORT MYERS, FL"
,2,"DEAGAN (MOOOOOSE) RACINE, ALPHA NATIONAL TEAM, CHANDLER, AZ"
,3,"CODY (THE YOUNG GUN) YOUNG, JRBICYCLES.COM/SPEEDCO/AVIAN, PUNTA GORDA, FL"
,4,"ZANE MONOLOLO, NORCAL NEXT GENERATION, EL DORADO HILLS, CA"
,5,"T  ANTHONY (T) ARANDA, ONEAL, GILBERT, AZ"
,6,"ALEX (ICEMAN) INGHAM, FACTORY ROUND 2, LOVELAND, OH"
,7,"JAXSON  HOWELL, FULL TILT RADIO, HENDERSON, NV"
,8,"MASON (CHAPSTICK) GRAY, NOMADS, RALEIGH, NC"
,,
9 Expert    Total Riders = 17    Groups = 3,,
,1,"ANDRES (LIL MACHINE) ANDRADE, FACTORY BOMBSHELL, MIAMI, FL"
,2,"MAX (MAD MAX) MEINEL, TNT NATIONAL, MONROE, CT"
,3,"JACOB (U KNOW) GREENWELL, BLACKCROWN BMX FACTORY, MECHANICSVILLE, MD"
,4,"AUSTIN (ANIMAL) LINDNER, S SQUARE, MIAMI, FL"
,5,"DOMINICK DUNN, NOMADS BMX, MEBANE, NC"
,6,"NATE (NATE DOGG) CASERTA, BECAUSE BIKE SHOP, NAPLES, FL"
,7,"CALEN PYPER, HRP DESIGNS BMX RACE TEAM, BESSEMER, AL"
,8,"JACKSON (FLAPJACK) GRANTHAM, RAD DUDES BLACK CROWN, SMYRNA, GA"
,,
10 Expert    Total Riders = 15    Groups = 3,,
,1,"CJ (THE ALASKAN PULL) RIVERA, HOUSTON RACING TEAM, HOUSTON, TX"
,2,"THIAAN HARDIE, HYPER, SPRING, TX"
,3,"COOPER (DOOPS) TAYLOR, COLUMBIA, MO"
,4,"BENSON (THE HULK) DANIELO, JRBICYCLES.COM/SPEEDCO/AVIAN, VENICE, FL"
,5,"PALMER WARD, FACTORY BOMBSHELL, LOUISVILLE, KY"
,6,"SAMUEL HERNANDEZ VALVERDE, COSTA RICA"
,7,"ARCHER LINDEMAN, SUPER DUPER, JEANNETTE, PA"
,8,"BENJAMIN (BIG BACON) JOHNSON, SPARK BMX TRAINING, MEBANE, NC"
,,
11 Expert    Total Riders = 22    Groups = 4,,
,1,"EVAN (DIVE BOMBER) DOUGLASS, ENAMEL BRAND, POWDER SPRINGS, GA"
,2,"MATT (THE BADINATOR) BADANIK, FACTORY BOMBSHELL, INDIAN TRAIL, NC"
,3,"BRYAN (SHATTY) SHATSWELL III, BMX SHARKS, BEAUMONT, CA"
,4,"BRYCE (THE BEAST) CAULEY, SEAN CARVAJAL'S LDC, CYPRESS, TX"
,5,"BRADY WORD, ALPHA FACTORY, MODESTO, CA"
,6,"ZAIDYN (THE ZANIAC) ROBINSON, IMPACT BMX RACING, HENDERSON, NV"
,7,"NOAH RATZLAFF, ALPHA NATIONAL TEAM, LA HABRA, CA"
,8,"TATE REED, CORNELIUS, NC"
,,
12 Expert    Total Riders = 10    Groups = 2,,
,1,"ROWDY HOLZER, PROFILE, NEWCASTLE, CA"
,2,"GRIFFIN (THE RIPPER) KELLEHER, POWERS BIKE SHOP, STEVENSVILLE, MD"
,3,"AUSTIN (RACK CITY) ROCHA, SWAT, BEAUMONT, CA"
,4,"TYLER HELSEL, POWERS BIKE SHOP, PASADENA, MD"
,5,"BEN (BIGBEN) HARDIE, HYPER, SPRING, TX"
,6,"BRICE (ICE MAN) KLINGELHOFER, FUSION RACING, PRINCETON, MN"
,7,"RJ (RJ) CRAWFORD, ROYAL PALM BEACH, FL"
,8,"RYLEN (BLAZE) HESTER, MEMPHIS, TN"
,,
13 Expert    Total Riders = 14    Groups = 2,,
,1,"IGNACIO MANGUAL, ROCK STAR FULL TILT, KISSIMMEE, FL"
,2,"PHILIP (PJ) RAMSEY, BLACK CROWN BIKE SHOP, PASADENA, MD"
,3,"GAGE (CHASIN GAGE HILL) HILL, CRANK LABS BMX, PLATO, MN"
,4,"CLAY (THE CHEFF) SHEFFIELD, DAYLIGHT CYCLES, LAKE CLARKE SHORES, FL"
,5,"GAVIN (THEFUTURE) BRADLEY, FACTTIMETOSHINEMONGOOSE, DAYTON, OH"
,6,"MASON (BOOGALOO) COLUNGA, COLOSSAL CYCLING, FORT MLL, SC"
,7,"CESAR MONTES DE OCA, WOODSTOCK, GA"
,8,"JUSTIN (JUICE) AVILA, NOMADS BMX, WAKE FOREST, NC"
,,
14 Expert    Total Riders = 20    Groups = 4,,
,1,"JONATHAN BAEZ, ROCKSTAR FULLTILT RADIO, LAKE WALES, FL"
,2,"COLE KOPCZYK, NONE, ELGIN, IL"
,3,"MATTHEW BREWER, DAYLIGHT, EAGLEVILLE, TN"
,4,"CADE MCCONNELL, BRENTWOOD, TN"
,5,"MAX MARSHALL, TOXIC RACING, WALLKILL, NY"
,6,"JAMES IRWIN, TERMINAL BMX, PEACHTREE CITY, GA"
,7,"SEBASTIAN BETTINGER, SEAN CARVAJAL'S LDC, RALEIGH, NC"
,8,"SEAN NICOSIA, FACTORY BOMBSHELL, HUNTERSVILLE, NC"
,,
15 Expert    Total Riders = 14    Groups = 2,,
,1,"ZACK DRINKARD, VELOCITY BIKE CO, MECHANICSVILLE, VA"
,2,"ALEJANDRO CHE, FACTORY YESS BMX, TORRANCE, CA"
,3,"SAGE (SANTA CRUZ) SCHMIDT, ROBBY’S/ 21PRODUCTIONS, OAKDALE, CA"
,4,"TYLER WHEELER, PHAT DADDY RACING, COMPTON, MD"
,5,"MASON KIRNER, WELLINGTON, FL"
,6,"CHANCE (WILDMAN) WELBORN, M&M RACING, SEYMOUR, TN"
,7,"CANNON JOYNER, FACTORY BOMBSHELL, GROVETOWN, GA"
,8,"KAMDEN FUNK, BIKES 4 THE LIKES OF US, WRIGHT CITY, MO"
,,
16 Expert    Total Riders = 10    Groups = 2,,
,1,"JOE WILLMERT, PRODIGY RACING, CAMBRIDGE, MN"
,2,"NOAH PITTS, TWIN CITY ELITE, CHOUDRANT, LA"
,3,"ANDREW (THE ROCKET) KIRBY, BLACK WIDOW BMX, TULSA, OK"
,4,"ALEXANDER BOUER, ECC FACTORY RACING, HOWELL, NJ"
,5,"CONNOR GORTNEY, HRP DESIGNS BMX RACE TEAM, HELENA, AL"
,6,"DIEGO G. RODRIGUEZ, FAJARDO, PR"
,7,"CONNER SMITH, MITCHELL RACING, LOUISVILLE, KY"
,8,"PAT (BAD LUCK) BRYANT, SSQUARED MO, BALLWIN, MO"
,,
17-20 Expert    Total Riders = 23    Groups = 4,,
,1,"DREW POLK, HYPER, AVON, IN"
,2,"CHRISTHIAN CASTRO, FACTORY MANGLER, RIO BAMBA"
,3,"CAMERON (WINGDING) WING, ALPHA FACTORY, ROWLETT, TX"
,4,"JEAN (MICKI) NAVAS, HOUSTON RACING TEAM, A"
,5,"SAWYER (SAW-DAWG) HOLLY, FACTORY TRUE BMX PRO SHO, CHELSEA, AL"
,6,"WESLEY (BOOGIE) CLARK, VELOCITY BIKE CO, GROVETOWN, GA"
,7,"TYLER KNIGHT, HYPER, LAKESIDE, CA"
,8,"JEREMY BAEZ, ROCKSTAR FULLTILT RADIO, LAKE WALES, FL"
,,
36-40 Expert    Total Riders = 7    Groups = 1,,
,1,"GUSTAVO (GUS) SERNA, ECC FACTORY RACING, BRIDGEWATER, NJ"
,2,"KYLE FUNK, BIKES FOR THE LIKES, WRIGHT CITY, MO"
,3,"DARRELL SHELNUT, BLACK CROWN GEORGIA, DALLAS, GA"
,4,"LUIS ROJAS, MITCHELL RACING PLATES, QUEEN, NY"
,5,"EDUARDO WALTER, MAKE A CHOICE,CARPE DIEM, KENNESAW, GA"
,6,"BRANDON HORN, A&E RACING, DAYTON, OH"
,,
41-45 Expert    Total Riders = 4    Groups = 1,,
,1,"THOMAS (TOMMY) MILLER, PREMIER RACING NATIONAL TEAM, FORT WORTH, TX"
,2,"RICHARD JOYNER, H-3 VETERAN'S SERVICE, GROVETOWN, GA"
,3,"LEN NOVAK, TIME2SHINE, LAS VEGAS , NV"
,,
46-50 Expert    Total Riders = 4    Groups = 1,,
,1,"JAMES KELLY, A&E RACING, DAYTON, OH"
,2,"DAVID GARREN, ZERONINE, CLEVELAND, GA"
,3,"JASON SWAIN, TALLAHASSEE, FL"
,,
51 & Over Expert    Total Riders = 5    Groups = 1,,
,1,"MARC MADDOX, AOT RACING, REVITAL U, ROCKPORT, IN"
,2,"DOMINICK ERIC COATES, SEVERN, MD"
,3,"MARVELL BROOM, MORROW, GA"
,4,"ROB (THE BEAST) MCCAULEY, LIBERTY BMX, N LITTLE ROCK, AR"
,,
