Midwest National #2,,
5 & Over Balance Bike    Total Riders = 4    Groups = 1,,
,0,"AYDEN ROGERS, ELGIN, IL"
,0,"JAKE FREIER, FREEPORT, IL"
,0,"GREYSON MOGENSEN, LITTLERIPPERZ, SEVENMX, WAUKESHA, WI"
,,
4 Balance Bike    Total Riders = 6    Groups = 1,,
,0,"RHETT VANGINKEL, RUNNELLS, IA"
,0,"KRUZ HIESTER, PEARL CITY, IL"
,0,"HAZEL COOKE, WINTERSET, IA"
,0,"AMELIA WELTY, DES MOINES, IA"
,0,"KADINCE WALLGREN, MONROE, WI"
,,
3 Balance Bike    Total Riders = 6    Groups = 1,,
,0,"MADDYN DUMMER, COURTLAND, MN"
,0,"NINA ZARATE, DUNDEE, IL"
,0,"BRUCE SWAP, MONROE, MI"
,0,"EMMETT YOUNG, ALTOONA, IA"
,0,"HAYDEN SHANAHAN, ELGIN, IL"
,,
1-2 Balance Bike    Total Riders = 2    Groups = 1,,
,0,"KANYON COOKE, WINTERSET, IA"
,0,"BENJAMIN VONMOSS, VAUGHN, NM"
,,
Vet Pro    Total Riders = 9    Groups = 6,,
,1,"JONATHAN SUAREZ, ALPHA FACTORY, CORAL SPRINGS, FL"
,2,"ANDRES (JIMENEZ) JIMENEZ, BOGOTA"
,3,"JOSH SMITH, DK BICYCLES, SPRINGBORO, OH"
,4,"LUCIANO (ROQUE) CORREA ROQUE, DX TRIM, ORLANDO, FL"
,5,"BRADEN ROMER, VELOCIOUS SPORT, GREENSBORO, NC"
,6,"PAUL MOORE, GOODYEAR BMX / FLY, CASA GRANDE, AZ"
,7,"STEVEN RUPRECHT, GARAGE FORCE/KOMA WHEELS, MARIETTA, GA"
,8,"RICHARD CEBULA, FACTORY RACER CONCEPTS, GRAWN, MI"
,,
Women Pro    Total Riders = 14    Groups = 6,,
,1,"FELICIA STANCIL, FACTORY SSQUARED, INDIANAPOLIS, IN"
,2,"DALENY VAUGHN, 316 RACING DK BIKES, TUCSON, AZ"
,3,"MOLLY SIMPSON, DAYLIGHT CYCLES, RED DEER, AB"
,4,"BROOKE CRAIN, HARO BMX, VISALIA, CA"
,5,"RACHEL MYDOCK, REMIX BMX, PHOENIX, AZ"
,6,"PAYTON RIDENOUR, POTTSTOWN, PA"
,7,"OLIVIA ARMSTRONG, FULL TILT RADIO, BEND, OR"
,8,"SAMANTHA MILLER, RIVAL RACING, PITTSBURGH, PA"
,,
Men Pro    Total Riders = 27    Groups = 12,,
,1,"JOSHUA MCLEAN, FULL TILT RADIO, PALM HARBOR, FL"
,2,"KAMREN LARSEN, HARO BMX, BAKERSFIELD, CA"
,3,"CAMERON WOOD, MONGOOSE, PEORIA, AZ"
,4,"ASUMA (ASUMAX) NAKAI, MONGOOSE/XLARGE, NIGATA"
,5,"KENNETH GUSTAFSON, LITTLETON, CO"
,6,"RILEY HOUSE, FACTORY RIFT TANGENT, GILBERT, AZ"
,7,"JACK DAVIS, FACTORY SSQUARED, TAMWORTH, NSW"
,8,"CORBEN SHARRAH, DAYLIGHT CYCLES, TUCSON, AZ"
,,
6 & Under Mixed Open    Total Riders = 18    Groups = 3,,
,1,"RHETT HUNEYCUTT, FRANK MCLEAN FOREVER, MOUNT HOLLY, NC"
,2,"BRODER (CASH MONEY) PETERSEN, DAVENPORT, IA"
,3,"AMERI (MONSTER) DE VERA, BFR/BELLFLOWER BICYCLES, LONG BEACH, CA"
,4,"JACOBY VIOLA, KEGELS, LOVES PARK, IL"
,5,"MAKSON (BIG BLOCK) TWETEN, 701 GRILLS, GRAND FORKS, ND"
,6,"BRADY HUDZIK, BETHEL PARK, PA"
,7,"JAYDEN (BUG) WELDON, VALPARAISO, IN"
,8,"FOSTER (BIG CHUNGUS) KILLEEN, WILLIAMSBURG, MI"
,,
7-8 Mixed Open    Total Riders = 17    Groups = 3,,
,1,"VIDA (LA VIDA LOCA) DE VERA, BFR/BELLFLOWER BICYCLES, LONG BEACH, CA"
,2,"VICTORIA (VICKY G) GARCIA, SSQUARED FLORIDA, MIAMI, FL"
,3,"MASON (THE SUSPECT) DEGROOT, JUST CUZ RACING, VALLEJO, CA"
,4,"HANNAH (HURRICANE) JAMESON, SSQUARED MISSOURI, DARDENNE PRAIRIE, MO"
,5,"KAIDEN WAGNER, SKILLZ/PROPHECY, MISHAWAKA, IN"
,6,"JAMES MORLEY, GOSHEN, IN"
,7,"BRYSEN (BEAST WRANGLER) BOLGER, EDGE RACING, BLUE SPRINGS, MO"
,8,"LANDEN (HUNTIN) HEDGER, THE HILL RACING TEAM, ELGIN, IL"
,,
9-10 Mixed Open    Total Riders = 10    Groups = 2,,
,1,"TALAN (T-BONE) VANGINKEL, RUNNELS, IA"
,2,"KEATYN SCHWARTZ, ELK POINT, SD"
,3,"ALEXANDER CARLSON, ZOMBIELAND, OMAHA, NE"
,4,"CARSON LEAHY, OMAHA, NE"
,5,"TROY (TROY TROY) MITCHELL, BOMBSHELL, BLUE SPRINGS, MO"
,6,"ZEKE PINCHART, RACER ARMY, WINDSOR, WI"
,7,"THEODORE (TFW) WALLA, MICHIGAN WILD, ROCKFORD, MI"
,8,"ADDISON SPENCER, BOX, NEW HAVEN, IN"
,,
11-12 Mixed Open    Total Riders = 18    Groups = 3,,
,1,"GUADALUPE PALACIOS, BAY AREA BMXERS, CALI"
,2,"LOLA JONJEVIC, DFR POWERLITE BMX, KANSAS CITY, MO"
,3,"KATE (COACH) CLARRIDGE, RIVAL RACING, MARYSVILLE, OH"
,4,"KATY CYRUS, REDMAN BIKES, WINCHESTER, CA"
,5,"BELLA (MOUSE) WHITE, BLACK WIDOW BMX, ISANTI, MN"
,6,"LILY (THE BUTTERFLY) BRITTON, BREAKAWAY BICYCLES, WHITEHALL, MI"
,7,"LACY (LASER) PABEN, REGGIE'S BIKE SHOP, TEMPERANCE, MI"
,8,"PAXTON NELSON, STOUGHTON, WI"
,,
13-14 Mixed Open    Total Riders = 15    Groups = 3,,
,1,"NICOLE FORONDA, BAY AREA BMXERS, MEDELLIN"
,2,"KAMRYN SWAN, REGGIE'S BIKE SHOP, TOLEDO, OH"
,3,"LOGAN (SCRATCH&DENT) KENNEDY, ANOTHER BAD HABIT RACING, NAPLES, FL"
,4,"ADALYN BRITTON, BREAKAWAY BICYCLES, WHITEHALL, MI"
,5,"OWEN WEATHERHEAD, BELLEVILLE, KS"
,6,"SARAH HAUGEN, WATERTOWN, SD"
,7,"TRISTIN (TNT) PINGITORE, SE/RIDECO ELITE, PEORIA, AZ"
,8,"DONTAY BROWN, MAJESTY RACING, BUCKNER, MO"
,,
15-16 Mixed Open    Total Riders = 6    Groups = 1,,
,1,"GRECIA CRISTODULO, PREMIER RACING NATIONAL TEAM, DALLAS, TX"
,2,"REESE GEISTER, ALTO, MI"
,3,"TALYNN DICKEY, F-BOMB APPAREL, WISCONSIN RAPIDS, WI"
,4,"WAYMAN (SMILEY) MILAM, PEAK PERFORMANCE BIOLAB, FULTON, MO"
,5,"STELLA (SLING SHOT) SUNSERI, JRBICYCLES.COM/SPEEDCO/AVIAN, SAN JOSE, CA"
,,
17-20 Mixed Open    Total Riders = 5    Groups = 1,,
,1,"TRINADEE STOFLET, FACTORY MIDWEST PULL, WISCONSIN RAPIDS, WI"
,2,"TYLER MONESMITH, AKRON, IN"
,3,"MEGAN DUDGEON, BMX COMPLIMENTS, WISCONSIN RAPIDS, WI"
,4,"CHARLIE HAMMOND, STOUGHTON, WI"
,,
26-30 Mixed Open    Total Riders = 4    Groups = 1,,
,1,"KAITLYN LARSON, BLACK WIDOW BMX, STACY, MN"
,2,"CAMERON YOUNG, ALTOONA, IA"
,3,"ELIDA BEEMAN, FACTORY BOMBSHELL, LANSING, MI"
,,
31 & Over Mixed Open    Total Riders = 8    Groups = 1,,
,1,"JOSHUA (SQUIRREL) NEELAN, LETHAL BMX/SPEEDCO, BRAINERD, MN"
,2,"LEON (MAYHEM) LANNING, ORTONVILLE, MI"
,3,"MIKE (HARDHAT) PORTER, MUDSLINGER BIKE SHOP, BONDURANT, IA"
,4,"MATTHEW HOGGAN, LAKE SAINT LOUIS, MO"
,5,"WILLIAM (BINKEY) BREWER, MAJESTYRACING, DELLWOOD, MO"
,6,"ERIK ROGERS, MIDWEST MILITIA, ROCKFORD, IL"
,7,"NATHAN MORLEY, GOSHEN, IN"
,,
6 & Under Open    Total Riders = 6    Groups = 1,,
,1,"GREYSON (RACINGREYSON) CARR, DAYLIGHT CYCLES, AMELIA, OH"
,2,"BLAKE (CASH MONEY COYNE) COYNE, WIKID RACING, WALTON HILLS, OH"
,3,"AYDEN (GHOSTIN) GARBER, SURFACE RACE TEAM, HOBART, IN"
,4,"JIOVONI (THE JET) FUNES, LAKE STATION, IN"
,5,"EASTON (BOO) LONG, SPEED FREAKS BMX, WARSAW, IN"
,,
7-8 Open    Total Riders = 21    Groups = 4,,
,1,"LORENZO (LORENZO) IDARRAGA, BAY AREA BMXERS, ATLANTIS, FL"
,2,"LEVI (MAMBA) BURMEIER, PREMIER RACING, BURLESON, TX"
,3,"JACKSON  SCOGGINS, MOM AND DAD, MEMPHIS, TN"
,4,"GRAYSON (GQ) NOVAK, JRBICYCLES.COM/SPEEDCO/AVIAN, LAS VEGAS , NV"
,5,"ALEX (ICEMAN) INGHAM, FACTORY ROUND 2, LOVELAND, OH"
,6,"CALEB (K SLAY) GASSAWAY, TOXIC RACING, AKRON, NY"
,7,"SOLOMON MITCHELL, BOMBSHELL, BLUE SPRINGS, MO"
,8,"JACKSON (ACTION) STAUFFER, BLACK WIDOW BMX, FARIBAULT, MN"
,,
9-10 Open    Total Riders = 6    Groups = 1,,
,1,"ELI (LY-LY) STATON, FULL TILT RADIO, BELTON, MO"
,2,"ESPEN WILKE, TRIP9 RACING, OCONOMOWOC, WI"
,3,"MATTHEW GULVIK, RACER CONCEPTS, POYNETTE, WI"
,4,"CALEB DAHL, RACER ARMY, WATERTOWN, WI"
,5,"MADDOX (MAD DOG) SNELL, CYCLE WORKS, LINCOLN, NE"
,,
11-12 Open    Total Riders = 20    Groups = 4,,
,1,"CHRIS FELKER, FACTORY RIFT TANGENT, KNOXVILLE, TN"
,2,"MASON HAYES, MONGOOSE BICYCLES, DENVER, NC"
,3,"ROWDY HOLZER, PROFILE, NEWCASTLE, CA"
,4,"JASON (JASE) STERLINSKI, HYPER, BETHPAGE, TN"
,5,"NICOLAS (NOI) SALAMANCA, FORCE, LAKE WORTH, FL"
,6,"ANDREW WUENSCHEL, FACTORY BOMBSHELL, INDEPENDENCE, MO"
,7,"COOPER KEDROWSKI, ELITE CAMP BMX, HARRIS, MN"
,8,"LEVI HOBBIE, WILD NATIONAL, GRAND RAPIDS, MI"
,,
13-14 Open    Total Riders = 15    Groups = 3,,
,1,"NOLAN COLBORN, FACTORY THRODWN, JANESVILLE, WI"
,2,"RONAN (ROCKETMAN) MCHENRY, BMXSHOWBOATERS/BOMBSHELL, SAN DIEGO, CA"
,3,"RICHARD (RATTLESNAKE) PABEN, REGGIE'S BIKE SHOP, TEMPERANCE, MI"
,4,"OWEN (THE O SHOW) HEATH, BREAKAWAY BICYCLES, NORTON SHORES, MI"
,5,"GAVIN (THE FUTURE) BRADLEY, FACTIMETOSHINEMONGOOSE, DAYTON, OH"
,6,"REX ARNOLD, INDIANA BMX COMPLIMENTS TEAM, WARSAW, IN"
,7,"KELAN (HOTSHOT) SKINNER, REGGIE'S BIKE SHOP, GOWEN, MI"
,8,"PHILIP (PJ) RAMSEY, BLACK CROWN BIKE SHOP, PASADENA, MD"
,,
15-16 Open    Total Riders = 18    Groups = 3,,
,1,"MARCUS (MANIAC) MOORE, BLACK WIDOW BMX, ANDOVER, MN"
,2,"ZACK(Z-MONEY) DAY, MID WEST PULL, GREENVILLE, WI"
,3,"RYDER BURFORD, PREMIER RACING NATIONAL TEAM, SEAGOVILLE, TX"
,4,"GAGE BROWN, ALPHA FACTORY, BEND, OR"
,5,"ZACK DRINKARD, VELOCITY BIKE CO, MECHANICSVILLE, VA"
,6,"SEBASTIAN(THE DARKONE) DEGEARE, CRYSTAL CITY, MO"
,7,"PRESTON (PC) CURTIS, LOUISVILLE, KY"
,8,"BANYAN HOWELL, ALPHA FACTORY, BEND, OR"
,,
17-20 Open    Total Riders = 9    Groups = 2,,
,1,"SANTIAGO SANTA, BAY AREA BMXERS, WEST PALM BEACH, FL"
,2,"TREVVOR (COBRA) KOTRBA, MAGIC BMX, DORR, MI"
,3,"ETHAN HAUGEN, WATERTOWN, SD"
,4,"RUSSELL (RJ) WALLER, TRUTH BMX, MANASSAS, VA"
,5,"MICHAEL MANDUJANO, SSQUARED, ROCKFORD, IL"
,6,"ADAM WALTKE, ZERO MOTO, O FALLON, MO"
,7,"GRANT GERKE, BLACK WIDOW BMX, LA CROSSE, WI"
,8,"JUAN FELIPE MANOSCA, BAY AREA BMXERS, POPAYAN"
,,
31 & Over Open    Total Riders = 5    Groups = 1,,
,1,"JORDAN NEWSTEAD, WILD BMX NATIONAL, INTERLOCHEN, MI"
,2,"ADAM (NINJA) WELTER, BMA/VENOM, EAGAN, MN"
,3,"PATRICK (THE BADGER) WELCH, DV8 RACING, CLIO, MI"
,4,"JEFFREY (GIFRO) JONES, FACTORY MANGLER, TULSA, OK"
,,
10 & Under Girls Cruiser    Total Riders = 13    Groups = 2,,
,1,"ISABELLA STEVENS, FACTORY SSQUARED, NEENAH, WI"
,2,"JENNAVECIA (JENNARATOR) KLEMZ, BLACK WIDOW BMX, BRAHAM, MN"
,3,"ALEX  PASOWICZ, BLACKCROWN BMX FACTORY, LA VERNE, CA"
,4,"RIVER (LIL SPARKLES) HIRONS, LIBERTY BMX, SPRINGFIELD, MO"
,5,"MALIA (BABY MANGLER) ALVAREZ, BLOOMINGTON, IL"
,6,"HAILEY (THE TANK) SMITH, TIME2SHINE, ASHBURN, VA"
,7,"ABIGAIL STEVENS, FACTORY SSQUARED, NEENAH, WI"
,8,"SAVANNAH (FIREBIRD) AMBROZIAK, SPROCKET KINGZ NATIONAL FACTORY, ELKHART, IN"
,,
11-12 Girls Cruiser    Total Riders = 15    Groups = 3,,
,1,"KEEAIRA SHERRILL, POTTER/BOX/DK/CELESTIAL, MOORE, OK"
,2,"KENADIE (THE MACHINE) NEELAN, LETHAL BMX/SPEEDCO, BRAINERD, MN"
,3,"TAYLOR (TORNADO) LEAKEY, REMIX BMX, PHOENIX, AZ"
,4,"MARLIE (MAYHAM) RIETSCHEL, BMX COMPLIMENTS, JORDAN, MN"
,5,"KAYLIE CERASA, BLACK WIDOW BMX, BELVIDERE, IL"
,6,"CAMRYN (CRAZY LEGS) SEARFOSS, VELOCITY BIKE CO, NORWICH, NY"
,7,"LILY (TOGERLILYTT AS) HINTON, SE/RIDECO ELITE, MONUMENT, CO"
,8,"ALMA (SMILEY) STOECKEL, RIOT, ST CLOUD, MN"
,,
13-14 Girls Cruiser    Total Riders = 11    Groups = 2,,
,1,"ALEXIS (DBL. A) ALDEN, JRBICYCLES.COM/SPEEDCO/AVIAN, PEACHTREE CITY, GA"
,2,"HANNAH (HURRICANE) LEAKEY, SUPERCROSS BMX, PHOENIX, AZ"
,3,"SHELBY (SMILES) ELDER, FACTORY BOMBSHELL, WAXAHACHIE, TX"
,4,"TAYA (TAY TAY) BOECKER, ALPHA NATIONAL, HAM LAKE, MN"
,5,"KEIRA AMARIS, VELOCITY BIKE CO, MASTIC BEACH, NY"
,6,"OLIVE (THE EVIL O!) HINTON, SE/RIDECO ELITE, MONUMENT, CO"
,7,"SADIE HERRERA, ACWORTH, GA"
,8,"MELANIE (SMILES) MUYRES, FUSION RACING MN, ISANTI, MN"
,,
15-16 Girls Cruiser    Total Riders = 12    Groups = 2,,
,1,"ALEXANDRA (BLONDE BOMB) HILL, ALPHA FACTORY, SAUK RAPIDS, MN"
,2,"PEYTON PULASKI, NATIONAL ALPHA, MERIDEN, CT"
,3,"CHLOE KAPPEN, FACTORY ANSWER, PHOENIXVILLE, PA"
,4,"GRACE YOUNG, TRIP9, WINFIELD, MO"
,5,"JENA (PRINCESS) VONHOLZEN, FACTORY MIDWEST PULL, OSHKOSH, WI"
,6,"KYLIE PIECZYNSKI, BMX COMPLIMENTS, LOWELL, IN"
,7,"MILA (THE PILOT) KELLY, REGGIE'S BIKE SHOP, LAPEER, MI"
,8,"KAYLYN (AWESOMESAUCE) MILLER, RIVAL RACING, UNION, KY"
,,
17-20 Women Cruiser    Total Riders = 10    Groups = 2,,
,1,"ABBEY (BOMBSHELL) SALISBURY, NATIONAL WILD BMX, PIERSON, MI"
,2,"MADISON JACKSON, MUDSLINGER BIKE SHOP, JOLIET, IL"
,3,"CASEY HURLEY, INDIANAPOLIS, IN"
,4,"KAILANI SMITH, POWERS BIKE SHOP, GRAND RAPIDS, MI"
,5,"LILY SONDERUP, CYCLE WORKS, LINCOLN, NE"
,6,"ALEXA GAITHER, STATELINE-SPEEDCO BMX, TOPEKA, KS"
,7,"JENNA (HIP HOP) JEFFERS, LEGACY RACING, ZIMMERMAN, MN"
,8,"PAYTON (ROCKING REDHEAD) GALLO, RACER ARMY, KINGSLEY, MI"
,,
31-35 Women Cruiser    Total Riders = 3    Groups = 1,,
,1,"ERIN (2SWEET) JONES, FACTORY MANGLER, TULSA, OK"
,2,"DANIELLE JOLICOEUR, YESS BMX, TORRINGTON, CT"
,3,"ASHLYN GOLDSMITH, KEGEL’S BICYCLE STORE, PECATONICA, IL"
,,
36-40 Women Cruiser    Total Riders = 8    Groups = 1,,
,1,"LISA (LIGHTING  LEGGS) WEBB, NOT SURE, QUEENSTOWN, MD"
,2,"NICOLE (MAMA FOX) MARTINEZ, RAD DUDES, MANDEVILLE, LA"
,3,"LINDSEY AMBROZIAK, SPROCKET KINGZ NATIONAL FACTORY, ELKHART, IN"
,4,"DAYNA FRIEDLAND, BMA/VENOM, CAMBRIDGE, MN"
,5,"WENDY RUSSEFF, NO XCUSES, POPLAR GROVE, IL"
,6,"SHARON (“SHADY SHAY”) SLAGHT, L.O.V.E. RACING, SAGINAW, TX"
,7,"VANESSA MCMILLEN, SERGEANTS, STOW, OH"
,,
41-45 Women Cruiser    Total Riders = 5    Groups = 1,,
,1,"SHEILA (SHE-RA) KAUPPI, PRODIGY RACING, EAST BETHEL, MN"
,2,"ANDREA LIBICH, LAPORTE, IN"
,3,"ANITRA (A-TRAIN) WHITE, MERRILLVILLE, IN"
,4,"SARAH (PURPLE HAZE) NEES, PAK BMX RACING, AKRON, OH"
,,
46-50 Women Cruiser    Total Riders = 5    Groups = 1,,
,1,"SHANNON WUNDER, FACTORY SKIDMARK, BERRYTON, KS"
,2,"MICHELLE SENGER, FACTORY ANSWER, WESTFIELD, IN"
,3,"LIZA ARNOLD, INDIANA BMX COMPLIMENTS TEAM, WARSAW, IN"
,4,"LISA (SMILEY) KASPER, MANGLER, ROCKFORD, IL"
,,
51-55 Women Cruiser    Total Riders = 3    Groups = 1,,
,1,"BONNIE (MACHINE GUN) MARSDEN, HUTELIN RACIING, RINGGOLD, GA"
,2,"DAINA MELTON, KEGEL’S BICYCLE, MACHESNEY PARK, IL"
,3,"LAURA (KNOCK KNOCK) BOHNE, GOSHEN, KY"
,,
56 & Over Women Cruiser    Total Riders = 3    Groups = 1,,
,1,"SUZANNE BORLAND, GILBERT, AZ"
,2,"TAMARA SCHULZ, STANDARD BYKE COMPANY, KENOSHA, WI"
,3,"KITTIE WESTON-KNAUER, STRANGE MOTION KICKER, DES MOINES, IA"
,,
7 & Under Cruiser    Total Riders = 18    Groups = 3,,
,1,"REID (THE WEDGIE) AUTRY, GALLATIN, TN"
,2,"MARSHALL FALKOWSKI, BMA/VENOM, SAINT PAUL, MN"
,3,"MICHAEL HUDZIK, BETHEL PARK, PA"
,4,"CARSON  BURKHOLDER, CHIP N DALE NAT TEAM, NORWICH, NY"
,5,"SAMUEL SCHWARTZ, ELK POINT, SD"
,6,"LIAM (TURTLE) CANIDA, FAITH RACE USA, RIVERVIEW, FL"
,7,"JUSTIN (JUMPN JUSTIN) POWERS, SSQUARED MO, WENTZVILLE, MO"
,8,"KNOX (FORT KNOX) REAVES, DAVENPORT, IA"
,,
8 Cruiser    Total Riders = 20    Groups = 4,,
,1,"JAXSON  HOWELL, FULL TILT RADIO, HENDERSON, NV"
,2,"LOGAN (THE SHOWMAN) HADLEY, VEGAS LOCALS, LAS VEGAS, NV"
,3,"LANDON (THE NATURAL) BUEHRER, WIKID RACING, HEBRON, OH"
,4,"KAI (THE HURRICANE) GRAY, WIKID RACING, TALLMADGE, OH"
,5,"JACKSON (ACTION) STAUFFER, BLACK WIDOW BMX, FARIBAULT, MN"
,6,"ALEX (ICEMAN) INGHAM, FACTORY ROUND 2, LOVELAND, OH"
,7,"ELIJAH (THE SHREDDER) SHELTON, SPROCKET KINGZ NATIONAL FACTORY, ROCK ISLAND, IL"
,8,"WYATT CLARK, SUPER DUPER, BETHEL PARK, PA"
,,
9 Cruiser    Total Riders = 12    Groups = 2,,
,1,"WYATT (WYFI) CHRISTENSEN, JRBICYCLES.COM/SPEEDCO/AVIAN, KINGSTON, WA"
,2,"JACOB (U KNOWN) GREENWELL, BLACKCROWN BMX FACTORY, MECHANICSVILLE, MD"
,3,"RICHARD (DINGO) HOGGAN, LAKE SAINT LOUIS, MO"
,4,"AIDEN TROMPETER, BLACK CROWN BMX BIKE SHOP, PEORIA, AZ"
,5,"MICHAEL (NOISY BOY) HOFFMAN, TUCSON BMX, VAIL, AZ"
,6,"DREW (THE BRUISER) MEDLER, SSQUARED MICHIGAN, FENWICK, MI"
,7,"MAX (HONEYBADGER) HUDGINS, FACTORY VELOCITY BIKE CO, VAIL, CO"
,8,"JACOB THEISEN, BLACK WIDOW BMX, SAINT CLOUD, MN"
,,
10 Cruiser    Total Riders = 16    Groups = 3,,
,1,"HENRY (FREAKIN) LENERS, FACTORY SSQUARED, SAINT FRANCIS, MN"
,2,"WYATT HICKS, BLACKCROWN BMX FACTORY, KENNESAW, GA"
,3,"LUCAS THEISEN, BLACK WIDOW BMX, SAINT CLOUD, MN"
,4,"SEAN (YOU KNOW WHO) LEHEW, CHARLOTTE BOMBSHELL, PUNTA GORDA, FL"
,5,"ESPEN WILKE, TRIP9 RACING, OCONOMOWOC, WI"
,6,"COOPER (DOOPS) TAYLOR, COLUMBIA, MO"
,7,"LOGAN (HOT ROD) LEE, MIDWEST MALITIA, MACHESNEY PARK, IL"
,8,"ACE LAACK, ALPHA FACTORY, ROCHESTER, MN"
,,
11 Cruiser    Total Riders = 12    Groups = 2,,
,1,"KAIDEN (THE BOOMERANG) IRELAND, BMX SHARKS, EVERSON, WA"
,2,"TAYLOR KOLL, HUTELIN RACIING, LAKE WALES, FL"
,3,"BRADY WORD, ALPHA FACTORY, MODESTO, CA"
,4,"BRADY (SCORPION) SCHULTE, HAPS M&M BMX RACING, BRADENTON, FL"
,5,"WILD WILD WES SPEICHER, SPEICHER FINANCIAL GROUP, DURANGO, CO"
,6,"JAYDEN (LIGHTNING) LINVILLE, FACTORY BOMBSHELL, RIVERSIDE, OH"
,7,"DORIAN (TESLA) CARREIRO, YESS BMX NATIONAL TEAM, GRAND RAPIDS, MI"
,8,"JACOB LANGE, TRIP9 RACING, FRIENDSHIP, WI"
,,
12 Cruiser    Total Riders = 12    Groups = 2,,
,1,"ROWDY HOLZER, PROFILE, NEWCASTLE, CA"
,2,"TOMMY BRUNEY, FULL TILT RADIO, PITTSBURGH, PA"
,3,"MASON HAYES, MONGOOSE BICYCLES, DENVER, NC"
,4,"NICOLAS (NOI) SALAMANCA, FORCE, LAKE WORTH, FL"
,5,"DYLAN HOLTON, WILD BMX NATIONAL, ROCKFORD, MI"
,6,"BRICE (ICE MAN) KLINGELHOFER, FUSION RACING, PRINCETON, MN"
,7,"KADIN (KRAZY KADIN) DALTON, BOX 1/USA BMX FOUNDATION, PHELAN, CA"
,8,"EARLE STOECKEL, RIOT, ST CLOUD, MN"
,,
13 Cruiser    Total Riders = 10    Groups = 2,,
,1,"PHILIP (PJ) RAMSEY, BLACK CROWN BIKE SHOP, PASADENA, MD"
,2,"KALEB MCCAIN, FACTORY ANSWER, CLIFTON, CO"
,3,"CARSON NUHN, PROLINE CYCLING, AUSTIN, TX"
,4,"DYLAN CARR, SAINT FRANCIS, MN"
,5,"JASON LINVILLE, HYPER, RIVERSIDE, OH"
,6,"GAVIN (THE FUTURE) BRADLEY, FACTIMETOSHINEMONGOOSE, DAYTON, OH"
,7,"JAYDEN BECKMANN, CYCLE WORKS, DENTON, NE"
,8,"WYATT (ROCKSTAR) KAUPPI, PRODIGY RACING, EAST BETHEL, MN"
,,
14 Cruiser    Total Riders = 18    Groups = 3,,
,1,"JUAN MANOSCA, BAY AREA BMXERS, OAKLAND, CA"
,2,"BRYCE (THE BEAST) BLUMER, FAITH RACING, ISANTI, MN"
,3,"ALEX (FLYIN DONUT) ROBINSON, PRODIGY RACING, ISANTI, MN"
,4,"DEREK KLEIN, FLY ZONE, DEFOREST, WI"
,5,"JOE (ALOHA-JOE) DRAWENEK, FACTORY SSQUARED, NEENAH, WI"
,6,"CADE MCCONNELL, BRENTWOOD, TN"
,7,"TYLER HOLTON, WILD BMX NATIONAL, ROCKFORD, MI"
,8,"ELLIOT LENERS, ST FRANCIS, MN"
,,
15 Cruiser    Total Riders = 9    Groups = 2,,
,1,"CEDRIC (THE ENTERTAINER) CADE, BMX SHARKS, LAS VEGAS, NV"
,2,"TREYSON DILLON, BLACK WIDOW BMX, ELIZABETH, MN"
,3,"AUSTIN (JUNG FU) JUNG, TRIP9 RACING, ARNOLD, MO"
,4,"COLE KOPCZYK, FACTORY MANGLER, ELGIN, IL"
,5,"ANDREW HERRERA, ACWORTH, GA"
,6,"KAMDEN (FUNKY MONKEY) FUNK, BIKES FOR THE LIKES OFUS, WRIGHT CITY, MO"
,7,"AUSTIN KLEIMANN, STATELINE-SPEEDCO BMX, MCHENRY, IL"
,8,"ALEXANDER (X-MAN) GEORGE, TIME2SHINE, DUMFRIES, VA"
,,
16 Cruiser    Total Riders = 5    Groups = 1,,
,1,"FOSTER HENDERSON, CLAYBORN/ANSWER, BIRMINGHAM, AL"
,2,"ALEX (FLEX) FERGUSON, FACTORY MANGLER, MUKWONAGO, WI"
,3,"CADEN (MOHAWK WARRIOR) LLOYD, LETHAL BMX/SPEEDCO, BRAINERD, MN"
,4,"JOHN ROBBINS III, VELOCITY BIKE CO, FREDERICKSBURG, VA"
,,
17-20 Cruiser    Total Riders = 14    Groups = 2,,
,1,"CAMERON (THE NEW GUY) BRAMER, SUPERCROSS BMX, SOUTH PARK, PA"
,2,"JULIAN (CYBORG) BASAJ, FACTORY SSQUARED, MILWAUKEE, WI"
,3,"YAVANT (CAN’T FOLD) HAUSLER, STAATS FACTORY/FLYZONE, ELGIN, IL"
,4,"MICHAEL MANDUJANO, SSQUARED, ROCKFORD, IL"
,5,"RYDER (GHOST RYDER) WARD, KEGELS BIKE SHOP, MACHESNEY PARK, IL"
,6,"JUSTYN HOLMES, BOX / FLY ZONE, MACHESNEY PARK, IL"
,7,"MYAHR (WIRE2WIRE MYAHR) ROGERS, MUDSLINGER BIKE SHOP, MATTESON, IL"
,8,"MICHAEL AMARIS, VELOCITY BIKE CO, MASTIC BCH, NY"
,,
21-25 Cruiser    Total Riders = 3    Groups = 1,,
,1,"BRENNAN BUISO, HYPER, DURANGO, CO"
,2,"AARON CAMPISE, SSQUARED TEXAS, LA PORTE, TX"
,3,"JUAN (POTRO) GOMEZ, (MYSELF), QUEENS, NY"
,,
31-35 Cruiser    Total Riders = 7    Groups = 1,,
,1,"DUSTIN (DUSTMAN) JACOBS, FACTORY MANGLER, FREEPORT, IL"
,2,"SHAWN WADE, ALPHA FACTORY, MACHESNEY PARK, IL"
,3,"NICHOLAS (QUIK NIC) HURST, FACTORY MANGLER, RIVERTON, IL"
,4,"CHRIS BRINKMEYER, MUDSLINGERS BIKE SHOP, SPRINGFIELD, IL"
,5,"JUSTIN SPECHT, LETHAL BMX/SPEEDCO, SAINT PAUL, MN"
,6,"MIKE LARSON, ELITE CAMP, PEQUOT LAKES, MN"
,,
36-40 Cruiser    Total Riders = 15    Groups = 3,,
,1,"STEPHEN OLDHAM, YESS BMX, BRISTOL, CT"
,2,"JASON WARYAS, MAGIC, WATERFORD, MI"
,3,"JOHN (BIVNUTZ) BIVINS, FACTORY THRODWN, GENOA CITY, WI"
,4,"MATTHEW SWAP, REGGIE'S BIKE SHOP, MONROE, MI"
,5,"BRANDON BRAND, FACTORY MAYHEM, GREENVILLE, TX"
,6,"LUIS ROJAS, MITCHELL RACING PLATES, QUEEN, NY"
,7,"PAUL BAUR, ONE TRAK MIND, BELFAIR, WA"
,8,"CHRIS GUAY, GATENINE, NEW BERLIN, WI"
,,
41-45 Cruiser    Total Riders = 7    Groups = 1,,
,1,"BRENT LEE, BAY AREA BMXERS, UNIVERSITY PLACE, WA"
,2,"CORY SKINNER, HUDSON, OH"
,3,"JASON YOUNG, TRIP9, WINFIELD, MO"
,4,"NOEL (LEAGUE PRESIDENT) BAKER, THE LEAGUE, FRIENDSWOOD, TX"
,5,"ALEX SNELL, CYCLE WORKS, LINCOLN, NE"
,6,"SILVIO DA SILVA PINTO, LONG BRANCH, NJ"
,,
46-50 Cruiser    Total Riders = 11    Groups = 2,,
,1,"JIM BRAMER, BLACKCROWN BMX FACTORY, SOUTH PARK, PA"
,2,"GERALD GRIEVE, MAJESTY FACTORY, CABOT, AR"
,3,"DAN HURLEY, INDIANAPOLIS, IN"
,4,"CHRIS TRAPP, N PRAIRIE, WI"
,5,"JOSHUA (PART-TIME) COPLAN, MANGLER, JANESVILLE, WI"
,6,"JAYSON LINDSAY, HAM LAKE, MN"
,7,"EARL (THE DUKE) ROGERS, MUDSLINGER BIKE SHOP, MATTESON, IL"
,8,"JOHN HUNT, YOUNG GUNS BMX, VALPARAISO, IN"
,,
51-55 Cruiser    Total Riders = 11    Groups = 2,,
,1,"SCOTT BOECKER, ALPHA NATIONAL, HAM LAKE, MN"
,2,"MARK MELTON, KEGEL’S BICYCLE, ROCKFORD, IL"
,3,"NIGEL CUMMINGS, HOBOKEN, NJ"
,4,"JIM WAHL, CYCLE WORKS, LINCOLN, NE"
,5,"SCOTT MCCLAIN, LAKE GIORGIO PRODUCTS, FORT MILL, SC"
,6,"SCOTT (SWANNY) SWANSON, RBC. RICKS BICYCLE CENTE, CARMEL, IN"
,7,"CURT ZIZZO, STRANGEMOTION/KICKER, KENOSHA, WI"
,8,"MARC MADDOX, WILD NATIONAL BMX, ROCKPORT, IN"
,,
56-60 Cruiser    Total Riders = 3    Groups = 1,,
,1,"DENNIS (YOGI) YBARRA, ALL THINGS BMX, FLINT, MI"
,2,"ROBERT (BIGFOOT) VONMOSS, VAUGHN, NM"
,3,"JEFF MCCOWEN, DES MOINES, IA"
,,
5 & Under Novice    Total Riders = 24    Groups = 4,,
,1,"DANIEL (HOTWHEELS) VONMOSS, VAUGHN, NM"
,2,"JOHN-MARTIN AVENI, MOM AND DAD, OMAHA, NE"
,3,"JONAH (THE SHARK) CALHOUN, HEAVY PEDALZ, BLISSFIELD, MI"
,4,"VILAS ZUEHLKE, COLUMBUS, WI"
,5,"COUVER PHALEN, BONDURANT, IA"
,6,"HARRISON NIEMAN, REGGIE'S BIKE SHOP, TEMPERANCE, MI"
,7,"KENIDEA WALLGREN, SUBVERSIVE, MONROE, WI"
,8,"ELLIOT (KRASH) KUTZLI, TEAM BIKE TECH SOLUTIONS, GREENVILLE, MI"
,,
6 Novice    Total Riders = 12    Groups = 2,,
,1,"JAMES FLANAGAN, BIG PICTURE REAL ESTATE, BENNINGTON, NE"
,2,"MASON IMMORMINO, MAZON, IL"
,3,"MATIAS MENDEZ, MIAMI, FL"
,4,"VINCE DEMUYNCK, BETTENDORF , IA"
,5,"VEGA JAFFE, COUNCIL BLUFFS, IA"
,6,"DALLAS TOMALEWICZ, ELWOOD, IL"
,7,"CRUE NELSON, ON POINT BMX, STOUGHTON, WI"
,8,"KORBIN DAILY, MOORE, OK"
,,
7 Novice    Total Riders = 13    Groups = 2,,
,1,"ZAYDEN BROCKUNIER, MONTGOMERY, IL"
,2,"DYLAN ROGERS, ELGIN, IL"
,3,"HUNTER ALBERTS, DFR POWERLITE BMX, JUSTICE, IL"
,4,"TRISTAN GONSKE, FAITH, MONTGOMERY, TX"
,5,"AUBREY MECHTEL, CRANK LAB, COLOGNE, MN"
,6,"BRODY HOPKINS, REGGIE'S BIKE SHOP, LAMBERTVILLE, MI"
,7,"LANDON UNDERWOOD, HEBRON, IN"
,8,"JASPER BALKOWITSCH, 10-8 RACING, GRAND FORKS, ND"
,,
8 Novice    Total Riders = 10    Groups = 2,,
,1,"NOAH KEENAN, MACHESNEY PARK, IL"
,2,"SEAN LIEVROUW, KAWASEXY RACING, MAPLE PARK, IL"
,3,"JASE FOREN, ANTIOCH CYCLERY, SPRING GROVE, IL"
,4,"RYLAN SHANAHAN, FLY ZONE RACING, ELGIN, IL"
,5,"DEAN MORRISON, GILBERT, AZ"
,6,"CARSON GULVIK, POYNETTE, WI"
,7,"SEAN GANNON, ROSELLE, IL"
,8,"NIKKO ZARATE, WEST DUNDEE, IL"
,,
9 Novice    Total Riders = 10    Groups = 2,,
,1,"OWEN CHAPMAN, ALL THINGS BMX, TRAVERSE CITY, MI"
,2,"JETT TOMALEWICZ, ELWOOD, IL"
,3,"JOHNNY (EZ MAC) NOURSE, BMX4LIFE, BEECHER, IL"
,4,"HUNTER SODERLIND, WYOMING, MN"
,5,"BRYSON TIETJEN, RIPON, WI"
,6,"JACK MANUEL, ROCKFORD, IL"
,7,"DEVIN (DYNO) FREEMAN, SUBVERSIVE CYCLING, WONDER LAKE, IL"
,8,"EASTON MYERS, BELVIDERE, IL"
,,
10 Novice    Total Riders = 10    Groups = 2,,
,1,"TAYDEN  MECHTEL, CRANK LAB, COLOGNE, MN"
,2,"KALE GUNNER JUCHCINSKI, HODGE, GARY'S DELI, GENESEO, IL"
,3,"EDWARD KEENAN, MACHESNEY PARK, IL"
,4,"CRU GRUNOW, WAUNAKEE, WI"
,5,"ZANE ZARATE, WEST DUNDEE, IL"
,6,"BENTLEY IMMORMINO, MAZON, IL"
,7,"KRIZTOPHER RIVERA-SANSONE, ROCKFORD, IL"
,1,(Not Scored)
,,
11 Novice    Total Riders = 10    Groups = 2,,
,1,"BRAYDEN ADDISON, OSWEGO, IL"
,2,"LEVI SWENSK, BYRON, IL"
,3,"MASON MOUNTS, MACHESNEY PARK, IL"
,4,"RODRICK (BAD BOY BAIN) BAIN, MACHESNEY PARK, IL"
,5,"LUCY COOKE, MAJESTY, WINTERSET, IA"
,6,"TRENTON (THE SMILER) KENNEDY, COLONA, IL"
,7,"HANNAH (UNICORN) VONMOSS, VAUGHN, NM"
,8,"ZOEY COCKRELL , HOMETOWN HAULER, ANTIOCH, IL"
,,
12 Novice    Total Riders = 14    Groups = 2,,
,1,"MACYN (M&M) MECUM, KEGELS, ROCKFORD, IL"
,2,"JOSEPH BOCKWELL, BURR RIDGE, IL"
,3,"TANNER HIESTER, PEARL CITY, IL"
,4,"ERIN LYNN MORAVEC, SOUTHPORT RIGGING, SOMERS, WI"
,5,"SEBASTIAN (ROCKETMAN) HORTON, #MONGOOSEBIKES #ONEAL #O, CADILLAC, MI"
,6,"LINCOLN TOMALEWICZ, ELWOOD, IL"
,7,"BRADEN IMMORMINO, MAZON, IL"
,8,"DALTON LITTLE, CADILLAC, MI"
,,
13 Novice    Total Riders = 11    Groups = 2,,
,1,"CAMERON KENNA, ANTIOCH, IL"
,2,"ADAM (ATOM BOMB) HERMANN, EPOXY WORX, POPLAR GROVE, IL"
,3,"KAYLA (LION HEART) SORIANO, FLY ZONE, ELGIN, IL"
,4,"EMMETT EASTON, SURFACE RIDE SHOP, COAL CITY, IL"
,5,"KEISHA MILLER, YESS BMX, SARANAC, MI"
,6,"JASMINE (JAZZY JAZZ) COUNCILOR, GRAWN, MI"
,7,"RICARDO VELEZ JR, FLY ZONE RACING, KENOSHA, WI"
,8,"LUKE KOVARIK, TRAVERSE CITY, MI"
,,
14 Novice    Total Riders = 4    Groups = 1,,
,1,"WESTON (WESTCO) MORAVEC, SOUTHPORT RIGGING, SOMERS, WI"
,2,"RYDER LECHTANSKI, MICHIGAN CITY, IN"
,3,"AIDEN TIETJEN, RIPON, WI"
,,
16 Novice    Total Riders = 3    Groups = 1,,
,1,"BLAKE GUZMAN, ROSCOE, IL"
,2,"ALEX ROSS, KEGEL'S BIKE SHOP, ROSCOE, IL"
,3,"LESLIE BAIN, MACHESNEY PARK, IL"
,,
26-35 Novice    Total Riders = 10    Groups = 2,,
,1,"STUART (STU—STU) MAHOWALD, DINGMANS, FARMINGTON, MN"
,2,"JEFF ZARATE, WEST DUNDEE, IL"
,3,"JUSTIN SIMPSON, LINCOLN, NE"
,4,"MIKE LARSON, ELITE CAMP, PEQUOT LAKES, MN"
,5,"CHRIS  TOWERS , ROCHESTER, MN"
,6,"BRANDON GAREY, NAPPANEE, IN"
,7,"ALISEA JACKSON, ATB PODCAST SHOW, MOUNT MORRIS, MI"
,8,"JERRY MAHONEY, HOMETOWN HAULER, ANTIOCH, IL"
,,
36-40 Novice    Total Riders = 3    Groups = 1,,
,1,"PETE CHEMELLO, MACHESNEY PARK, IL"
,2,"MATT BAUER, ANTIOCH BIKE SHOP, SPRING GROVE, IL"
,3,"JUST DAN, WEST DUNDEE, IL"
,,
41-45 Novice    Total Riders = 3    Groups = 1,,
,1,"JOHN MORRISON, GILBERT, AZ"
,2,"CURTIS BROWN, EAST CHINA, MI"
,3,"KEVIN ROSS, KEGEL'S BIKE SHOP, ROSCOE, IL"
,,
46-50 Novice    Total Riders = 6    Groups = 1,,
,1,"MICHAEL CROW, DOUBLE G, NOKOMIS, IL"
,2,"ROSS KARLEN, JANESVILLE, WI"
,3,"BRANDON SKINNER, SOLON BMX, UNIONTOWN, OH"
,4,"JOHN-EDGAR SCHAFFER, REBEL RACING, RADCLIFF, KY"
,5,"TOM (TEE) WALLA, MICHIGAN WILD, CEDAR SPRINGS, MI"
,,
51 & Over Novice    Total Riders = 5    Groups = 1,,
,1,"TROY MARKOSKY, YESS BMX, GRANDVILLE, MI"
,2,"TODD WILEY, WILD BMX MICHIGAN, ROCKFORD, MI"
,3,"STEVEN JORDAN, BAILEY, MI"
,4,"TRISTAN ESPIRITU, LIBERTY BMX, LOMBARD, IL"
,,
5 & Under Intermediate    Total Riders = 13    Groups = 2,,
,1,"DAMIEN (FLASH) REYES, SPROCKET KINGZ NATIONAL BIKE SHOP, HIGHLAND, IN"
,2,"AAMIR (THE ANOMALY) ARMSTRONG, SPROCKET KINGZ NATIONAL BIKE SHOP, ROCK ISLAND, IL"
,3,"MARCO RESTREPO, BEMAX, MIAMI, FL"
,4,"WES (LIL RIPPER) MAHOWALD, DINGMANS, FARMINGTON, MN"
,5,"ALEX (DUST DEVIL) UHLIK, SCOTTSDALE, AZ"
,6,"BRECK (THE HEARTBREAKER) ROMER, VELOCIOUS SPORT, GREENSBORO, NC"
,7,"OLIVER (EVIL O) PURUCKER, TEAM BIKE TECH SOLUTIONS, GOWEN, MI"
,8,"AYDEN BARNARD, SUBVERSIVE CYCLING, LOVES PARK, IL"
,,
6 Intermediate    Total Riders = 16    Groups = 3,,
,1,"BRODER (CASH MONEY) PETERSEN, DAVENPORT, IA"
,2,"RHETT HUNEYCUTT, FRANK MCLEAN FOREVER, MOUNT HOLLY, NC"
,3,"PACE REED, CORNELIUS, NC"
,4,"MASON BLAKLEY, MACHESNEY PARK, IL"
,5,"BRADY HUDZIK, BETHEL PARK, PA"
,6,"MAKSON (BIG BLOCK) TWETEN, 701 GRILLS, GRAND FORKS, ND"
,7,"JACOBY VIOLA, KEGELS, LOVES PARK, IL"
,8,"KIAN BRUCE, CRANK LAB, PRYOR, OK"
,,
7 Intermediate    Total Riders = 11    Groups = 2,,
,1,"GAVIN (THE BIG SMITTY) SMITH, MOM & DAD, LAFAYETTE, IN"
,2,"MASON (THE SUSPECT) DEGROOT, JUST CUZ RACING, VALLEJO, CA"
,3,"KAIDEN WAGNER, SKILLZ/PROPHECY, MISHAWAKA, IN"
,4,"COOPER (THE HULK) VAN FLEET, MAJESTY RACING, BLUE SPRINGS, MO"
,5,"CALVIN ZUEHLKE, COLUMBUS, WI"
,6,"KAMDEN WEIGEL, 10-8 RACING, GRAND FORKS, ND"
,7,"LIAM WICK, THE HOME CAMP, ROCKFORD, IL"
,8,"DREXEL MICHALSEN, ROCKTON, IL"
,,
8 Intermediate    Total Riders = 21    Groups = 4,,
,1,"LANDEN (HUNTIN) HEDGER, THE HILL RACING TEAM, ELGIN, IL"
,2,"HUNTER (H FACTOR) ASHFORD, DFR/POWERLITE, PHOENIX, AZ"
,3,"RILEY (RILEY CRU JONES) JONES, OMAHA, NE"
,4,"JAMES MORLEY, GOSHEN, IN"
,5,"BRYSEN (BEAST WRANGLER) BOLGER, EDGE RACING, BLUE SPRINGS, MO"
,6,"PARKER YORK, STATELINE-SPEEDCO BMX, CRYSTAL LAKE, IL"
,7,"KEVIN SIMONSON, JR, ISANTI, MN"
,8,"URIJAH LARSON, ELITE CAMP, PEQUOT LAKES, MN"
,,
9 Intermediate    Total Riders = 19    Groups = 3,,
,1,"GAUGE (SPITFIRE) MCCONNELL, WANABIKE, LODI, WI"
,2,"TANNER (DYNAMITE) ALTER , REGGIE'S BIKE SHOP, MONROE, MI"
,3,"LIAM (LOVABLE LIAM) KING, ANTIOCH CYCLERY, ANTIOCH, IL"
,4,"BRECK SKINNER, SOLON BMX, UNIONTOWN, OH"
,5,"OLIVER (HAPPY FEET) BUNGE, FREEPORT BMX, MACHESNEY PARK, IL"
,6,"BRAYLEN SEEVERS, CRANK LAB BMX TEAM, COLOGNE, MN"
,7,"ALEXANDER CARLSON, ZOMBIELAND, OMAHA, NE"
,8,"KAIDEN BARD, TRAVERSE CITY, MI"
,,
10 Intermediate    Total Riders = 16    Groups = 3,,
,1,"ADAM HARTLEY, OMAHA, NE"
,2,"AUSTIN (SUPER SVEN) SMITH, CRANK LAB, FARIBAULT, MN"
,3,"KADYN DAILY, MOORE, OK"
,4,"TALAN (T-BONE) VANGINKEL, RUNNELS, IA"
,5,"COLBY (COLBY JACK) GASH, KAWASEXY RACING, WELLINGTON, IL"
,6,"BENJAMIN MORTENSEN, DAYTON, OH"
,7,"DEVIN (THE FLASH) SMITH, SPRINGBORO, OH"
,8,"COHEN PHALEN, BONDURANT, IA"
,,
11 Intermediate    Total Riders = 14    Groups = 2,,
,1,"KADEN FILLBRANDT, ELITE CAMP, BRAINERD, MN"
,2,"HANNAH SWAGER, DINGMANS BMX SHOP, FARMINGTON, MN"
,3,"NOLAN BROWN, FREEPORT BMX, MACHESNEY PARK, IL"
,4,"KAYD BRUCE, CRANK LAB, PRYOR, OK"
,5,"OWEN (MISFIT) MCMILLIN, SURFACE RACE TEAM, CHANNAHON, IL"
,6,"COOPER (BLUEBERRY) DAWSON, TIME2SHINE, WOODBRIDGE, VA"
,7,"KALEB KENNA, ANTIOCH, IL"
,8,"COLLIN  RUX, MIDWEST MILITIA, MACHESNEY PARK, IL"
,,
12 Intermediate    Total Riders = 22    Groups = 4,,
,1,"ELIJAH ADAMS, POPLAR GROVE, IL"
,2,"CHRISTIAN PORTER, GATE NINE DESIGNS, CHAMPAIGN, IL"
,3,"MEKHI (MAC DOG) COLLINGWOOD, TEAM IOWA, DES MOINES, IA"
,4,"BRAY KELLY, DEERFIELD, WI"
,5,"CHASE DAHL, RACER ARMY, WATERTOWN, WI"
,6,"ARTZ JACOB, WOODBINE, IA"
,7,"SAVANNAH BYRGE, TRIP9 RACING, MILWAUKEE, WI"
,8,"JOSEPH (SHUGGAMAN) SHENBERGER, SUBVERSIVE CYCLING CO, MONROE, WI"
,,
13 Intermediate    Total Riders = 12    Groups = 2,,
,1,"LOGAN (SCRATCH&DENT) KENNEDY, ANOTHER BAD HABIT RACING, NAPLES, FL"
,2,"DEAN (THE MEAN) MILLER, FLY ZONE RACING, ELKHORN, WI"
,3,"BRADLEY GORJUP, DAYTON, OH"
,4,"JAYDN BIRSCHBACH, ROGUE RACING, AVONDALE, AZ"
,5,"JAYTEN (**J-DOGG**) THOMPSON, EPOXY WORX, MACHESNEY PARK, IL"
,6,"COLE BAKER, GRAND LEDGE, MI"
,7,"RYAN JONES, LEBANON, IN"
,8,"BRADEN BEEBE, ELITE RACING, PELHAM, AL"
,,
14 Intermediate    Total Riders = 12    Groups = 2,,
,1,"DONTAY BROWN, MAJESTY RACING, BUCKNER, MO"
,2,"COHEN FAST, A&E RACING, SIDNEY, OH"
,3,"MATTHEW (MR. PMA) RUBY, HEAVY PEDALZ, HOWELL, MI"
,4,"GIOVANNI ROMANO, NEXGEM, LAKE MILLS, WI"
,5,"MACKENZIE MEATH, CRANK LAB, STACY, MN"
,6,"BRADY FAULKNER, HOFFMAN ESTATES, IL"
,7,"OWEN WEATHERHEAD, BELLEVILLE, KS"
,8,"JACKSON (DOWN TOWN) BROWN, GRAND LEDGE, MI"
,,
15 Intermediate    Total Riders = 6    Groups = 1,,
,1,"ISAIAH (THE FINISHER) HILL, REGGIE'S BIKE SHOP, TEMPERANCE, MI"
,2,"CAYDEN BROWN, ROCKFORD, MI"
,3,"NICHOLAS LLOYD, MICHIGAN WILD BMX, HOLLAND, MI"
,4,"WAYMAN (SMILEY) MILAM, PEAK PERFORMANCE BIOLAB, FULTON, MO"
,5,"GEN SWIDERSKI, BMX COMPLIMENTS, CEDAR LAKE, IN"
,,
16 Intermediate    Total Riders = 9    Groups = 2,,
,1,"MIQUEAS BORNES, INDIANA BMX COMPLIMENTS TEAM, WARSAW, IN"
,2,"IVAN (THE KID) SORIANO, FLY ZONE, SOUTH ELGIN, IL"
,3,"CAMILO RINCON, LETHAL BMX/SPEEDCO, FAIRFIELD, IA"
,4,"BRYCE SKINNER, SOLON BMX, UNIONTOWN, OH"
,5,"BRAD KNOLL, FREEPORT BMX, ROCKFORD, IL"
,6,"KOSTON COLLINGWOOD, TEAM IOWA, DES MOINES, IA"
,7,"BENJAMIN OLIVER, SPROCKET KINGZ NATIONAL BIKE SHOP, ROCK ISLAND, IL"
,8,"SHAWN CHALMERS, ST LOUIS, MO"
,,
17-20 Intermediate    Total Riders = 7    Groups = 1,,
,1,"DOMINIC KARAU, ROCKFORD, IL"
,2,"KEN NORK, STEELWHEELS, ORLAND PARK, IL"
,3,"CHARLIE HAMMOND, STOUGHTON, WI"
,4,"TYLER MONESMITH, AKRON, IN"
,5,"SETH LAWSON, MACHESNEY PARK, IL"
,6,"RUSSELL BEHIENS, ROCKFORD, IL"
,,
21-25 Intermediate    Total Riders = 7    Groups = 1,,
,1,"JEREMY (JP) SCHOLTEN, BMX COMPLIMENTS, FORT WAYNE, IN"
,2,"CARLOS FLORES, CHICAGO, IL"
,3,"CAMERON YOUNG, ALTOONA, IA"
,4,"DAVID (D-BONE) RININGER, RAD DADS, OTSEGO, MI"
,5,"ALEXIS MELCHOR, CICERO, IL"
,6,"ZACH BRUMMEL, SANDWICH, IL"
,,
26-35 Intermediate    Total Riders = 6    Groups = 1,,
,1,"GREG CHAPMAN, ALL THINGS BMX, TRAVERSE CITY, MI"
,2,"SEAN MCCARTHY, DV8 RACING, ROSEVILLE, MI"
,3,"LEON (MAYHEM) LANNING, ORTONVILLE, MI"
,4,"ZACH ATHA, CARPENTERSVILLE, IL"
,5,"KEVIN GARBER, SURFACE RACE TEAM, HOBART, IN"
,,
36-40 Intermediate    Total Riders = 7    Groups = 1,,
,1,"MICHAEL LIEVROUW, KAWASEXY RACING, MAPLE PARK, IL"
,2,"JOSHUA (SQUIRREL) NEELAN, LETHAL BMX/SPEEDCO, BRAINERD, MN"
,3,"JOHN (VEGAS) GORMAN, MICHIGAN WILD, ROCKFORD, MI"
,4,"MATTHEW HOGGAN, LAKE SAINT LOUIS, MO"
,5,"WILLARD KEISTER, PEWAUKEE, WI"
,6,"PHILLIP (PBR) BALL-REED, SURFACE RACE TEAM, HEBRON, IN"
,,
41-45 Intermediate    Total Riders = 12    Groups = 2,,
,1,"MATT STREIT, THE HOME CAMP, ROCKFORD, IL"
,2,"BRIAN HOPPE, FULL TILT RADIO, MANKATO, MN"
,3,"JEREMY (TC TICKLER) AMES, ALL THINGS BMX SHOW, INTERLOCHEN, MI"
,4,"SHANE STEVENSON, SPROCKET KINGZ NATIONAL BIKE SHOP, TRAFALGAR, IN"
,5,"BRYAN HEATH, BREAKAWAY BICYCLES, NORTON SHORES, MI"
,6,"RYAN NOFTZ, REGGIE'S BIKE SHOP, TEMPERANCE, MI"
,7,"BRIAN (PUNISHER) THOMPSON, LIBERTY BMX, SPRINGFIELD, MO"
,8,"KEN KAWA, STEEL WHEELS, CEDAR LAKE, IN"
,,
46-50 Intermediate    Total Riders = 13    Groups = 2,,
,1,"MIKE (HARDHAT) PORTER, MUDSLINGER BIKE SHOP, BONDURANT, IA"
,2,"STEVE (SMOOVEE) EVERETT, WILD BMX RACING, BELMONT, MI"
,3,"DAVID (RHINO) RININGER, RAD DADS, GRANDVILLE, MI"
,4,"PAUL KAUPPI, PRODIGY RACING, EAST BETHEL, MN"
,5,"WES BUREN, MINNEAPOLIS, MN"
,6,"MARTIN MECUM, KEGELS, ROCKFORD, IL"
,7,"TROY (PEACH FUZZ) RILEY, FLY ZONE, DELAVAN, WI"
,8,"RUSSELL ORTEGA, LIBERTY BMX RACING, LIBERTYVILLE, IL"
,,
51 & Over Intermediate    Total Riders = 8    Groups = 1,,
,1,"MARK PIECZYNSKI, SPEED FREAKS BMX, LOWELL, IN"
,2,"WILLIAM (BINKEY) BREWER, MAJESTYRACING, DELLWOOD, MO"
,3,"MIKE SOTO, RAD DADS, LAKE ANN, MI"
,4,"DAVID LUBKEMAN, JANESVILLE, WI"
,5,"MARK PRINCE, YESS BMX, ROCKFORD, MI"
,6,"ROBERT (BIGFOOT) VONMOSS, VAUGHN, NM"
,7,"WILLIAM MULDOWNEY, MAYHEM O’NEAL MONGOOSE, BEDFORD, TX"
,,
6 Girls Expert    Total Riders = 3    Groups = 1,,
,1,"AMERI (MONSTER) DE VERA, BFR/BELLFLOWER BICYCLES, LONG BEACH, CA"
,2,"EDEN (ROO ROO) IRELAND, BMX SHARKS, EVERSON, WA"
,3,"RAELYNN (THE MONSTER) CEBULA, GRAWN, MI"
,,
7 Girls Expert    Total Riders = 6    Groups = 1,,
,1,"MALIA (BABY MANGLER) ALVAREZ, BLOOMINGTON, IL"
,2,"SAWYER (BLEU CHEETAH) SMITH, LONGWOOD, FL"
,3,"HARLOW SCOTT, ALPHA NATIONAL, SARTELL, MN"
,4,"MARILYN (BABY FOX) MARTINEZ, RAD DUDES, MANDEVILLE, LA"
,5,"KEILANI (KRAZY KAT) GRAY, WIKID RACING, TALLMADGE, OH"
,,
8 Girls Expert    Total Riders = 10    Groups = 2,,
,1,"VIDA (LA VIDA LOCA) DE VERA, BFR/BELLFLOWER BICYCLES, LONG BEACH, CA"
,2,"KIAH REED, CORNELIUS, NC"
,3,"VICTORIA (VICKY G) GARCIA, SSQUARED FLORIDA, MIAMI, FL"
,4,"HUDSON (HAPPY) FARRIS, POUNDFOOLISH WATCHES, ALPINE, CA"
,5,"HANNAH (HURRICANE) JAMESON, SSQUARED MISSOURI, DARDENNE PRAIRIE, MO"
,6,"PEYTON BRUNEY, RIDE LIKE A GIRL/CHIP N DALE, PITTSBURGH, PA"
,7,"HAILEY (THE TANK) SMITH, TIME2SHINE, ASHBURN, VA"
,8,"SAVANNAH (FIREBIRD) AMBROZIAK, SPROCKET KINGZ NATIONAL FACTORY, ELKHART, IN"
,,
9 Girls Expert    Total Riders = 5    Groups = 1,,
,1,"ALEX  PASOWICZ, BLACKCROWN BMX FACTORY, LA VERNE, CA"
,2,"ADALYNN (LITTLE RED) MCCAULEY, BLACK WIDOW, ISANTI, MN"
,3,"JORDAN (SPECIAL) SMITH, TIME2SHINE, ASHBURN, VA"
,4,"DAHLIA (TUTU WARRIOR) CARREIRO, YESS BMX NATIONAL TEAM, GRAND RAPIDS, MI"
,,
10 Girls Expert    Total Riders = 8    Groups = 1,,
,1,"ISABELLA STEVENS, FACTORY SSQUARED, NEENAH, WI"
,2,"ADDISON SPENCER, BOX, NEW HAVEN, IN"
,3,"JENNAVECIA (JENNARATOR) KLEMZ, BLACK WIDOW BMX, BRAHAM, MN"
,4,"KEATYN SCHWARTZ, ELK POINT, SD"
,5,"ANGELINA(BATTLE ANGEL) SALA, FREEPORT, IL"
,6,"AYVAH REIGELSPERGER, FACTIMETOSHINEMONGOOSE, DAYTON, OH"
,7,"ABIGAIL STEVENS, FACTORY SSQUARED, NEENAH, WI"
,,
11 Girls Expert    Total Riders = 9    Groups = 2,,
,1,"GUADALUPE PALACIOS, BAY AREA BMXERS, CALI"
,2,"VIOLET POPOVICH, MUDSLINGER BIKE SHOP, VALPARAISO, IN"
,3,"KAYLIE CERASA, BLACK WIDOW BMX, BELVIDERE, IL"
,4,"CAMRYN (CRAZY LEGS) SEARFOSS, VELOCITY BIKE CO, NORWICH, NY"
,5,"BROOKLYN (BOSSY B) RILEY, MATTHEWS MOTOCROSS, SAND SPRINGS, OK"
,6,"GRACE (SKIPPER) MCMILLIN, SURFACE RACE TEAM, CHANNAHON, IL"
,7,"SCARLET (LIL GROM) KELLY, HEAVY PEDALZ, LAPEER, MI"
,8,"LACY (LASER) PABEN, REGGIE'S BIKE SHOP, TEMPERANCE, MI"
,,
12 Girls Expert    Total Riders = 19    Groups = 3,,
,1,"LOLA JONJEVIC, DFR POWERLITE BMX, KANSAS CITY, MO"
,2,"KEEAIRA SHERRILL, POTTER/BOX/DK/CELESTIAL, MOORE, OK"
,3,"KATY CYRUS, REDMAN BIKES, WINCHESTER, CA"
,4,"KENADIE (THE MACHINE) NEELAN, LETHAL BMX/SPEEDCO, BRAINERD, MN"
,5,"TAYLOR (TORNADO) LEAKEY, REMIX BMX, PHOENIX, AZ"
,6,"KATE (COACH) CLARRIDGE, RIVAL RACING, MARYSVILLE, OH"
,7,"BELLA (MOUSE) WHITE, BLACK WIDOW BMX, ISANTI, MN"
,8,"LILY (TOGERLILYTT AS) HINTON, SE/RIDECO ELITE, MONUMENT, CO"
,,
13 Girls Expert    Total Riders = 12    Groups = 2,,
,1,"NICOLE FORONDA, BAY AREA BMXERS, MEDELLIN"
,2,"HANNAH (HURRICANE) LEAKEY, SUPERCROSS BMX, PHOENIX, AZ"
,3,"SADIE HERRERA, ACWORTH, GA"
,4,"HANNAH (HAVOC) GISH, AIRBORNE BMX, VALPARAISO, IN"
,5,"ADALYN BRITTON, BREAKAWAY BICYCLES, WHITEHALL, MI"
,6,"DANICA (DANGER) KENT, MORTON, MN"
,7,"TRISTIN (TNT) PINGITORE, SE/RIDECO ELITE, PEORIA, AZ"
,8,"TAYA (TAY TAY) BOECKER, ALPHA NATIONAL, HAM LAKE, MN"
,,
14 Girls Expert    Total Riders = 15    Groups = 3,,
,1,"ALEXIS (DBL. A) ALDEN, JRBICYCLES.COM/SPEEDCO/AVIAN, PEACHTREE CITY, GA"
,2,"AVERY CHARTRAND, ALPHA FACTORY, ISANTI, MN"
,3,"SHELBY (SMILES) ELDER, FACTORY BOMBSHELL, WAXAHACHIE, TX"
,4,"JOSIE LARSON, MUDSLINGER BIKE SHOP, PLANO, IL"
,5,"OLIVE (THE EVIL O!) HINTON, SE/RIDECO ELITE, MONUMENT, CO"
,6,"BROOKE STEVENS, WISCONSIN S SQUARED, NEENAH, WI"
,7,"LOTUS STOTLER, VELOCITY BIKE CO, BUNKER HILL, WV"
,8,"SOPHIA (TOO TALL) JOHNSON, BMA/VENOM, ISANTI, MN"
,,
15-16 Girls Expert    Total Riders = 21    Groups = 4,,
,1,"JACY MOORE, FACTORY SSQUARED, PORT ORCHARD, WA"
,2,"GRECIA CRISTODULO, PREMIER RACING NATIONAL TEAM, DALLAS, TX"
,3,"ALEXANDRA (BLONDE BOMB) HILL, ALPHA FACTORY, SAUK RAPIDS, MN"
,4,"MANUELA (LA MAQUINA) ROLDAN, BAY AREA BMXERS, GREENACRES, FL"
,5,"ASHLEY MCLENNAN, BLACK WIDOW BMX, SAINT MICHAEL, MN"
,6,"STELLA (SLING SHOT) SUNSERI, JRBICYCLES.COM/SPEEDCO/AVIAN, SAN JOSE, CA"
,7,"JENA (PRINCESS) VONHOLZEN, FACTORY MIDWEST PULL, OSHKOSH, WI"
,8,"BREANNA (MONSTER B) WINTER, FACTORY RIFT TANGENT, ANTELOPE, CA"
,,
17-20 Women Expert    Total Riders = 15    Groups = 3,,
,1,"MCKENZIE GAYHEART, FULL TILT RADIO, FORT WHITE, FL"
,2,"MYA RAMOS, MARIAN UNIVERSITY, ALBUQUERQUE, NM"
,3,"VALENTINA DAVALOS, FACTORY TRUE BMX, CHARLOTTE, NC"
,4,"MARIANA GIGLIUTO, ASPIRE TRAINING SYSTEMS, CLINTONDALE, NY"
,5,"IMAGIN NELSON, STATELINE-SPEEDCO BMX, ROCKFORD, IL"
,6,"ABBEY (BOMBSHELL) SALISBURY, NATIONAL WILD BMX, PIERSON, MI"
,7,"TRINADEE STOFLET, FACTORY MIDWEST PULL, WISCONSIN RAPIDS, WI"
,8,"STEPHANI MORIN, FULL TILT RADIO, BURLINGTON, WI"
,,
21-30 Women Expert    Total Riders = 5    Groups = 1,,
,1,"KAITLYN LARSON, BLACK WIDOW BMX, STACY, MN"
,2,"TIFFANY MOLESI, MUDSLINGER BIKE SHOP, EAST MORICHES, NY"
,3,"SAMANTHA (RED VIPER) MULVIHILL, LIBERTY BMX RACING, JOHNSBURG, IL"
,4,"ELIDA BEEMAN, FACTORY BOMBSHELL, LANSING, MI"
,,
31-40 Women Expert    Total Riders = 4    Groups = 1,,
,1,"ERIN (2SWEET) JONES, FACTORY MANGLER, TULSA, OK"
,2,"DANIELLE JOLICOEUR, YESS BMX, TORRINGTON, CT"
,3,"WILLOW NYMAN-JONES, MAJESTY, LINCOLN, NE"
,,
41+  Women Expert    Total Riders = 4    Groups = 1,,
,1,"SHEILA (SHE-RA) KAUPPI, PRODIGY RACING, EAST BETHEL, MN"
,2,"ANDREA LIBICH, LAPORTE, IN"
,3,"SARAH (PURPLE HAZE) NEES, PAK BMX RACING, AKRON, OH"
,,
6 Expert    Total Riders = 8    Groups = 1,,
,1,"GREYSON (RACINGREYSON) CARR, DAYLIGHT CYCLES, AMELIA, OH"
,2,"JAX (JAXY BOY) LAFRENIERE, SANTEE, CA"
,3,"BLAKE (CASH MONEY COYNE) COYNE, WIKID RACING, WALTON HILLS, OH"
,4,"JIOVONI (THE JET) FUNES, LAKE STATION, IN"
,5,"AYDEN (GHOSTIN) GARBER, SURFACE RACE TEAM, HOBART, IN"
,6,"EASTON (BOO) LONG, SPEED FREAKS BMX, WARSAW, IN"
,7,"RHETT (YUNG MONEY) PAVELONIS, SILVIS, IL"
,,
7 Expert    Total Riders = 19    Groups = 3,,
,1,"CALEB (K SLAY) GASSAWAY, TOXIC RACING, AKRON, NY"
,2,"GRAYSON (GQ) NOVAK, JRBICYCLES.COM/SPEEDCO/AVIAN, LAS VEGAS , NV"
,3,"MARSHALL FALKOWSKI, BMA/VENOM, SAINT PAUL, MN"
,4,"SOLOMON MITCHELL, BOMBSHELL, BLUE SPRINGS, MO"
,5,"JOSHUA HARDIE, HYPER, SPRING, TX"
,6,"NICOLAS (THE MAGIC MAN) MENDEZ, BEMAX-HIGH GRADE RACING, MIAMI, FL"
,7,"REID (THE WEDGIE) AUTRY, GALLATIN, TN"
,8,"LIAM (TURTLE) CANIDA, FAITH RACE USA, RIVERVIEW, FL"
,,
8 Expert    Total Riders = 24    Groups = 4,,
,1,"LORENZO (LORENZO) IDARRAGA, BAY AREA BMXERS, ATLANTIS, FL"
,2,"JACKSON  SCOGGINS, MOM AND DAD, MEMPHIS, TN"
,3,"AUSTON(DRAGON WARRIOR) SALA, MANGLER , FREEPORT, IL"
,4,"NICHOLAS (PORK CHOP) LAKOTA, DIE JOB APPAREL, DAKOTA, IL"
,5,"LANDON (THE NATURAL) BUEHRER, WIKID RACING, HEBRON, OH"
,6,"WYATT CLARK, SUPER DUPER, BETHEL PARK, PA"
,7,"JACKSON (ACTION) STAUFFER, BLACK WIDOW BMX, FARIBAULT, MN"
,8,"JAXSON  HOWELL, FULL TILT RADIO, HENDERSON, NV"
,,
9 Expert    Total Riders = 21    Groups = 4,,
,1,"WYATT (WYFI) CHRISTENSEN, JRBICYCLES.COM/SPEEDCO/AVIAN, KINGSTON, WA"
,2,"JACOB THEISEN, BLACK WIDOW BMX, SAINT CLOUD, MN"
,3,"SPENCER REAUX, FACTORY ANSWER, WALKER, LA"
,4,"MICHAEL (NOISY BOY) HOFFMAN, TUCSON BMX, VAIL, AZ"
,5,"RICHARD (DINGO) HOGGAN, LAKE SAINT LOUIS, MO"
,6,"AIDEN TROMPETER, BLACK CROWN BMX BIKE SHOP, PEORIA, AZ"
,7,"MAX (HONEYBADGER) HUDGINS, FACTORY VELOCITY BIKE CO, VAIL, CO"
,8,"JENSON KOLL, HUTELIN RACIING, LAKE WALES, FL"
,,
10 Expert    Total Riders = 23    Groups = 4,,
,1,"THIAAN HARDIE, HYPER, SPRING, TX"
,2,"ELI (LY-LY) STATON, FULL TILT RADIO, BELTON, MO"
,3,"WYATT HICKS, BLACKCROWN BMX FACTORY, KENNESAW, GA"
,4,"HENRY (FREAKIN) LENERS, FACTORY SSQUARED, SAINT FRANCIS, MN"
,5,"ACE LAACK, ALPHA FACTORY, ROCHESTER, MN"
,6,"LUCAS THEISEN, BLACK WIDOW BMX, SAINT CLOUD, MN"
,7,"ESPEN WILKE, TRIP9 RACING, OCONOMOWOC, WI"
,8,"COOPER (DOOPS) TAYLOR, COLUMBIA, MO"
,,
11 Expert    Total Riders = 28    Groups = 5,,
,1,"KAIDEN (THE BOOMERANG) IRELAND, BMX SHARKS, EVERSON, WA"
,2,"EMORY BLOCK, YESS NATIONAL TEAM, ROCKFORD, MI"
,3,"WAYLON TYLER, MAJESTY RACING, PLEASANT HILL, MO"
,4,"LUCAS (FRONT ROW) UECKER, PRODIGY, COTTAGE GROVE, MN"
,5,"BRADY WORD, ALPHA FACTORY, MODESTO, CA"
,6,"TAYLOR KOLL, HUTELIN RACIING, LAKE WALES, FL"
,7,"BRADY KING, RIVAL RACING, KENOSHA, WI"
,8,"JACOB LANGE, TRIP9 RACING, FRIENDSHIP, WI"
,,
12 Expert    Total Riders = 24    Groups = 4,,
,1,"ROWDY HOLZER, PROFILE, NEWCASTLE, CA"
,2,"ANDREW WUENSCHEL, FACTORY BOMBSHELL, INDEPENDENCE, MO"
,3,"BRAXTON MILLER, HYPER, BLUE SPRINGS, MO"
,4,"JASON (JASE) STERLINSKI, HYPER, BETHPAGE, TN"
,5,"NICOLAS (NOI) SALAMANCA, FORCE, LAKE WORTH, FL"
,6,"MASON HAYES, MONGOOSE BICYCLES, DENVER, NC"
,7,"TOMMY BRUNEY, FULL TILT RADIO, PITTSBURGH, PA"
,8,"CHRIS FELKER, FACTORY RIFT TANGENT, KNOXVILLE, TN"
,,
13 Expert    Total Riders = 31    Groups = 6,,
,1,"COLE FREDERICK, NEW ULM, MN"
,2,"SAWYER SIDES, BARTLETT, TN"
,3,"PHILIP (PJ) RAMSEY, BLACK CROWN BIKE SHOP, PASADENA, MD"
,4,"CARSON NUHN, PROLINE CYCLING, AUSTIN, TX"
,5,"KALEB MCCAIN, FACTORY ANSWER, CLIFTON, CO"
,6,"ISAAC (DRAGON FIRE) PEDDLE, FACTORY MAYHEM, ENUMCLAW, WA"
,7,"RAYCE (JUST RAYCE) ROGERS, MUDSLINGER BIKE SHOP, MATTESON, IL"
,8,"GAVIN (THE FUTURE) BRADLEY, FACTIMETOSHINEMONGOOSE, DAYTON, OH"
,,
14 Expert    Total Riders = 27    Groups = 5,,
,1,"SEAN DAY, FULL TILT RADIO, TACOMA, WA"
,2,"THOMAS MARTINEZ  , DFR POWERLITE BMX, ITAGUI"
,3,"JUAN MANOSCA, BAY AREA BMXERS, OAKLAND, CA"
,4,"BRYCE (THE BEAST) BLUMER, FAITH RACING, ISANTI, MN"
,5,"ALEX (FLYIN DONUT) ROBINSON, PRODIGY RACING, ISANTI, MN"
,6,"NOLAN COLBORN, FACTORY THRODWN, JANESVILLE, WI"
,7,"DEREK KLEIN, FLY ZONE, DEFOREST, WI"
,8,"JOE (ALOHA-JOE) DRAWENEK, FACTORY SSQUARED, NEENAH, WI"
,,
15 Expert    Total Riders = 24    Groups = 4,,
,1,"MARCUS (MANIAC) MOORE, BLACK WIDOW BMX, ANDOVER, MN"
,2,"ETHAN ELLER, LETHAL BMX/SPEEDCO, BRAINERD, MN"
,3,"TREYSON DILLON, BLACK WIDOW BMX, ELIZABETH, MN"
,4,"ZACK DRINKARD, VELOCITY BIKE CO, MECHANICSVILLE, VA"
,5,"DRAKE VELADOR, PROFILE, HOLLISTER, CA"
,6,"ETHAN POPOVICH, MUDSLINGER BIKE SHOP, VALPARAISO, IN"
,7,"GAVIN STAZETSKI, BLACKCROWN BMX FACTORY, CHARLEROI, PA"
,8,"ALEXANDER (X-MAN) GEORGE, TIME2SHINE, DUMFRIES, VA"
,,
16 Expert    Total Riders = 28    Groups = 5,,
,1,"CUTTER WILLIAMS, FACTORY RIFT TANGENT, POTOMAC FALLS, VA"
,2,"DREW ENGLER, HYPER, BLUE SPRINGS, MO"
,3,"ELIJAH HEANEY, FACTORY POWERS BMX, MURFREESBORO, TN"
,4,"ALEX (FLEX) FERGUSON, FACTORY MANGLER, MUKWONAGO, WI"
,5,"MICAH BINDER, POWERLITE-DFR, YUMA, AZ"
,6,"JOSHUA STERLING, HYPER, VALPARAISO, IN"
,7,"BRANDON BREDEWEG, FACTORY SSQUARED, ALLENDALE, MI"
,8,"CADEN (MOHAWK WARRIOR) LLOYD, LETHAL BMX/SPEEDCO, BRAINERD, MN"
,,
17-20 Expert    Total Riders = 46    Groups = 8,,
,1,"CAMERON (THE NEW GUY) BRAMER, SUPERCROSS BMX, SOUTH PARK, PA"
,2,"DREW POLK, HYPER, AVON, IN"
,3,"BRANDON (BIRDMAN) CRAIN, FACTORY ANSWER, RIVERSIDE, CA"
,4,"JAMES PLUMMER, FULL TILT RADIO, SAINT FRANCIS, MN"
,5,"CHRISTHIAN CASTRO, FACTORY MANGLER, RIO BAMBA"
,6,"BRAYDEN (THE BULLET) KEMPEL, RAMSEY, MN"
,7,"CHARLIE BIGGS, FACTORY RIFT TANGENT, BELMONT, NC"
,8,"NICHOLAS ADAMS, FACTORY RIFT TANGENT, ORANGEVALE, CA"
,,
21-25 Expert    Total Riders = 12    Groups = 2,,
,1,"AUSTIN (FREAKY FAST) MCKAN, MAJESTY RACING, WILLARD, MO"
,2,"JUSTIN KNAPPER, FACTORY ANSWER, POTTSTOWN, PA"
,3,"RACE LEE, FULL TILT RADIO, DERBY, KS"
,4,"BRYANT WHITE, LAKESIDE, CA"
,5,"ZACHARY TOSSETT, FACTORY SSQUARED, FERGUS FALLS, MN"
,6,"JORDAN NEWSTEAD, WILD BMX NATIONAL, INTERLOCHEN, MI"
,7,"ALEX ANTIL, BLACK WIDOW BMX, SAINT MICHAEL, MN"
,8,"RYAN ZINZOW, ELKHORN, WI"
,,
26-35 Expert    Total Riders = 10    Groups = 2,,
,1,"DUSTIN (DUSTMAN) JACOBS, FACTORY MANGLER, FREEPORT, IL"
,2,"BRENNAN BUISO, HYPER, DURANGO, CO"
,3,"JOSHUA MULLEN, LAFAYETTE, IN"
,4,"FOSTER CHADEK, APPLETON, WI"
,5,"RICHARD MALDONADO, PORTAGE, IN"
,6,"COREY WILLERT, PRODIGY, PRINCETON, MN"
,7,"NICHOLAS (QUIK NIC) HURST, FACTORY MANGLER, RIVERTON, IL"
,8,"STEFAN (STEFDADDY) FAHY, MUDSLINGER BIKE SHOP, BARTLETT, IL"
,,
36-40 Expert    Total Riders = 18    Groups = 3,,
,1,"GEORGE (MANGLER) ANDREWS, FACTORY MANGLER, DAVIS JUNCTION, IL"
,2,"ADAM (NINJA) WELTER, BMA/VENOM, EAGAN, MN"
,3,"CLINT DAILY, FACTORY MAJESTY, MOORE, OK"
,4,"DAVID (SMOKIN JOE) HICKS, SPROCKET KINGZ NATIONAL FACTORY, TRAFALGAR, IN"
,5,"STEPHEN OLDHAM, YESS BMX, BRISTOL, CT"
,6,"JASON WARYAS, MAGIC, WATERFORD, MI"
,7,"JOHN (BIVNUTZ) BIVINS, FACTORY THRODWN, GENOA CITY, WI"
,8,"NICK POST, FULL TILT RADIO, MINNEOLA, FL"
,,
41-45 Expert    Total Riders = 12    Groups = 2,,
,1,"BRENT LEE, BAY AREA BMXERS, UNIVERSITY PLACE, WA"
,2,"CORY SKINNER, HUDSON, OH"
,3,"JEREMY STROUSE, FACTORY MAJESTY, TRACY, CA"
,4,"GENE FARRIS, POUNDFOOLISH WATCHES, ALPINE, CA"
,5,"DAN MAIER, SAINT PAUL, MN"
,6,"JEREMY LEHNEN, STANDARD/ACE BIKE SHOP, SPRINGFIELD, IL"
,7,"JASON YOUNG, TRIP9, WINFIELD, MO"
,8,"SCOTT SCHUMER, ANTIOCH CYCLERY, ANTIOCH, IL"
,,
46-50 Expert    Total Riders = 9    Groups = 2,,
,1,"JOSHUA (PART-TIME) COPLAN, MANGLER, JANESVILLE, WI"
,2,"CHRIS TRAPP, N PRAIRIE, WI"
,3,"MATT (THE UNICORN) BLANKSTROM, BREAKAWAY BICYCLES, MUSKEGON, MI"
,4,"TOM SWAGER, DINGMANS BMX SHOP, FARMINGTON, MN"
,5,"JAYSON LINDSAY, HAM LAKE, MN"
,6,"LEN NOVAK, LAS VEGAS , NV"
,7,"FRED TOPPER, NO XCUSES, SSQUARED, VENTURA, CA"
,8,"JOSEPH (SMOKIN JOE) PINCKNEY, SPROCKET KINGZ NATIONAL FACTORY, FORT WAYNE, IN"
,,
51 & Over Expert    Total Riders = 10    Groups = 2,,
,1,"BILLY GRIGGS, RAZOR/CHASE, ANAHEIM, CA"
,2,"MARK MELTON, KEGEL’S BICYCLE, ROCKFORD, IL"
,3,"JIM WAHL, CYCLE WORKS, LINCOLN, NE"
,4,"SCOTT MCCLAIN, LAKE GIORGIO PRODUCTS, FORT MILL, SC"
,5,"MICHAEL AUMAN, BMA/VENOM, BETHEL, MN"
,6,"JAY KERNS, WILD BMX NATIONAL, MIDLAND, MI"
,7,"JERRY MCKAN, TNT WEST VIRGINIA, BECKLEY, WV"
,8,"NIGEL CUMMINGS, HOBOKEN, NJ"
,,
