Stars & Stripes National #2,,
5 & Over Balance Bike    Total Riders = 3    Groups = 1,,
,0,"SADIE YOUNG, RAD ROCKET, DINWIDDIE, VA"
,0,"JAXSON MCCOY, INDIANA BMX COMPLIMENTS , ROANOKE, IN"
,0,"JAMES SEMPLICE, CANONSBURG, PA"
,,
4 Balance Bike    Total Riders = 7    Groups = 1,,
,0,"DOMINIC AMICO, TNT BICYCLES NATIONAL TEAM, WEBSTER, NY"
,0,"KIERSTYN BURKHOLDER, NORWICH, NY"
,0,"REESE PALMER, JEFFERSON, MD"
,0,"LEVI ROADWAY, BETHEL PARK, PA"
,0,"MAVERICK MURPHY, CROWNSVILLE, MD"
,0,"PAXTON PASINSKI, GLASSPORT, PA"
,,
3 Balance Bike    Total Riders = 6    Groups = 1,,
,0,"MADDOX PERKINS, NEW CARLISLE, OH"
,0,"KOLSEN HOLMES, LOWER BURRELL, PA"
,0,"BRODIE SCANLAN, TWIN FALLS, ID"
,0,"CALVIN SCHUMAKER, CARY, NC"
,0,"PARKER ELETON, MONROE, OH"
,,
1-2 Balance Bike    Total Riders = 3    Groups = 1,,
,0,"ELLIANA ZIMMERMAN, TARENTUM, PA"
,0,"BENJAMIN VONMOSS, VAUGHN, NM"
,0,"PAUL BELCHER, ETNA, OH"
,,
Men Pro    Total Riders = 32    Groups = 12,,
,1,"JORIS DAUDET, CHASE / BRG STORE, CORONA, CA"
,2,"KAMREN LARSEN, HARO BMX, BAKERSFIELD, CA"
,3,"JOSEPH LETO, ROUTE TRANSPORTATION/CORSA, RAPID CITY, MI"
,4,"VINCENT PELLUARD, GW-SHIMANO-UNDER ARMOUR NO LOGO COLOMBIA, NICE"
,5,"JEREMY (J-SMOOTH) SMITH, DKBICYCLES/HEMPFUSIONCBD, DAYTON, OH"
,6,"CAMERON WOOD, MONGOOSE, PEORIA, AZ"
,7,"ANTHONY (SHIBBY) BUCARDO, HARO BMX, CORONA, CA"
,8,"JOSHUA MCLEAN, FULL TILT RADIO, PALM HARBOR, FL"
,,
Vet Pro    Total Riders = 7    Groups = 1,,
,1,"JONATHAN SUAREZ, ALPHA FACTORY, CORAL SPRINGS, FL"
,2,"BARRY (BAMA SLAMMA) NOBLES, MERCEDES BENS, FLY, HARO, STERRETT, AL"
,3,"JOSH SMITH, DK BICYCLES, SPRINGBORO, OH"
,4,"BRADEN ROMER, VELOCIOUS SPORT, GREENSBORO, NC"
,5,"BEAU FOSTER, DEEP DIRT RIDING GEAR, REIDSVILLE, NC"
,6,"CARLOS PIERSON, ADRIAN, MI"
,7,"JEFFERSON (JEFF) OLIVEIRA, CARBALLO&SONS / MONGOOSE, WEST LONG BRANCH, NJ"
,,
Women Pro    Total Riders = 12    Groups = 6,,
,1,"MARIANA PAJON, GW-SHIMANO/REDBULL/ANSWER, KATY, TX"
,2,"MOLLY SIMPSON, DAYLIGHT CYCLES, RED DEER, AB"
,3,"ASHLEY VERHAGEN, FULL TILT RADIO, PHOENIX, AZ"
,4,"TEIGEN PASCUAL, FACTORY RIFT TANGENT, GARIBALDI HIGHLANDS, BC"
,5,"RACHEL MYDOCK, REMIX BMX, PHOENIX, AZ"
,6,"DALENY VAUGHN, 316 RACING DK BIKES, TUCSON, AZ"
,7,"HEATHER COLLMAN, YESS BMX, ROCKTON, IL"
,8,"EMILY (WONDER TWIN) HAYES, SUPERCROSS BMX, ROCK HILL, SC"
,,
6 & Under Mixed Open    Total Riders = 15    Groups = 3,,
,1,"BRAEDEN (SUPER BEE) MELEWSKI, MAD CYCLES, FORT MILL, SC"
,2,"BROOKLYNN CAMPBELL, DAYLIGHT CYCLES GIRLS, BROOKLYN PARK, MD"
,3,"ALESSIO IMPROTA, ALPHA DEVELOPMENT TEAM, PATCHOGUE, NY"
,4,"TERRELL (TJ) ADDISON JR, LTR, PERRY HALL, MD"
,5,"REID WATERS, TNT BICYCLES CONNECTICUT, WINSTED, CT"
,6,"MADDEN (MADDMAN) ATHERTON, BLUEGRASS, LOUISVILLE, KY"
,7,"BRECKEN MILLER, MOM AND DAD, PITTSBURGH, PA"
,8,"QUINN WALTHER, VALENCIA, PA"
,,
7-8 Mixed Open    Total Riders = 17    Groups = 3,,
,1,"MAYA (WARRIOR PRINESS) GADBOIS, ALBES PROMAX, SANTA CLARITA, CA"
,2,"RYDER (LIL HOMIE) STEVENS, MILFORD, OH"
,3,"LEVI KETELDIJK, SPORTY LIFESTYLE ARUBA, ORANJESTAD"
,4,"KENJI (SUPER K) GOTO, DADDY, TAMPA, FL"
,5,"HANNAH SHEAR, BFR/BELLFLOWER BICYCLES, PALOS VERDES ESTATES, CA"
,6,"DILLON HETRICK, PAK BMX RACING, HUDSON, OH"
,7,"EMMETT (SUNSHINE) SPALDING, POWER FX SPEEDCO, FORT MYERS, FL"
,8,"ELI KETTERING, TRIFECA, ELIZABETH, PA"
,,
9-10 Mixed Open    Total Riders = 13    Groups = 2,,
,1,"ADDISON SPENCER, BOX, NEW HAVEN, IN"
,2,"RYAN (RJ) KACZMAREK, PARENTS, ANGOLA, NY"
,3,"NATHAN SHEAR, BFR/BELLFLOWER BICYCLES, PALOS VERDES ESTATES, CA"
,4,"TANNER (DYNAMITE) ALTER , REGGIE'S BIKE SHOP, MONROE, MI"
,5,"CAMERON HETRICK, PAK BMX RACING, HUDSON, OH"
,6,"ANTHONY TRINCA, TOXIC RACING, RIDGE, NY"
,7,"ELLIANA KOUTRIS, ALPHA NATIONAL, MAPLE GROVE, MN"
,8,"WYATT GAMBLIN, TEAM BELIEVE, WOOD RIVER, IL"
,,
11-12 Mixed Open    Total Riders = 19    Groups = 3,,
,1,"KATY CYRUS, REDMAN BIKES, WINCHESTER, CA"
,2,"KATE (COACH) CLARRIDGE, RIVAL RACING, MARYSVILLE, OH"
,3,"CAMRON CALLOW, ZUNI, VA"
,4,"REAGAN RICE, RIVAL RACING, PLAINFIELD, IN"
,5,"RYDER LITTERELLO, TOXIC RACING, MILLER PLACE, NY"
,6,"CHELSEA (THE HAMMER) WILSON, TRUE BMX, ROCK HILL, SC"
,7,"TRACE (T-RACE) CREEL, ANOTHER BAD HABIT/NAPLES, NAPLES, FL"
,8,"BOBBI (FASTER) GILMAN, BOX COMP/ORP BIKE SHOP, AUSTIN, TX"
,,
13-14 Mixed Open    Total Riders = 11    Groups = 2,,
,1,"SHELBY (SMILES) ELDER, FACTORY BOMBSHELL, WAXAHACHIE, TX"
,2,"MICKIE (THE BULLET) JOSEPH, CLIFTON, CO"
,3,"KAMRYN SWAN, REGGIE'S BIKE SHOP, TOLEDO, OH"
,4,"KAYLA (ZOOM ZOOM) WERNER, PHAT DADDY RACING, LEWES, DE"
,5,"ASHTON HEVNER, LAUREL, DE"
,6,"AUBREY PALMER, ANSWER SSQUARED NATIONAL, FLORENCE, KY"
,7,"ANTHONY (BOO-CHEE) BUCCI, GATE NINE, LONGWOOD, FL"
,8,"JAMES ENSOR, HAGERSTOWN, MD"
,,
15-16 Mixed Open    Total Riders = 8    Groups = 1,,
,1,"ETHAN SOLL, TOLEDO, OH"
,2,"HOLLY SHREVE, EDINBORO, PA"
,3,"SIERRA (HOLLYWOOD) MCDANIEL, POWERS BIKE SHOP, SPRINGFIELD, VA"
,4,"SOPHIA ROBBINS, VELOCITY BIKE CO, FREDERICKSBURG, VA"
,5,"GABRELLE (GABBY ROSS) ROSS, COLUMBUS, OH"
,6,"AUSTIN MONREAL, BMX4LIFE, LAND O LAKES, FL"
,7,"HUNTER QUICK, PAK BMX RACING, AKRON, OH"
,,
17-20 Mixed Open    Total Riders = 3    Groups = 1,,
,1,"JACOB SLAZINSKI, TRIFECTA BMX TEAM, PITTSBURGH, PA"
,2,"TYLER MONESMITH, AKRON, IN"
,3,"PIPER YOCKELSON, BOX COMPONENTS, MOUNT AIRY, MD"
,,
26-30 Mixed Open    Total Riders = 3    Groups = 1,,
,1,"JESSICA JAYNE, BLOT OUT GRAPHICS, EAST MORICHES, NY"
,2,"MEGAN ROXAS, PAK BMX RACING, CHARLESTON, SC"
,3,"TIFFANY MOLESI, MUDSLINGER BIKE SHOP, EAST MORICHES, NY"
,,
31 & Over Mixed Open    Total Riders = 7    Groups = 1,,
,1,"GARRET (THE STIG) DONOVAN, RENEGADE BMX, FINLEYVILLE, PA"
,2,"GEORGE (G-NICE) SCOTT, NICEMOVE/KALE, CHARLOTTE, NC"
,3,"JEFFREY (RABBIT) ORLANDI, STANDARD NORTHEAST, CHICOPEE, MA"
,4,"JAMES (EL LOCO) TRIPP, WRENCHMAN/BLACKCROWN, RALEIGH, NC"
,5,"SCOTT HEVNER, LAUREL, DE"
,6,"HOLGER  (HOOLRIVER) RIVERA, HOOLRIVER, BRIDGEPORT, CT"
,,
6 & Under Open    Total Riders = 3    Groups = 1,,
,1,"GREYSON (RACINGREYSON) CARR, DAYLIGHT CYCLES, AMELIA, OH"
,2,"BLAKE (CASH MONEY COYNE) COYNE, WIKID RACING, WALTON HILLS, OH"
,3,"DYLAN DOBELLE, NEW CITY, NY"
,,
7-8 Open    Total Riders = 11    Groups = 2,,
,1,"LOGAN (THE CAPTAIN) LEMMERS, BENT RIM RACING, PLATO, MN"
,2,"CONNOR (THE CONDOR) BECKLEY, ROCKSTAR/FULLTILT/RADIO, BRADENTON, FL"
,3,"JACKSON  SCOGGINS, MOM AND DAD, MEMPHIS, TN"
,4,"DOMINIC CAPUTO, LETHAL THREAT RACING, PASADENA, MD"
,5,"PARKER (MIGHTY MOUSE) GRAVES, SSQUARED NATIONAL TEAM , HOLLYWOOD, MD"
,6,"LUKE HILL, FILIPOFF FAMILY RACING, PORTAGE, IN"
,7,"KAILEN WOUTERS, SPROCKET KINGZ NATIONAL FACTORY, SAVANETA"
,8,"CARSON  BURKHOLDER, CHIP N DALE NAT TEAM, NORWICH, NY"
,,
9-10 Open    Total Riders = 10    Groups = 2,,
,1,"MAX (MAD MAX) MEINEL, TNT BICYCLES NATIONAL TEAM, MONROE, CT"
,2,"ANDRES (LIL MACHINE) ANDRADE, FACTORY BOMBSHELL, MIAMI, FL"
,3,"BRAYDEN GORIS, BLACKCROWN BIKE SHOP, ORMOND BEACH, FL"
,4,"DOMINICK DUNN, NOMADS BMX, MEBANE, NC"
,5,"RAUL CARDOZO, CLAIRTON, PA"
,6,"CALEB MOLYNEAUX, SUPER DUPER, PITTSBURGH, PA"
,7,"RILEY RECORDS, SHORT LANE ICE CREAM CO., WEST POINT, VA"
,8,"RYLAN SPENCE, SSQUARED NEW ENGLAND, SOUTHBURY, CT"
,,
11-12 Open    Total Riders = 11    Groups = 2,,
,1,"CHRIS FELKER, FACTORY RIFT TANGENT, KNOXVILLE, TN"
,2,"JASON (JASE) STERLINSKI, HYPER, BETHPAGE, TN"
,3,"MASON HAYES, MONGOOSE BICYCLES, DENVER, NC"
,4,"MAXIMUS (MAX SPEED) MENTAL, FLORIDA SSQUARED, WESTON, FL"
,5,"CAVAN (CAVEMAN) MCHENRY, BMXSHOWBOATERS/BOMBSHELL, SAN DIEGO, CA"
,6,"DORIAN (TESLA) CARREIRO, YESS BMX NATIONAL TEAM, GRAND RAPIDS, MI"
,7,"HAYDEN (H-BOMB) GISH, AIRBORNE BMX, VALPARAISO, IN"
,8,"HUDSON (DOZER) KENNEDY, ANOTHER BAD HABIT RACING, NAPLES, FL"
,,
13-14 Open    Total Riders = 12    Groups = 2,,
,1,"SEBASTIAN BETTINGER, SEAN CARVAJAL'S LDC, RALEIGH, NC"
,2,"RICHARD (RATTLESNAKE) PABEN, REGGIE'S BIKE SHOP, TEMPERANCE, MI"
,3,"NICK MAILLARD, LEVITTOWN, PA"
,4,"GAVIN (THE FUTURE) BRADLEY, FACTIMETOSHINEMONGOOSE, DAYTON, OH"
,5,"JT (JT) VROLIJK, PLUM, PA"
,6,"WESLEY HAMEL, SSQUARED, TERRYVILLE, CT"
,7,"PHILIP (PJ) RAMSEY, BLACK CROWN BIKE SHOP, PASADENA, MD"
,8,"BRIAN (FLYIN BRIAN) VARNDELL, PUNTA GORDA, FL"
,,
15-16 Open    Total Riders = 10    Groups = 2,,
,1,"ZACK DRINKARD, VELOCITY BIKE CO, MECHANICSVILLE, VA"
,2,"EVAN MENDITTO, TNT BICYCLES FACTORY, MARLTON, NJ"
,3,"TROY KERNAN, SUNMAN, IN"
,4,"BRAD (B-RAD) HERSEY, CHIP-N-DALE, MARLBORO, NJ"
,5,"PRESTON ELLIOTT, VELOCITY BIKE COMPANY, NOKESVILLE, VA"
,6,"BRENNAN COULTON, WEST MILFORD, NJ"
,7,"LANCE (SPIKE) MILLER, TNT BICYCLES NATIONAL TEAM, TROY, NY"
,8,"DYLAN (BIG DYL) SEBRELL, GATE NINE, CANTON, OH"
,,
17-20 Open    Total Riders = 10    Groups = 2,,
,1,"DREW POLK, HYPER, AVON, IN"
,2,"CAMERON (THE NEW GUY) BRAMER, SUPERCROSS BMX, SOUTH PARK, PA"
,3,"WESLEY (BOOGIE) CLARK, VELOCITY BIKE CO, GROVETOWN, GA"
,4,"MICHAEL RECH, FACTORY TRIFECTA RACING, PITTSBURGH, PA"
,5,"JONAS YOCKELSON, COLORADO MESA UNIVERSITY, MOUNT AIRY, MD"
,6,"SHANE HAMPSON, MACH 1 RACING, SOUND BEACH, NY"
,7,"CHARLIE MEYER, VELOCITY BIKE CO., HAMPTON, VA"
,8,"RUSSELL (RJ) WALLER, TRUTH BMX, MANASSAS, VA"
,,
26-30 Open    Total Riders = 4    Groups = 1,,
,1,"NATHAN HATHCOCK, FACTORY MANGLER, POPLAR GROVE, IL"
,2,"KEVIN SUAREZ, VELOCITYBIKECO, SPRINGFIELD, VA"
,3,"STEFAN (STEFDADDY) FAHY, MUDSLINGER BIKE SHOP, BARTLETT, IL"
,,
31 & Over Open    Total Riders = 9    Groups = 2,,
,1,"JUSTIN MARKIE, PLANTSVILLE, CT"
,2,"DEREK HOPKINS, REGGIE'S BIKE SHOP, TOLEDO, OH"
,3,"PATRICK (THE BADGER) WELCH, DV8 RACING, CLIO, MI"
,4,"SOLAN FOSTER, ALBES, DEARBORN HEIGHTS, MI"
,5,"HARRY LEARY, BIOLAB/BOX TEAM, LAKE HAVASU CITY, AZ"
,6,"JACOB KINNARD, POWER FX SPEEDCO, LEESBURG, FL"
,7,"CALE MCCONNAUGHY, LETHAL THREAT RACING, DELTA, PA"
,8,"ERIC REID, CHAPEL HILL, NC"
,,
10 & Under Girls Cruiser    Total Riders = 11    Groups = 2,,
,1,"JENNAVECIA (JENNARATOR) KLEMZ, BLACK WIDOW BMX, BRAHAM, MN"
,2,"NINA AMICO, TNT BICYCLES NATIONAL TEAM, WEBSTER, NY"
,3,"DANICA APPENZELLER, BMX SHARKS, ALBUQUERQUE, NM"
,4,"ALEX  PASOWICZ, BLACKCROWN BMX FACTORY, LA VERNE, CA"
,5,"HAILEY (THE TANK) SMITH, TIME2SHINE, ASHBURN, VA"
,6,"ISABELLA (SPITFIRE) GEORGE, DAYLIGHT CYCLE CO., DUMFRIES, VA"
,7,"MALIA (BABY MANGLER) ALVAREZ, BLOOMINGTON, IL"
,8,"KEILANI (KRAZY KAT) GRAY, WIKID RACING, TALLMADGE, OH"
,,
11-12 Girls Cruiser    Total Riders = 12    Groups = 2,,
,1,"MIA CUSTER, BLACKCROWN BMX FACTORY, BRIDGETON, NJ"
,2,"AVERY (THE VOICE) JONES, JRBICYCLES.COM/SPEEDCO/AVIAN, CAPE CORAL, FL"
,3,"CAMRYN (CRAZY LEGS) SEARFOSS, VELOCITY BIKE CO, NORWICH, NY"
,4,"KAYLIE CERASA, BLACK WIDOW BMX, BELVIDERE, IL"
,5,"OLIVE (OLI MAY) DIBERNARDO, TRIFECTA FACTORY, MONONGAHELA, PA"
,6,"CRYSTINA PATRICK, ALBES PROMAX, ERIE, PA"
,7,"MAKILAH (#MAKSTER) DAVIS, POWERS BMX SHOP, STAFFORD, VA"
,8,"ALTHEA MANVILLE, HORSEHEADS BMX PRO SHOP, OWEGO, NY"
,,
13-14 Girls Cruiser    Total Riders = 11    Groups = 2,,
,1,"KYLEE NIEDERBERGER, FACTORY ANSWER, JARRETTSVILLE, MD"
,2,"HANNAH (THE HURRICANE) LEAKEY, SUPERCROSS BMX, PHOENIX, AZ"
,3,"SHELBY (SMILES) ELDER, FACTORY BOMBSHELL, WAXAHACHIE, TX"
,4,"SADIE HERRERA, ACWORTH, GA"
,5,"EMMA MARTIN, ALLTOW WRECKING CREW/YESS, ELKRIDGE, MD"
,6,"ALLISON (GINGERSNAP) LAUGHLIN, ALBES PROMAX, ERIE, PA"
,7,"EMMA (BEAST MODE) CAVNER, ALBES PROMAX, ROCKFORD, MI"
,8,"KEIRA AMARIS, VELOCITY BIKE CO, MASTIC BEACH, NY"
,,
15-16 Girls Cruiser    Total Riders = 10    Groups = 2,,
,1,"MILA (THE PILOT) KELLY, REGGIE'S BIKE SHOP, LAPEER, MI"
,2,"PEYTON PULASKI, NATIONAL ALPHA, MERIDEN, CT"
,3,"MADILYN (MAD RAYNE) MATIKO, HYPER BODYARMOR, FAIRLESS HILLS, PA"
,4,"KAYLYN (AWESOMESAUCE) MILLER, RIVAL RACING, EDGEWOOD, KY"
,5,"ASHLEIGH MECH, POWERS BIKE SHOP, PASADENA, MD"
,6,"CHEYENNE MONK, RENEGADES, NORTH APOLLO, PA"
,7,"RILEY PENNUCCI, ALBES, BLAIRSTOWN, NJ"
,8,"MARISSA (MOVIE STAR) LYMAN, PROPHECY, EAST GRANBY, CT"
,,
17-20 Women Cruiser    Total Riders = 6    Groups = 1,,
,1,"HAYLEE (DOWNTOWN BROWN) BROWN, LITHIUM RACING, NEWPORT NEWS, VA"
,2,"GABBY CRANE, RIVAL RACING, TRENTON, OH"
,3,"JULIET CATANZARO, MILLER PLACE, NY"
,4,"MEA FLYNN, ALBES PROMAX, OXFORD, MI"
,5,"KAILANI SMITH, POWERS BIKE SHOP, GRAND RAPIDS, MI"
,,
21-30 Women Cruiser    Total Riders = 4    Groups = 1,,
,1,"JAMIE (SUNSHINE) REED, PROPHECY, HAMILTON, OH"
,2,"REBECCA (REBECCA) ROBISON, VELOCIOUS SPORT, GREENSBORO, NC"
,3,"EMILY (CHICKEN LITTLE) FISK, TNT BICYCLES FACTORY, MEBANE, NC"
,,
31-35 Women Cruiser    Total Riders = 4    Groups = 1,,
,1,"DANIELLE JOLICOEUR, YESS BMX, TORRINGTON, CT"
,2,"BOBBI JO (MOMMIE) PATRICK, ALBES PROMAX, ERIE, PA"
,3,"KATELIN QUICK, PAK BMX RACING, UNIONTOWN, OH"
,,
36-40 Women Cruiser    Total Riders = 8    Groups = 1,,
,1,"LISA (LIGHTING LEGGS) WEBB, NOT SURE, QUEENSTOWN, MD"
,2,"ASHLEIGH NYBORG, FUQUAY VARINA, NC"
,3,"JENNA WILLIAMS, DIABLOS RACING/J&R BIKES, BURLINGTON, NJ"
,4,"BROOKE CAVNER, ALBES PROMAX, ROCKFORD, MI"
,5,"REBECCA (CHICKEN LADY) DEMILLE, RIDE LIKE A GIRL/CHIP N DALE, DOROTHY, NJ"
,6,"TARA (SAFETY PANTS) MURPHY, POSITIVE IMPACT RACING, CROWNSVILLE, MD"
,7,"VANESSA MCMILLEN, SERGEANTS, STOW, OH"
,,
41-45 Women Cruiser    Total Riders = 10    Groups = 2,,
,1,"HIDI CRAMER, BIKEMASTER, DES MOINES, WA"
,2,"SARAH (SPARKY) CUGLER, POSITIVE IMPACT RACING, BALTIMORE, MD"
,3,"ANGELA CONSTANTINO, VELOCITY BIKE CO, WHITSETT, NC"
,4,"CONNIE RAMSEY, PASADENA, MD"
,5,"JEN SHULTZABERGER, ROUND HILL, VA"
,6,"JENNIFER LINDEMAN, SUPER DUPER, JEANNETTE, PA"
,7,"TRACY LANSING, 1ST GEN BMX, CHERRY HILL, NJ"
,8,"XYLIA RODRIGUEZ, ROCKET RACING, GLEN ALLEN, VA"
,,
51-55 Women Cruiser    Total Riders = 3    Groups = 1,,
,1,"SUNNY HARMESON, PORTLAND, OR"
,2,"SUZANNE BLACK, ALPHA NATIONAL TEAM, CHANDLER, AZ"
,3,"LAURA (KNOCK KNOCK) BOHNE, GOSHEN, KY"
,,
56 & Over Women Cruiser    Total Riders = 4    Groups = 1,,
,1,"MARJORIE (MAMA MARGE) KAMINSKI, CRANKOUT, EDEN, NY"
,2,"SUZANNE BORLAND, GILBERT, AZ"
,3,"LISA BELL, POWERS BIKE SHOP, WOODBRIDGE, VA"
,,
7 & Under Cruiser    Total Riders = 14    Groups = 2,,
,1,"BRYSON (PNUT BRUNS) BRUNS, ALPHA, WEST WARWICK, RI"
,2,"GAVIN (THE OUTLAW) TONN, WIKID RACING, ORIENT, OH"
,3,"JOSEPH (JD) LATAILLE, SSQUARED NE, LONGMEADOW, MA"
,4,"MICHAEL HUDZIK, BETHEL PARK, PA"
,5,"DYLAN (NINJA) OKLOPCIC, ROCKET RACING, RICHMOND, VA"
,6,"BRYCE (BEBO) LANG, TIME2SHINE, STAFFORD, VA"
,7,"FINNEGAN (IRISHMAN) LEE, IRISHMAN BMX, HIGH POINT, NC"
,8,"VINCENT (MOTO HORNET) SEMPLICE, TRIFECTA RACING, CANONSBURG, PA"
,,
8 Cruiser    Total Riders = 17    Groups = 3,,
,1,"DAVID (THE DESTROYER) CRICHTON, FRYE HIGH PERFORMANCE, WESTFIELD, MA"
,2,"SAWYER (SOY SAUCE) DAUGHERTY, POWER FX SPEEDCO, FORT MYERS, FL"
,3,"JACKSON  SCOGGINS, MOM AND DAD, MEMPHIS, TN"
,4,"WYATT CLARK, BETHEL PARK, PA"
,5,"PARKER (MIGHTY MOUSE) GRAVES, SSQUARED NATIONAL TEAM , HOLLYWOOD, MD"
,6,"KAI (THE HURRICANE) GRAY, WIKID RACING, TALLMADGE, OH"
,7,"BLAKE WINDOWS, CAMERON MILLS, NY"
,8,"LUKE HILL, FILIPOFF FAMILY RACING, PORTAGE, IN"
,,
9 Cruiser    Total Riders = 16    Groups = 3,,
,1,"TYLER (T-BONE) MARHAFER, LYPHE RACING, SCHENECTADY, NY"
,2,"AIDEN TROMPETER, BLACK CROWN BMX BIKE SHOP, PEORIA, AZ"
,3,"ENZO (ENZO DANGER) HOFFMAN, TRIFECTA FACTORY RACING, PITTSBURGH, PA"
,4,"CHANCE (THE WILDCARD) HALL, ALBES PROMAX, JAVA CENTER, NY"
,5,"ELI (ROWDY) DOWDY, GET-A-GRIP, STAFFORD, VA"
,6,"MAX (MAD MAX) MEINEL, TNT BICYCLES NATIONAL TEAM, MONROE, CT"
,7,"AIDEN CONTI, GET A GRIP, STAFFORD, VA"
,8,"RILEY RECORDS, SHORT LANE ICE CREAM CO., WEST POINT, VA"
,,
10 Cruiser    Total Riders = 18    Groups = 3,,
,1,"ACE LAACK, ALPHA FACTORY, ROCHESTER, MN"
,2,"SEAN (YOU KNOW WHO) LEHEW, CHARLOTTE BOMBSHELL, PUNTA GORDA, FL"
,3,"WYATT HICKS, BLACKCROWN BMX FACTORY, KENNESAW, GA"
,4,"JACOB (U KNOWN) GREENWELL, BLACKCROWN BMX FACTORY, MECHANICSVILLE, MD"
,5,"PARKER MURRAY, TNT NATIONAL, MAYS LANDING, NJ"
,6,"WYATT QUICK, PAK BMX RACING, AKRON, OH"
,7,"DECLAN (THE DIESEL) SIMS, FACTORY TRIFECTA RACING, TRAFFORD, PA"
,8,"JAXON COOPER, MUDSLINGER BIKE SHOP, WAPELLA, IL"
,,
11 Cruiser    Total Riders = 17    Groups = 3,,
,1,"TAYLOR KOLL, HUTELIN RACIING, LAKE WALES, FL"
,2,"BRADY WORD, ALPHA FACTORY, MODESTO, CA"
,3,"JACOB (FROM STATE FARM) LANGE, TRIP9 RACING, FRIENDSHIP, WI"
,4,"DORIAN (TESLA) CARREIRO, YESS BMX NATIONAL TEAM, GRAND RAPIDS, MI"
,5,"MARSHALL (LITTLE BEAST) MILLER, RIVAL DEVO, EDGEWOOD, KY"
,6,"SAWYER SPENCE, SSQUARED NEW ENGLAND, SOUTHBURY, CT"
,7,"JAYDEN (LIGHTNING) LINVILLE, FACTORY BOMBSHELL, RIVERSIDE, OH"
,8,"ARCHER LINDEMAN, SUPER DUPER, JEANNETTE, PA"
,,
12 Cruiser    Total Riders = 9    Groups = 2,,
,1,"MASON HAYES, MONGOOSE BICYCLES, DENVER, NC"
,2,"GAVIN MENDITTO, TNT BICYCLES FACTORY, MARLTON, NJ"
,3,"DYLAN HOLTON, WILD NATIONAL BMX, ROCKFORD, MI"
,4,"SHANE MAGHAN, CHIP-N-DALE, FARMINGDALE, NJ"
,5,"BOBBY VRETTOS, CHIP N DALE BIKE SHOP, JOBSTOWN, NJ"
,6,"ELI (JUMPING ELI JONES) JONES, A&E RACING, SIDNEY, OH"
,7,"EVERETT STONE, RACER CONCEPTS DEV, STERLING, CT"
,8,"MAX (GAS IT) GUNNING, SNOWMASS, CO"
,,
13 Cruiser    Total Riders = 18    Groups = 3,,
,1,"RILEY ALLEN, FACTORY RIFT TANGENT, FORT MILL, SC"
,2,"PHILIP (PJ) RAMSEY, BLACK CROWN BIKE SHOP, PASADENA, MD"
,3,"TOMMY BRUNEY, FULL TILT RADIO, PITTSBURGH, PA"
,4,"LOGAN (CRUSH IT) CALDWELL, JRBICYCLES.COM/SPEEDCO/AVIAN, NORTH FT MYERS, FL"
,5,"TYLER HELSEL, POWERS BIKE SHOP, PASADENA, MD"
,6,"GAVIN (THE FUTURE) BRADLEY, FACTIMETOSHINEMONGOOSE, DAYTON, OH"
,7,"ALEX MARSHALL, TOXIC RACING, WALLKILL, NY"
,8,"JOHN DELVECCHIO, RACER CONCEPTS, WEST MILFORD, NJ"
,,
14 Cruiser    Total Riders = 14    Groups = 2,,
,1,"SEAN NICOSIA, FACTORY BOMBSHELL, HUNTERSVILLE, NC"
,2,"MAX MARSHALL, TOXIC RACING, WALLKILL, NY"
,3,"JONAH (THE UNDERTAKER) GRAVES, FULL CIRCLE BIKE SHOP, WORTHINGTON, MA"
,4,"CADE MCCONNELL, BRENTWOOD, TN"
,5,"BRADY (BEETLE JUICE) JONES, JRBICYCLES.COM/SPEEDCO/AVIAN, CAPE CORAL, FL"
,6,"SEBASTIAN BETTINGER, SEAN CARVAJAL'S LDC, RALEIGH, NC"
,7,"JOE (ALOHA-JOE) DRAWENEK, FACTORY SSQUARED, NEENAH, WI"
,8,"JOHN (JOHNNY) TAGG, FACTORY TRIFECTA RACING, PITTSBURGH, PA"
,,
15 Cruiser    Total Riders = 10    Groups = 2,,
,1,"TIMOTHY HAUSE, FACTORY RACER CONCEPTS, COLLINGSWOOD, NJ"
,2,"AUSTIN (JUNG FU) JUNG, TRIP9 RACING, ARNOLD, MO"
,3,"DYLAN MAGHAN, CHIP-N-DALE, FARMINGDALE, NJ"
,4,"MASON (SWEET N SMOKY) BRUNS, ALPHA, W WARWICK, RI"
,5,"JOHN (JOHNBOY) GRATTON, IRON CITY BIKED, PITTSBURGH, PA"
,6,"ANDREW HERRERA, ACWORTH, GA"
,7,"RICHARD (RJ) ELY, FREEHOLD, NJ"
,8,"ZANNI VRETTOS, CHIP N DALE BIKE SHOP, JOBSTOWN, NJ"
,,
16 Cruiser    Total Riders = 10    Groups = 2,,
,1,"ELIJAH HEANEY, FACTORY POWERS BMX, MURFREESBORO, TN"
,2,"DALLAS GARDNER, DAYLIGHT CYCLES, RICHMOND, VA"
,3,"EVAN MENDITTO, TNT BICYCLES FACTORY, MARLTON, NJ"
,4,"ANDREW (THE ROCKET) KIRBY, BLACK WIDOW BMX, TULSA, OK"
,5,"ALEXANDER BOUER, FACTORY ECC RIFT, HOWELL, NJ"
,6,"SPENCER (4 HIRE) FLEMING, SSQUARED NATIONAL TEAM , KINGSTON, GA"
,7,"TYLER WHEELER, PHAT DADDY RACING, COMPTON, MD"
,8,"GILBERTO (G-3) DELEON III, ROCKET RACING, GLEN ALLEN, VA"
,,
17-20 Cruiser    Total Riders = 9    Groups = 2,,
,1,"RYAN BRAMER, BLACKCROWN BMX FACTORY, SOUTH PARK, PA"
,2,"NICHOLAS (SHOWTIME) SCHWARZ, RAZON CONTRACTING, LILLINGTON, NC"
,3,"JOHN PAUL (JPEEZY) STEVENS, FACTORY TRIFECTA, CARNEGIE, PA"
,4,"MICHAEL AMARIS, VELOCITY BIKE CO, MASTIC BCH, NY"
,5,"CHARLIE MEYER, VELOCITY BIKE CO., HAMPTON, VA"
,6,"KELLAN REDMOND, ROCKET RACING, HENRICO, VA"
,7,"JACOB (JACKYL) NEES, PAK BMX RACING, AKRON, OH"
,8,"EASTON RUSS, RIDE LIKE A GIRL, EGG HARBOR TWP, NJ"
,,
21-25 Cruiser    Total Riders = 3    Groups = 1,,
,1,"ZACHARY HILL, PROPHECY, COLUMBUS, OH"
,2,"JUAN (POTRO) GOMEZ, (MYSELF), QUEENS, NY"
,3,"JACOB SMITH, CORTLAND, NY"
,,
26-30 Cruiser    Total Riders = 5    Groups = 1,,
,1,"ROBERT (RJ) VARGO, NOR CAL NEXT GENERATION, EXETER, PA"
,2,"ZACH STRAHAN, TRILOGY BMX, READING, PA"
,3,"LUKE FILIPPONE, WALLINGTON, NJ"
,4,"RICKY GREENE, LOTHIAN, MD"
,,
31-35 Cruiser    Total Riders = 3    Groups = 1,,
,1,"DUSTIN (DUSTMAN) JACOBS, FACTORY MANGLER, FREEPORT, IL"
,2,"JOSHUA PHILLIPS, YESS BMX, DAVENPORT, FL"
,3,"DEREK HOPKINS, REGGIE'S BIKE SHOP, TOLEDO, OH"
,,
36-40 Cruiser    Total Riders = 11    Groups = 2,,
,1,"STEPHEN OLDHAM, YESS BMX, BRISTOL, CT"
,2,"JASON WARYAS, MAGIC BMX, WATERFORD, MI"
,3,"DWAYLON CARTER, LETHAL THREAT RACING, BALTO, MD"
,4,"JASON WAGNER, FACTORY PROPHECY, MISHAWAKA, IN"
,5,"MATTHEW SWAP, REGGIE'S BIKE SHOP, MONROE, MI"
,6,"TERRY (LAMBO) LAMBERT II, LAMBO'S BIKE SHOP, WADSWORTH, OH"
,7,"LUIS ROJAS, MITCHELL RACING PLATES, QUEEN, NY"
,8,"CALE MCCONNAUGHY, LETHAL THREAT RACING, DELTA, PA"
,,
41-45 Cruiser    Total Riders = 7    Groups = 1,,
,1,"CORY SKINNER, SOLON BMX, HUDSON, OH"
,2,"RODRIGO GOMEZ, GUADALAJARA, CHP"
,3,"WAYNE (BIG WAYNE) HARDMAN, JRBICYCLES.COM/SPEEDCO/AVIAN, NORTH FORT MYERS, FL"
,4,"SILVIO DA SILVA PINTO, LONG BRANCH, NJ"
,5,"GILBERTO DELEON JR, ROCKET RACING, GLEN ALLEN, VA"
,6,"ED GRATTON, IRON CITY BIKES, PITTSBURGH, PA"
,,
46-50 Cruiser    Total Riders = 11    Groups = 2,,
,1,"MATT DALLAS, BLOT OUT GRAPHICS, COS COB, CT"
,2,"JEREMY THOMPSON, FACTORY POWERS BMX, GRAHAM, NC"
,3,"RICHIE (RICHIE B. GOOD) GOOD, NORTHUMBERLAND, PA"
,4,"JOHN MILLER, MAGIC BMX, WHITE LAKE, MI"
,5,"FABIAN (FABIAN) GONZALEZ, GAITHERSBURG, MD"
,6,"ERIC REID, CHAPEL HILL, NC"
,7,"ROLANDO (ANDY) LIMJOCO, DAMAGE INC NY, PATCHOGUE, NY"
,8,"MICHAEL (REGGIE) WOHRLE, HYPER BODYARMOR, LENSDALE, PA"
,,
51-55 Cruiser    Total Riders = 11    Groups = 2,,
,1,"JIM BRAMER, BLACKCROWN BMX FACTORY, SOUTH PARK, PA"
,2,"DREW MOTLEY, YESS BMX, ORMAND BEACH, FL"
,3,"ANTHONY JEFFERSON, PITTSBURGH, PA"
,4,"NIGEL CUMMINGS, HOBOKEN, NJ"
,5,"CHRIS NASCA, CRANKOUT, EDEN, NY"
,6,"JIM (/ FEN-L-O /) FENIELLO, RENEGADE BMX, WEXFORD, PA"
,7,"BILL MYERS, BURLINGTON, NC"
,8,"PAUL (JOKER) LINGARD, FACTORY VERT BMX, PALM COAST, FL"
,,
56-60 Cruiser    Total Riders = 5    Groups = 1,,
,1,"DON BEALS, PORT RICHEY, FL"
,2,"JACOB KINNARD, POWER FX SPEEDCO, LEESBURG, FL"
,3,"ROBERT (BIGFOOT) VONMOSS, VAUGHN, NM"
,4,"PAUL (BBP) VAN VECHTEN, NEW CASTLE, DE"
,,
5 & Under Novice    Total Riders = 22    Groups = 4,,
,1,"ANTHONY COOPER, MECHANICSVILLE, MD"
,2,"CHASE JESIONOWSKI, SOUTH PARK, PA"
,3,"ASHER  SCHUMANN , MCKEESPORT, PA"
,4,"JAMES SHERRILL, TIME2SHINE, CHESTER, VA"
,5,"JHOBE (G.I. JHOBE) NANCE, DOWNTOWN BMX, ASHEBORO, NC"
,6,"SHEPHERD NEEL, GT RACERS EDGE, MARS, PA"
,7,"BRAXTON ZIMMERMAN, TARENTUM, PA"
,8,"NATHANIEL HOPKINS, REGGIE'S BIKE SHOP, LAMBERTVILLE, MI"
,,
6 Novice    Total Riders = 6    Groups = 1,,
,1,"MATIAS (THR HULK) MENDEZ, BEMAX-HIGH GRADE RACING, MIAMI, FL"
,2,"AMELIA WILLIN, MOM AND DAD, BETHEL, DE"
,3,"LOGAN (MACK) SALERNO, PITTSBURGH, PA"
,4,"JULEO DIBERNARDO, TRIFECTA RACING, MONONGAHELA, PA"
,5,"CARTER (LIL LAMBO) LAMBERT, LAMBO'S BIKE SHOP, NORTON, OH"
,,
7 Novice    Total Riders = 9    Groups = 2,,
,1,"EZRA ARMENT, PITTSBURGH, PA"
,2,"ELSIE GRUBB, LANDISVILLE, PA"
,3,"BRODY HOPKINS, REGGIE'S BIKE SHOP, LAMBERTVILLE, MI"
,4,"MIA-BELL (PIKACHU) KING, RIDE LIKE A GIRL, FORKED RIVER, NJ"
,5,"STERLING (TINY TURBO) MURPHY, POSITIVE IMPACT RACING, CROWNSVILLE, MD"
,6,"COLIN YOUNG, RAD ROCKET, NORTH DINWIDDIE, VA"
,7,"MARK RALSTON, CLAIRTON, PA"
,8,"SIENNA PURCUPILE, SUPER DUPER, JEFFERSON HILLS, PA"
,,
8 Novice    Total Riders = 4    Groups = 1,,
,1,"MICAH BOWERS, PITTSBURGH, PA"
,2,"KASON VAN IDERSTINE, ERIE, PA"
,3,"PAYTON ELETON, MONROE, OH"
,,
9 Novice    Total Riders = 5    Groups = 1,,
,1,"TYLER GREENAWALD, MCKEESPORT, PA"
,2,"MATHEW SHELPMAN, PITTSBURGH, PA"
,3,"FOSTER SMITH, HOUSTON, PA"
,4,"CHRIS FOSTER, WAYNE, MI"
,,
10 Novice    Total Riders = 5    Groups = 1,,
,1,"RYAN CRAIG, SOUTH PARK, PA"
,2,"SEAN TURNQUIST, DYNAMITE NATION, CLAIRTON, PA"
,3,"EMMA DYE, REGGIE'S BIKE SHOP, SYLVANIA, OH"
,4,"AYDEN HANKY, NEW KENT, VA"
,,
11 Novice    Total Riders = 8    Groups = 1,,
,1,"RAINA BENZ, FALLS CHURCH, VA"
,2,"ZACH COPPAGE, CENTURY 21 THE REAL ESTATE, SEVERN, MD"
,3,"DAKOTA WADDELL, ALBE'S BIKE SHOP, JAVA CENTER, NY"
,4,"BRODY  (THE REAPER) RILEY , NOTTINGHAM, MD"
,5,"FOX SMITH, HOUSTON, PA"
,6,"ERICA GREENE, LOTHIAN, MD"
,7,"HANNAH (UNICORN) VONMOSS, VAUGHN, NM"
,,
12 Novice    Total Riders = 7    Groups = 1,,
,1,"BRANDON ALVAREZ, LEVITTOWN, PA"
,2,"EMMA SHELPMAN, PITTSBURGH, PA"
,3,"KENDALL TRANSUE, SEVERN, MD"
,4,"ETHAN DAGNAL, BETHEL PARK, PA"
,5,"CLYDE (CAMO CLYDE) WILHELM, FINLEYVILLE, PA"
,6,"LUCIANA HERNANDEZ AILE, SAN JOSE"
,,
13 Novice    Total Riders = 3    Groups = 1,,
,1,"OLIVER KING, SKILLMAN, NJ"
,2,"GAGE YAROSCAK, BELLE VERNON, PA"
,3,"JULIE POFFENBARGER, LITHIUM RACING, NORFOLK, VA"
,,
14 Novice    Total Riders = 3    Groups = 1,,
,1,"JADEN (THE MONSTER) JOHNSON, HOJO'S BIKES, SAYRE, PA"
,2,"DANIEL HOFFMAN, ZERONINE, POMPANO BEACH, FL"
,3,"TYLER RIGBY, TNT, WEBSTER, NY"
,,
16 Novice    Total Riders = 4    Groups = 1,,
,1,"DYLAN ROMANOWSKI, SCHENECTADY, NY"
,2,"ALEXUS (T-BONE TERRY) TERRY, REGGIE'S BIKE SHOP, TOLEDO, OH"
,3,"JERSEY GLEASON, PHAT DADDY RACING, MECHANICSVILLE, MD"
,,
17-20 Novice    Total Riders = 5    Groups = 1,,
,1,"KEVIN GREENE, PHILADELPHIA, PA"
,2,"JOSEPH FOLK, NORTHUMBERLAND, PA"
,3,"NICHOLAS WALAWANDER, HAMBURG, NY"
,4,"ASHLEY ROLLICK, GET-A-GRIP, MANASSAS, VA"
,,
26-35 Novice    Total Riders = 4    Groups = 1,,
,1,"JOSEPH (SMOKIN JOE) AYERS, LITHIUM RACING, HAMPTON, VA"
,2,"JONATHON STEVENS, MILFORD, OH"
,3,"DANIEL MATHIS, CHAOS SQUAD, ROARING RIVER, NC"
,,
41-45 Novice    Total Riders = 6    Groups = 1,,
,1,"JONATHAN WEISBROD, IRON CITY BIKES, SOUTH PARK, PA"
,2,"JOE (OLD GRINDER) MILIOTI, SAINT CLAIR SHORES, MI"
,3,"HANS GILLIAM, MOTOR VEHICLE ACADEMY, ARNOLD, MD"
,4,"EDWIN ALVAREZ, LEVITTOWN, PA"
,5,"SANFORD GRIMES, LETHAL THREAT RACING, CHEVERLY, MD"
,,
46-50 Novice    Total Riders = 6    Groups = 1,,
,1,"JEFF QUINTIN, UNION SQUARE SHOES, OCEAN CITY, NJ"
,2,"BRANDON SKINNER, SOLON BMX, UNIONTOWN, OH"
,3,"SCOTT HEVNER, LAUREL, DE"
,4,"PAUL (CRACKER) GRAHAM, 2ND CHANCE BMX, EASTON, PA"
,5,"MICHAEL SOBUSIAK, 2ND CHANCE BMX, FAIRLESS HILLS, PA"
,,
51 & Over Novice    Total Riders = 7    Groups = 1,,
,1,"JIM (/ FEN-L-O /) FENIELLO, RENEGADE BMX, WEXFORD, PA"
,2,"STEVEN HOFFMAN, ZERONINE, POMPANO BEACH, FL"
,3,"ROBERT (PORK CHOP) BEASLEY, ROCKET RACING, POWHATAN, VA"
,4,"FRANK (BIGTIMBER) KLIMECKI, CHIP N DALE BMX, COLOGNE, NJ"
,5,"LAURA (KNOCK KNOCK) BOHNE, GOSHEN, KY"
,1,(Not Scored)
,,
5 & Under Intermediate    Total Riders = 13    Groups = 2,,
,1,"MADDEN (MADDMAN) ATHERTON, BLUEGRASS, LOUISVILLE, KY"
,2,"JAYCE (THE RINGER) REYNOLDS, OPEN TO OFFERS, NAPLES, FL"
,3,"DANIEL (HOTWHEELS) VONMOSS, VAUGHN, NM"
,4,"BENNETT PIETERSE, LONGMEADOW, MA"
,5,"BRECK (THE HEARTBREAKER) ROMER, VELOCIOUS SPORT, GREENSBORO, NC"
,6,"SHANE SULTZER, TARENTUM, PA"
,7,"JACKSON (ACTION JACKSON) JONES, WIKID RACING, PICKERINGTON, OH"
,8,"KELLEN MILLER, MOM AND DAD, PITTSBURGH, PA"
,,
6 Intermediate    Total Riders = 20    Groups = 4,,
,1,"FINNEGAN (IRISHMAN) LEE, IRISHMAN BMX, HIGH POINT, NC"
,2,"BRADY HUDZIK, BETHEL PARK, PA"
,3,"BRAEDEN (SUPER BEE) MELEWSKI, MAD CYCLES, FORT MILL, SC"
,4,"PACE REED, CORNELIUS, NC"
,5,"LEVI WEGLEY, TRIFECTA, BETHEL PARK, PA"
,6,"LUKE (DUKE) LIBERTO, MOUNT AIRY, MD"
,7,"TERRELL (TJ) ADDISON JR, LTR, PERRY HALL, MD"
,8,"GIACAMO DIONISI, DEERFIELD, NJ"
,,
7 Intermediate    Total Riders = 12    Groups = 2,,
,1,"COYE (J-DOG) WEIDNER, VAPOR TRAILS RACING, SPRING CITY, PA"
,2,"IGNACIO SOLANO, SAN JOSE"
,3,"AXEL SALERNO, PITTSBURGH, PA"
,4,"DYLAN (NINJA) OKLOPCIC, ROCKET RACING, RICHMOND, VA"
,5,"JAMES WALTHER, VALENCIA, PA"
,6,"NICHOLAS FORNEY, PITTSBURGH, PA"
,7,"VINCENT (MOTO HORNET) SEMPLICE, TRIFECTA RACING, CANONSBURG, PA"
,8,"NASH GATES, GLEN BURNIE, MD"
,,
8 Intermediate    Total Riders = 14    Groups = 2,,
,1,"KENJI (SUPER K) GOTO, DADDY, TAMPA, FL"
,2,"LEVI KETELDIJK, SPORTY LIFESTYLE ARUBA, ORANJESTAD"
,3,"EMMETT (SUNSHINE) SPALDING, POWER FX SPEEDCO, FORT MYERS, FL"
,4,"ELI KETTERING, TRIFECA, ELIZABETH, PA"
,5,"LOGAN (LOGANDO) BERNARD, GODESIGN, ARMA, FMF, ASHEVILLE, NC"
,6,"KAIDEN WAGNER, SKILL/PROPHECY, MISHAWAKA, IN"
,7,"DILLON HETRICK, PAK BMX RACING, HUDSON, OH"
,8,"RYDER (LIL HOMIE) STEVENS, MILFORD, OH"
,,
9 Intermediate    Total Riders = 15    Groups = 3,,
,1,"KRISTOPHER SARDONE, ALPHA, RIDGE, NY"
,2,"NATHAN SHEAR, BFR/BELLFLOWER BICYCLES, PALOS VERDES ESTATES, CA"
,3,"BRODY PALMER, JEFFERSON, MD"
,4,"TANNER (DYNAMITE) ALTER , REGGIE'S BIKE SHOP, MONROE, MI"
,5,"CAMERON FINK, BALTIMORE, MD"
,6,"MASON WISE, GATE NINE, RAVENNA, OH"
,7,"MATTO DIBERNARDO, TRIFECTA RACING, MONONGAHELA, PA"
,8,"ANTHONY TRINCA, TOXIC RACING, RIDGE, NY"
,,
10 Intermediate    Total Riders = 17    Groups = 3,,
,1,"BENJAMIN MORTENSEN, DAYTON, OH"
,2,"ELI BERNARD, GODESIGN, ARMA, FMF, ASHEVILLE, NC"
,3,"RYAN (RJ) KACZMAREK, PARENTS, ANGOLA, NY"
,4,"JOEY AYERS JR, LITHIUM RACING, HAMPTON, VA"
,5,"AUSTIN (LIL MONSTER) FULLER, POSITIVE IMPACT RACING, BROOKLYN PARK, MD"
,6,"DEVIN (THE FLASH) SMITH, SPRINGBORO, OH"
,7,"CAMERON HETRICK, PAK BMX RACING, HUDSON, OH"
,8,"ASA (DOUBLE A) NANCE, DOWNTOWN BMX, ASHEBORO, NC"
,,
11 Intermediate    Total Riders = 15    Groups = 3,,
,1,"LIAM SANDROCK, DYNAMITE NATION, JEFFERSON HILLS, PA"
,2,"MICHAEL (CUPCAKE) SEABROOK, CHAOS SQUAD, DACULA, GA"
,3,"MAXWELL SHUMWAY, DYNAMITE NATION, CLAIRTON, PA"
,4,"DOUGLAS TOTH, TNT BICYCLES STATE TEAM, FREEHOLD, NJ"
,5,"COOPER (BLUEBERRY) DAWSON, TIME2SHINE, WOODBRIDGE, VA"
,6,"KORBIN BLACK, DYNAMITE NATION, ELIZABETH, PA"
,7,"MAKILAH (#MAKSTER) DAVIS, POWERS BMX SHOP, STAFFORD, VA"
,8,"LOGAN WEAVER, NO XCUSES, BELLE VERNON, PA"
,,
12 Intermediate    Total Riders = 12    Groups = 2,,
,1,"NICK PRESTON, FULL CIRCLE BIKE SHOP, AGAWAM, MA"
,2,"TRACE (T-RACE) CREEL, ANOTHER BAD HABIT/NAPLES, NAPLES, FL"
,3,"CAMRON CALLOW, ZUNI, VA"
,4,"LIAM DIXON, EAST AMHERST, NY"
,5,"KASON (MAGIC MAN) WEXLER, TEAM FIRST TURN, TOLEDO, OH"
,6,"RYDER LITTERELLO, TOXIC RACING, MILLER PLACE, NY"
,7,"OLIN WOODS, SUPER DUPER, PITTSBURGH, PA"
,8,"EVAN SOCHA, WHITE HALL, MD"
,,
13 Intermediate    Total Riders = 15    Groups = 3,,
,1,"PEYTON QUICK, PAK BMX RACING, UNIONTOWN, OH"
,2,"CRAIG (SUPERNOVA) RUPERT, GT/RACERS EDGE, SALTSBURG, PA"
,3,"JEFFREY LIGO, FARMINGDALE, NJ"
,4,"ASHTON HEVNER, LAUREL, DE"
,5,"EVAN BOYLE, RACER ARMY, HACKETTSTOWN, NJ"
,6,"ANTHONY (BOO-CHEE) BUCCI, GATE NINE, LONGWOOD, FL"
,7,"GIONA BLASIOLE, SUPER DUPER, PITTSBURGH, PA"
,8,"BRADEN BEEBE, ELITE RACING, PELHAM, AL"
,,
14 Intermediate    Total Riders = 11    Groups = 2,,
,1,"COLIN GORDON, BROKEN SKULL BMX, DANBURY, CT"
,2,"MATTHEW (MR. PMA) RUBY, HEAVY PEDALZ, HOWELL, MI"
,3,"TREY (TREY) EMERSON, PHATT DADDY, WHITE PLAINS, MD"
,4,"ANDREW RALSTON, ELIZABETH, PA"
,5,"KALEIGH WEXLER, TEAM FIRST TURN, TOLEDO, OH"
,6,"JAHKSEN GILLIAM, MOTOR VEHICLE ACADEMY, ARNOLD, MD"
,7,"CHARLIE MERRITT, GATENINE, AVON LAKE, OH"
,8,"COLE (COLE WORLD) HERMAN, ESI RACING, CALIMESA, CA"
,,
15 Intermediate    Total Riders = 9    Groups = 2,,
,1,"ISAIAH (THE FINISHER) HILL, REGGIE'S BIKE SHOP, TEMPERANCE, MI"
,2,"LUKE (COOL HAND LUKE) PALMORE, VELOCITY BIKE COMPANY, HAMPTON, VA"
,3,"ASHTON ALEXSON, DB SPORTSWORLD, SCHENECTADY, NY"
,4,"HUNTER QUICK, PAK BMX RACING, AKRON, OH"
,5,"KOBI MITCHELL, MITCHELL RACING PLATES, BRIDGETON, NJ"
,6,"AUSTIN MONREAL, BMX4LIFE, LAND O LAKES, FL"
,7,"RJ MONREAL, BMX4LIFE, LAND O LAKES, FL"
,8,"ANDRES PEREZ, ELIZABETH, NJ"
,,
16 Intermediate    Total Riders = 8    Groups = 1,,
,1,"DEVIN SANDRIDGE, ROCKET RACING, POWHATAN, VA"
,2,"TYLER (UNDERCUT) PERDUE, POSITIVE IMPACT RACING, SYKESVILLE, MD"
,3,"KEEGAN HAGAR, BLACK SHEEP RACING, NORWICH, NY"
,4,"COLBY (COLBY) CARUSONE, NORTH EAST FACTORY BMX, BURNT HILLS, NY"
,5,"AUSTIN (THE BEAZ) BEASLEY, ROCKET RACING, POWHATAN, VA"
,6,"ETHAN SOLL, TOLEDO, OH"
,7,"BRYCE SKINNER, SOLON BMX, UNIONTOWN, OH"
,,
17-20 Intermediate    Total Riders = 10    Groups = 2,,
,1,"CONNOR OBRIEN, BIKE ZONE OF CAPE COD, NEEDHAM, MA"
,2,"IAN BONSEL, MARION, OH"
,3,"AARON BAQUERO, ALL LEGIT RACING, GERMANTOWN, MD"
,4,"TYLER MONESMITH, AKRON, IN"
,5,"TREY KRATZ, CECIL, PA"
,6,"SEAN ADAMS, DANBURY, CT"
,7,"JACOB SLAZINSKI, TRIFECTA BMX TEAM, PITTSBURGH, PA"
,8,"SADONTAE BARNETT, BROOKLYN PARK, MD"
,,
26-35 Intermediate    Total Riders = 8    Groups = 1,,
,1,"HOLGER  (HOOLRIVER) RIVERA, HOOLRIVER, BRIDGEPORT, CT"
,2,"NICHOLAS NIEMANN, DRY RIDGE, KY"
,3,"GARRET (THE STIG) DONOVAN, RENEGADE BMX, FINLEYVILLE, PA"
,4,"GEORGE (G-NICE) SCOTT, NICEMOVE/KALE, CHARLOTTE, NC"
,5,"NICHOLAS (BOWLING BALL) CAPP, SOLON BICYCLE, ELYRIA, OH"
,6,"SEAN MCCARTHY, DV8 RACING, ROSEVILLE, MI"
,7,"CODY JONES, PITTSBURGH, PA"
,,
36-40 Intermediate    Total Riders = 4    Groups = 1,,
,1,"JOE LEGNASKY, PAK RACING, AKRON, OH"
,2,"JASON HANSBERGER, CRANKSTERS, HAGERSTOWN, MD"
,3,"JEFFREY (RABBIT) ORLANDI, STANDARD NORTHEAST, CHICOPEE, MA"
,,
41-45 Intermediate    Total Riders = 8    Groups = 1,,
,1,"ED GRATTON, IRON CITY BIKES, PITTSBURGH, PA"
,2,"WILLIAM FINNIGAN, PITTSBURGH, PA"
,3,"RYAN NOFTZ, REGGIE'S BIKE SHOP, TEMPERANCE, MI"
,4,"MARCO (THE MISSLE) MORELLO, ROCKET RACING, AMELIA COURT HOUSE, VA"
,5,"ANTHONY CARNEGLIA, FO' WHEELZ!!!, NORWALK, CT"
,6,"WILLIAM DZVONAR, GATEKEEPERS, PORT JEFFERSON STN, NY"
,7,"STEVE MONESMITH, BMX COMPLIMENTS, AKRON, IN"
,,
46-50 Intermediate    Total Riders = 9    Groups = 2,,
,1,"THOMAS (THE TUNA) HANVILLE, 2ND CHANCE BMX, HOPEWELL, NJ"
,2,"RANDY KOMSSI, SSQUARED NEW ENGLAND, CHARLTON, MA"
,3,"JASON BONSEL, MARION, OH"
,4,"JEFF (THE BATMAN) MIELKE, HEAVY PEDALZ, COMMERCE TOWNSHIP, MI"
,5,"GLEN BOYLE, OWTLAWS, HACKETTSTOWN, NJ"
,6,"CRAIG DRAGNA, ALBE'S BMX, SAINT CLAIR SHORES, MI"
,7,"DAMON TOOSON, TRUTH BMX, DEARBORN, MI"
,8,"JOSEPH (JOBALL) BALSAVAGE, SHAMONG, NJ"
,,
51 & Over Intermediate    Total Riders = 11    Groups = 2,,
,1,"CHRIS NASCA, CRANKOUT, EDEN, NY"
,2,"MIKE KIMBALL, OUTLAW BMX, SEABROOK, NH"
,3,"BRIAN (TBONE) WILSON, TBONEBMX CARBONECARTEL, CAPE CORAL, FL"
,4,"RON (RONYO) RE, FACTORY CYCLE CRAFT.,,, NEW CASTLE, DE"
,5,"REMO DYSON, NEW YORK, NY"
,6,"ROBERT COULTON, HEWITT, NJ"
,7,"JAMES (EL LOCO) TRIPP, WRENCHMAN/BLACKCROWN, RALEIGH, NC"
,8,"MICHAEL GORDON, BROKEN SKULL BMX, DANBURY, CT"
,,
1-5 Girls Expert    Total Riders = 3    Groups = 1,,
,1,"MAIZEY (BOLT) WALSER, MAGIC BMX, WHITE LAKE, MI"
,2,"HENLEY (BOO THE BEAST) GREER, WOLFPACK BMX, CANTON, MS"
,3,"BRYNLEE (SWEET PEA) HARMON, SPROCKET KINGZ NATIONAL BIKE SHOP, LEBANON, OH"
,,
7 Girls Expert    Total Riders = 8    Groups = 1,,
,1,"MALIA (BABY MANGLER) ALVAREZ, BLOOMINGTON, IL"
,2,"KEILANI (KRAZY KAT) GRAY, WIKID RACING, TALLMADGE, OH"
,3,"AMELIA (NIGHTMARE) DOWDY, GET-A-GRIP, STAFFORD, VA"
,4,"PIPER ELETON, MONROE, OH"
,5,"HANNAH SHEAR, BFR/BELLFLOWER BICYCLES, PALOS VERDES ESTATES, CA"
,6,"ADELYN SCHUMAKER, CARY, NC"
,7,"BROOKLYNN CAMPBELL, DAYLIGHT CYCLES GIRLS, BROOKLYN PARK, MD"
,,
8 Girls Expert    Total Riders = 7    Groups = 1,,
,1,"MAYA (WARRIOR PRINESS) GADBOIS, ALBES PROMAX, SANTA CLARITA, CA"
,2,"BROOKLYN AYLING, ROLL OUT RACING, MECHANICSVILLE, MD"
,3,"HELENA MORTENSEN, DAYTON, OH"
,4,"HAILEY (THE TANK) SMITH, TIME2SHINE, ASHBURN, VA"
,5,"SAVANNAH (FIREBIRD) AMBROZIAK, SPROCKET KINGZ NATIONAL FACTORY, ELKHART, IN"
,6,"PEYTON BRUNEY, RIDE LIKE A GIRL/CHIP N DALE, PITTSBURGH, PA"
,,
9 Girls Expert    Total Riders = 8    Groups = 1,,
,1,"HARPER (FIRE FOX) VESCUSO, FACTORY BOMBSHELL, CORRALES, NM"
,2,"ALEX  PASOWICZ, BLACKCROWN BMX FACTORY, LA VERNE, CA"
,3,"KIAH REED, CORNELIUS, NC"
,4,"ADALYNN (LITTLE RED) MCCAULEY, BLACK WIDOW, ISANTI, MN"
,5,"ELLIANA KOUTRIS, ALPHA NATIONAL, MAPLE GROVE, MN"
,6,"WRIGLEY (JEAN) COOPER, MUDSLINGER BIKE SHOP, WAPELLA, IL"
,7,"DAHLIA (TUTU WARRIOR) CARREIRO, YESS BMX NATIONAL TEAM, GRAND RAPIDS, MI"
,,
10 Girls Expert    Total Riders = 9    Groups = 2,,
,1,"JENNAVECIA (JENNARATOR) KLEMZ, BLACK WIDOW BMX, BRAHAM, MN"
,2,"ADDISON SPENCER, BOX, NEW HAVEN, IN"
,3,"DANICA APPENZELLER, BMX SHARKS, ALBUQUERQUE, NM"
,4,"NINA AMICO, TNT BICYCLES NATIONAL TEAM, WEBSTER, NY"
,5,"ISABELLA (SPITFIRE) GEORGE, DAYLIGHT CYCLE CO., DUMFRIES, VA"
,6,"LILLY (THE BOSS) VOSS, TNT NATIONAL TEAM, GALLOWAY, NJ"
,7,"ELLIOT QUICK, PAK BMX RACING, UNIONTOWN, OH"
,8,"JORDAN (SO SPECIAL) SMITH, TIME2SHINE, ASHBURN, VA"
,,
11 Girls Expert    Total Riders = 16    Groups = 3,,
,1,"VIOLET POPOVICH, MUDSLINGER BIKE SHOP, VALPARAISO, IN"
,2,"KAYLIE CERASA, BLACK WIDOW BMX, BELVIDERE, IL"
,3,"CAMRYN (CRAZY LEGS) SEARFOSS, VELOCITY BIKE CO, NORWICH, NY"
,4,"BOBBI (FASTER) GILMAN, BOX COMP/ORP BIKE SHOP, AUSTIN, TX"
,5,"JENNA MILLER, REMIX BMX, SAUGERTIES, NY"
,6,"LACY (LASER) PABEN, REGGIE'S BIKE SHOP, TEMPERANCE, MI"
,7,"OLIVE (OLI MAY) DIBERNARDO, TRIFECTA FACTORY, MONONGAHELA, PA"
,8,"CHELSEA (THE HAMMER) WILSON, TRUE BMX, ROCK HILL, SC"
,,
12 Girls Expert    Total Riders = 10    Groups = 2,,
,1,"KATY CYRUS, REDMAN BIKES, WINCHESTER, CA"
,2,"MIA CUSTER, BLACKCROWN BMX FACTORY, BRIDGETON, NJ"
,3,"KATE (COACH) CLARRIDGE, RIVAL RACING, MARYSVILLE, OH"
,4,"ABBY KELLIHER, POSITIVE IMPACT RACING, SEVERNA PARK, MD"
,5,"PEYTON BOYD, BALTIMORE, MD"
,6,"HAYDEN (THE BOMBSHELL) BUEHRER, WIKID RACING, HEBRON, OH"
,7,"LILY SUTHERLAND, LETHAL THREAT RACING, DOVER, PA"
,8,"AVERY (THE VOICE) JONES, JRBICYCLES.COM/SPEEDCO/AVIAN, CAPE CORAL, FL"
,,
13 Girls Expert    Total Riders = 8    Groups = 1,,
,1,"HANNAH (THE HURRICANE) LEAKEY, SUPERCROSS BMX, PHOENIX, AZ"
,2,"SADIE HERRERA, ACWORTH, GA"
,3,"EMMA (BEAST MODE) CAVNER, ALBES PROMAX, ROCKFORD, MI"
,4,"HANNAH (HAVOC) GISH, AIRBORNE BMX, VALPARAISO, IN"
,5,"KAMRYN SWAN, REGGIE'S BIKE SHOP, TOLEDO, OH"
,6,"ALLISON (GINGERSNAP) LAUGHLIN, ALBES PROMAX, ERIE, PA"
,7,"AUBREY PALMER, ANSWER SSQUARED NATIONAL, FLORENCE, KY"
,,
14 Girls Expert    Total Riders = 11    Groups = 2,,
,1,"SHELBY (SMILES) ELDER, FACTORY BOMBSHELL, WAXAHACHIE, TX"
,2,"KYLEE NIEDERBERGER, FACTORY ANSWER, JARRETTSVILLE, MD"
,3,"PAIGE PRIEBE, INDEPENDENCE, OH"
,4,"SAGAN (BOP) WILSON, INDIAN CYCLE AND FITNESS, FLORENCE, MS"
,5,"MADDY TRANSUE, SEVERN, MD"
,6,"EMMA MARTIN, ALLTOW WRECKING CREW/YESS, ELKRIDGE, MD"
,7,"MICKIE (THE BULLET) JOSEPH, CLIFTON, CO"
,8,"KEIRA AMARIS, VELOCITY BIKE CO, MASTIC BEACH, NY"
,,
15-16 Girls Expert    Total Riders = 17    Groups = 3,,
,1,"MANUELA MUNOZ VELEZ, FACTORY BOMBSHELL, CUTLER BAY, FL"
,2,"PEYTON PULASKI, NATIONAL ALPHA, MERIDEN, CT"
,3,"MILA (THE PILOT) KELLY, REGGIE'S BIKE SHOP, LAPEER, MI"
,4,"ASHLEY MCLENNAN, BLACK WIDOW BMX, SAINT MICHAEL, MN"
,5,"HOLLY SHREVE, EDINBORO, PA"
,6,"KAYLYN (AWESOMESAUCE) MILLER, RIVAL RACING, EDGEWOOD, KY"
,7,"SIERRA (HOLLYWOOD) MCDANIEL, POWERS BIKE SHOP, SPRINGFIELD, VA"
,8,"SOPHIA ROBBINS, VELOCITY BIKE CO, FREDERICKSBURG, VA"
,,
17-20 Women Expert    Total Riders = 15    Groups = 3,,
,1,"VALENTINA DAVALOS, FACTORY TRUE BMX, CHARLOTTE, NC"
,2,"MYA RAMOS, MARIAN UNIVERSITY, ALBUQUERQUE, NM"
,3,"MARIANA GIGLIUTO, MARIAN UNIVERSITY, CLINTONDALE, NY"
,4,"PIPER YOCKELSON, BOX COMPONENTS, MOUNT AIRY, MD"
,5,"ANGELINA TACTI, ALLTOW WRECKING CREW/YESS, KINGSTON, NY"
,6,"MADELYN WALBERT, GRINDSTONE, PA"
,7,"JULIET CATANZARO, MILLER PLACE, NY"
,8,"AMANDA TAYLOR, PROFILE, SARASOTA, FL"
,,
21-30 Women Expert    Total Riders = 10    Groups = 2,,
,1,"ELIDA BEEMAN, FACTORY BOMBSHELL, LANSING, MI"
,2,"DEVIN MURPHY, DAYLIGHT CYCLES, MERIDEN, CT"
,3,"CARLY CURTIN, C-YAA, CHARLOTTE, NC"
,4,"JAMIE (SUNSHINE) REED, PROPHECY, HAMILTON, OH"
,5,"JESSICA JAYNE, BLOT OUT GRAPHICS, EAST MORICHES, NY"
,6,"TIFFANY MOLESI, MUDSLINGER BIKE SHOP, EAST MORICHES, NY"
,7,"REBECCA (REBECCA) ROBISON, VELOCIOUS SPORT, GREENSBORO, NC"
,8,"MEGAN ROXAS, PAK BMX RACING, CHARLESTON, SC"
,,
31-40 Women Expert    Total Riders = 5    Groups = 1,,
,1,"DANIELLE JOLICOEUR, YESS BMX, TORRINGTON, CT"
,2,"KATELIN QUICK, PAK BMX RACING, UNIONTOWN, OH"
,3,"LINDSEY AMBROZIAK, SPROCKET KINGZ NATIONAL FACTORY, ELKHART, IN"
,4,"AMANDA (F BOMB) WARNER, TIME2SHINE, SMITHSBURG, MD"
,,
41+  Women Expert    Total Riders = 7    Groups = 1,,
,1,"HIDI CRAMER, BIKEMASTER, DES MOINES, WA"
,2,"ANGELA CONSTANTINO, VELOCITY BIKE CO, WHITSETT, NC"
,3,"MARJORIE (MAMA MARGE) KAMINSKI, CRANKOUT, EDEN, NY"
,4,"SARAH (SPARKY) CUGLER, POSITIVE IMPACT RACING, BALTIMORE, MD"
,5,"JEN SHULTZABERGER, ROUND HILL, VA"
,6,"SARAH (PURPLE HAZE) NEES, PAK BMX RACING, AKRON, OH"
,,
6 Expert    Total Riders = 4    Groups = 1,,
,1,"GREYSON (RACINGREYSON) CARR, DAYLIGHT CYCLES, AMELIA, OH"
,2,"BLAKE (CASH MONEY COYNE) COYNE, WIKID RACING, WALTON HILLS, OH"
,3,"BRANTLEY SPYNDA, PITTSBURGH, PA"
,,
7 Expert    Total Riders = 12    Groups = 2,,
,1,"DOMINIC CAPUTO, LETHAL THREAT RACING, PASADENA, MD"
,2,"KAILEN WOUTERS, SPROCKET KINGZ NATIONAL FACTORY, SAVANETA"
,3,"NICOLAS (THE MAGIC MAN) MENDEZ, BEMAX-HIGH GRADE RACING, MIAMI, FL"
,4,"CALEB (K SLAY) GASSAWAY, TOXIC RACING, AKRON, NY"
,5,"BRYSON (PNUT BRUNS) BRUNS, ALPHA, WEST WARWICK, RI"
,6,"AXEL (FAT BOY) LAWRENCE, FAT BOY RACING, WILMINGTON, NC"
,7,"TROY (FATBOY) GREENE, A.A.R.A, MIAMI GARDENS, FL"
,8,"JOSHUA HARDIE, HYPER, SPRING, TX"
,,
8 Expert    Total Riders = 19    Groups = 3,,
,1,"PRESTON (THE ISSUE) GEORGE, PRESTON GEORGE RACING, WINSTON-SALEM, NC"
,2,"SAWYER (SOY SAUCE) DAUGHERTY, POWER FX SPEEDCO, FORT MYERS, FL"
,3,"JACKSON  SCOGGINS, MOM AND DAD, MEMPHIS, TN"
,4,"DAVID (THE DESTROYER) CRICHTON, FRYE HIGH PERFORMANCE, WESTFIELD, MA"
,5,"WYATT CLARK, BETHEL PARK, PA"
,6,"LOGAN (THE CAPTAIN) LEMMERS, BENT RIM RACING, PLATO, MN"
,7,"PARKER (MIGHTY MOUSE) GRAVES, SSQUARED NATIONAL TEAM , HOLLYWOOD, MD"
,8,"CONNOR (THE CONDOR) BECKLEY, ROCKSTAR/FULLTILT/RADIO, BRADENTON, FL"
,,
9 Expert    Total Riders = 26    Groups = 5,,
,1,"MAX (MAD MAX) MEINEL, TNT BICYCLES NATIONAL TEAM, MONROE, CT"
,2,"AIDEN TROMPETER, BLACK CROWN BMX BIKE SHOP, PEORIA, AZ"
,3,"MARSHALL (THE KID) WARNER, TIME2SHINE, SMITHSBURG, MD"
,4,"RAUL CARDOZO, CLAIRTON, PA"
,5,"ANDREW PROBERT, FACTORY BOMBSHELL, LAKE MARY, FL"
,6,"ELI (ROWDY) DOWDY, GET-A-GRIP, STAFFORD, VA"
,7,"RILEY RECORDS, SHORT LANE ICE CREAM CO., WEST POINT, VA"
,8,"ANDRES (LIL MACHINE) ANDRADE, FACTORY BOMBSHELL, MIAMI, FL"
,,
10 Expert    Total Riders = 19    Groups = 3,,
,1,"ACE LAACK, ALPHA FACTORY, ROCHESTER, MN"
,2,"WYATT HICKS, BLACKCROWN BMX FACTORY, KENNESAW, GA"
,3,"SEAN (YOU KNOW WHO) LEHEW, CHARLOTTE BOMBSHELL, PUNTA GORDA, FL"
,4,"JACOB (U KNOWN) GREENWELL, BLACKCROWN BMX FACTORY, MECHANICSVILLE, MD"
,5,"BRAYDEN GORIS, BLACKCROWN BIKE SHOP, ORMOND BEACH, FL"
,6,"JAXON COOPER, MUDSLINGER BIKE SHOP, WAPELLA, IL"
,7,"DECLAN (THE DIESEL) SIMS, FACTORY TRIFECTA RACING, TRAFFORD, PA"
,8,"LUKE (CHEESEBURGER) ROWE, UNDERDOG RACING, CINCINNATI, OH"
,,
11 Expert    Total Riders = 30    Groups = 5,,
,1,"BRADY KING, RIVAL RACING, KENOSHA, WI"
,2,"BRADY WORD, ALPHA FACTORY, MODESTO, CA"
,3,"DION HURLEY, TOXIC RACING, BLOOMFIELD, CT"
,4,"COLIN OUDSHOORN, POWERS BIKE SHOP, QUEEN ANNE, MD"
,5,"JAYDEN (LIGHTNING) LINVILLE, FACTORY BOMBSHELL, RIVERSIDE, OH"
,6,"SAWYER SPENCE, SSQUARED NEW ENGLAND, SOUTHBURY, CT"
,7,"CAVAN (CAVEMAN) MCHENRY, BMXSHOWBOATERS/BOMBSHELL, SAN DIEGO, CA"
,8,"HUDSON (DOZER) KENNEDY, ANOTHER BAD HABIT RACING, NAPLES, FL"
,,
12 Expert    Total Riders = 22    Groups = 4,,
,1,"CHRIS FELKER, FACTORY RIFT TANGENT, KNOXVILLE, TN"
,2,"MASON HAYES, MONGOOSE BICYCLES, DENVER, NC"
,3,"JASON (JASE) STERLINSKI, HYPER, BETHPAGE, TN"
,4,"GAVIN MENDITTO, TNT BICYCLES FACTORY, MARLTON, NJ"
,5,"BEN (BIG BEN) HARDIE, HYPER, SPRING, TX"
,6,"DYLAN HOLTON, WILD NATIONAL BMX, ROCKFORD, MI"
,7,"OZZIE (THE OZ-MAN) ROWE, UNDERDOG RACING, CINCINNATI, OH"
,8,"MATHEW BARONE, ALPHA NATIONAL, MASTIC BEACH, NY"
,,
13 Expert    Total Riders = 35    Groups = 6,,
,1,"GRIFFIN (THE RIPPER) KELLEHER, POWERS BIKE SHOP, STEVENSVILLE, MD"
,2,"PHILIP (PJ) RAMSEY, BLACK CROWN BIKE SHOP, PASADENA, MD"
,3,"LOGAN (CRUSH IT) CALDWELL, JRBICYCLES.COM/SPEEDCO/AVIAN, NORTH FT MYERS, FL"
,4,"JOSIAH HAYS, IRON CITY BIKES, SOUTH PARK, PA"
,5,"NATHAN ANDERSON, BLACK WIDOW BMX, ALBERTVILLE, MN"
,6,"TOMMY BRUNEY, FULL TILT RADIO, PITTSBURGH, PA"
,7,"KAI (FLY GUY KAI) LEBLANC, JRBICYCLES.COM/SPEEDCO/AVIAN, ST AUGUSTINE, FL"
,8,"SAWYER SIDES, BARTLETT, TN"
,,
14 Expert    Total Riders = 25    Groups = 5,,
,1,"BRAYDEN DELANY, COLORADO SPRINGS, CO"
,2,"KAYDEN CLARK, NEW BERLINVILLE, PA"
,3,"BRIAN (FLYIN BRIAN) VARNDELL, PUNTA GORDA, FL"
,4,"TYLER HOLTON, WILD NATIONAL BMX, ROCKFORD, MI"
,5,"MAX MARSHALL, TOXIC RACING, WALLKILL, NY"
,6,"CADE MCCONNELL, BRENTWOOD, TN"
,7,"JOE (ALOHA-JOE) DRAWENEK, FACTORY SSQUARED, NEENAH, WI"
,8,"SEAN NICOSIA, FACTORY BOMBSHELL, HUNTERSVILLE, NC"
,,
15 Expert    Total Riders = 29    Groups = 5,,
,1,"RONNIE (THE ASSASSIN!) KIM, FACTORY BOX COMPONENTS, CORONA, CA"
,2,"ETHAN POPOVICH, MUDSLINGER BIKE SHOP, VALPARAISO, IN"
,3,"HAYDEN BOYD, BALTIMORE, MD"
,4,"COLE ISAACS, BLACK WIDOW BMX, SAINT MICHAEL, MN"
,5,"ZACK DRINKARD, VELOCITY BIKE CO, MECHANICSVILLE, VA"
,6,"CHARLES ST ROMAIN, CLAYBORN/ANSWER, BATON ROUGE, LA"
,7,"ANDREW HERRERA, ACWORTH, GA"
,8,"GAVIN STAZETSKI, BLACKCROWN BMX FACTORY, CHARLEROI, PA"
,,
16 Expert    Total Riders = 21    Groups = 4,,
,1,"JORDAN CALLUM, RIVAL RACING, PLAINFIELD, IN"
,2,"CUTTER WILLIAMS, FACTORY RIFT TANGENT, POTOMAC FALLS, VA"
,3,"PATRICK O'BRIEN, FACTORY SUPERCROSS, EDISON, NJ"
,4,"ELIJAH HEANEY, FACTORY POWERS BMX, MURFREESBORO, TN"
,5,"EVAN MENDITTO, TNT BICYCLES FACTORY, MARLTON, NJ"
,6,"DALLAS GARDNER, DAYLIGHT CYCLES, RICHMOND, VA"
,7,"BRANDON BREDEWEG, FACTORY SSQUARED, ALLENDALE, MI"
,8,"NICHOLAS BARONE, ALPHA NATIONAL TEAM, MASTIC BEACH, NY"
,,
17-20 Expert    Total Riders = 25    Groups = 5,,
,1,"CAMERON (THE NEW GUY) BRAMER, SUPERCROSS BMX, SOUTH PARK, PA"
,2,"RAYNE LANKFORD, CARBONECARTEL, TBONE BMX, HOUSTON, TX"
,3,"DREW POLK, HYPER, AVON, IN"
,4,"JEAN (MICKI) NAVAS, HOUSTON RACING TEAM, A"
,5,"WESLEY (BOOGIE) CLARK, VELOCITY BIKE CO, GROVETOWN, GA"
,6,"JOHN PAUL (JPEEZY) STEVENS, FACTORY TRIFECTA, CARNEGIE, PA"
,7,"JONAS YOCKELSON, COLORADO MESA UNIVERSITY, MOUNT AIRY, MD"
,8,"RUSSELL (RJ) WALLER, TRUTH BMX, MANASSAS, VA"
,,
21-25 Expert    Total Riders = 7    Groups = 1,,
,1,"JUSTIN KNAPPER, FACTORY ANSWER, POTTSTOWN, PA"
,2,"JUAN (POTRO) GOMEZ, (MYSELF), QUEENS, NY"
,3,"LOUIS (KING LOUIE) KAMINSKI, TNT BICYCLES FACTORY, EDEN, NY"
,4,"NATHAN HATHCOCK, FACTORY MANGLER, POPLAR GROVE, IL"
,5,"JOHN SLOVIKOSKY, GALLITZIN, PA"
,6,"JEREMY (JP) SCHOLTEN, INDIANA BMX COMPLIMENTS , FORT WAYNE, IN"
,,
26-35 Expert    Total Riders = 16    Groups = 3,,
,1,"DUSTIN (DUSTMAN) JACOBS, FACTORY MANGLER, FREEPORT, IL"
,2,"JUSTIN MARKIE, PLANTSVILLE, CT"
,3,"DOUGLAS WIDDOWS, CULT/GRIMINALS, CUMBERLAND, MD"
,4,"JEREMY (DUNGEON MASTER) KNAPPER, FACTORY ANSWER, POTTSTOWN, PA"
,5,"STEFAN (STEFDADDY) FAHY, MUDSLINGER BIKE SHOP, BARTLETT, IL"
,6,"NICHOLAS STODOLSKI, ALLTOW WRECKING CREW/YESS, GERMANTOWN, NY"
,7,"JUSTIN LEDOUX, MARIAN UNIVERSITY, WALLKILL, NY"
,8,"THOMAS MISSAL, DELUXX BIKES, CHAPEL HILL, NC"
,,
36-40 Expert    Total Riders = 9    Groups = 2,,
,1,"GREG CUSTER, BLACKCROWN BMX FACTORY, BRIDGETON, NJ"
,2,"JASON WARYAS, MAGIC BMX, WATERFORD, MI"
,3,"STEPHEN OLDHAM, YESS BMX, BRISTOL, CT"
,4,"ZACHARY JOHNSRUD, MUDSLINGER BIKE SHOP, VALPARAISO, IN"
,5,"PATRICK (THE BADGER) WELCH, DV8 RACING, CLIO, MI"
,6,"LUIS ROJAS, MITCHELL RACING PLATES, QUEEN, NY"
,7,"ROBERT (POFF) POFFENBARGER, LITHIUM RACING, NORFOLK, VA"
,8,"MATTHEW SWAP, REGGIE'S BIKE SHOP, MONROE, MI"
,,
41-45 Expert    Total Riders = 9    Groups = 2,,
,1,"CORY SKINNER, SOLON BMX, HUDSON, OH"
,2,"JASON ST ROMAIN, CLAYBORN/ANSWER, PRAIRIEVILLE, LA"
,3,"JAMES KIMOCK, CHIP N DALE BMX, FLEMINGTON, NJ"
,4,"WAYNE (BIG WAYNE) HARDMAN, JRBICYCLES.COM/SPEEDCO/AVIAN, NORTH FORT MYERS, FL"
,5,"BRIAN STRIEBY, HEAVY PEDALS, SYRACUSE, IN"
,6,"JAMES HOLDER, COASTAL BIKE SUPPLY, BAHAMA, NC"
,7,"SILVIO DA SILVA PINTO, LONG BRANCH, NJ"
,8,"MATTHEW COWELL, MUDSLINGERS BIKE SHOP, LAKE VILLA, IL"
,,
46-50 Expert    Total Riders = 9    Groups = 2,,
,1,"MATT DALLAS, BLOT OUT GRAPHICS, COS COB, CT"
,2,"JEREMY THOMPSON, FACTORY POWERS BMX, GRAHAM, NC"
,3,"RICHIE (RICHIE B. GOOD) GOOD, NORTHUMBERLAND, PA"
,4,"ERON (THE BULLET) LEFEBVRE, RIDGEFIELD, CT"
,5,"ERIC REID, CHAPEL HILL, NC"
,6,"MICHAEL DUKE, COASTAL RACING, BRONX, NY"
,7,"ROLANDO (ANDY) LIMJOCO, DAMAGE INC NY, PATCHOGUE, NY"
,8,"FABIAN (FABIAN) GONZALEZ, GAITHERSBURG, MD"
,,
51 & Over Expert    Total Riders = 11    Groups = 2,,
,1,"BILLY GRIGGS, RAZOR/CHASE, ANAHEIM, CA"
,2,"DREW MOTLEY, YESS BMX, ORMAND BEACH, FL"
,3,"NIGEL CUMMINGS, HOBOKEN, NJ"
,4,"SOLAN FOSTER, ALBES, DEARBORN HEIGHTS, MI"
,5,"HAROLD GRIFFIN, BROOKLYN, NY"
,6,"HARRY LEARY, BIOLAB/BOX TEAM, LAKE HAVASU CITY, AZ"
,7,"PAUL (JOKER) LINGARD, FACTORY VERT BMX, PALM COAST, FL"
,8,"DOMINICK ERIC COATES, NONE, SEVERN, MD"
,,
