Race of Champions,,
A Pro    Total Riders = 64    Groups = 24,,
,1,"MAX CAIRNS, HENDERSON, NV"
,2,"TYLER PETTY, FACTORY GOLD'S GYM, CYPRESS, TX"
,3,"HAYDEN FLETCHER, THRODWN, MANSFIELD, VIC"
,4,"EDDY CLERTE, SUNN BICYCLES / MIRA, PASADENA, CA"
,5,"JUSTIN KIMMANN, AMSTERDAM"
,6,"THEO CHAPELLE, LYON"
,7,"JOSHUA BOYTON, FORMULA BMX INTL, BRISBANE, QLD"
,8,"MATT KRASEVSKIS, J&R/SPEEDCO AUSTRALIA, FLINDERS VIEW, QLD"
,,
Vet Pro    Total Riders = 19    Groups = 9,,
,1,"CRISTIAN BECERINE, THRODWN, COSTA MESA, CA"
,2,"MICHAEL WEATHERFORD, JR BICYCLES.COM/CHASE/BOX, MURRIETA, CA"
,3,"TIM (TNT) KNEIP, PRIMAL BMX/BOMBSHELL, SAN ANTONIO, TX"
,4,"HOWARD JOHNSON, HOSTILE/SSQUARED/ANSWER, SAN ANTONIO, TX"
,5,"JESSE BURKES, PUSHER BMX, AURORA, CO"
,6,"(ROCKY)LUCIANO CORREA ROQUE, DXTRIM,RENATOSILVACOACH, ORLANDO, FL"
,7,"ROGILLO APARECIDO, CAMPINAS"
,8,"COREY STAFFORD, DK BICYCLES, NORTH LAKES, QLD"
,,
Women Elite    Total Riders = 25    Groups = 12,,
,1,"ALISE POST, PROMAX/GW, CHULA VISTA, CA"
,2,"FELICIA STANCIL, ANTIOCH, IL"
,3,"BROOKE CRAIN, HARO/PROMAX, VISALIA, CA"
,4,"STEFANY HERNANDEZ, GUAYANA, BOL"
,5,"ZOE FLEMING, HARO/PROMAX, AUCKLAND"
,6,"LAUREN REYNOLDS, ANSWER/RENNEN, CHULA VISTA, CA"
,7,"SAE HATAKEYAMA, HARO, KANAZAWA"
,8,"FLORENCIA SORIANO, THRODWN, CORDOBA"
,,
Men Elite    Total Riders = 36    Groups = 15,,
,1,"CONNOR FIELDS, HENDERSON, NV"
,2,"ANTHONY DEAN, CORONA, CA"
,3,"SYLVAIN ANDRE, LYON"
,4,"CORBEN SHARRAH, TUCSON, AZ"
,5,"TRENT JONES, CHRISTCHURCH"
,6,"NIEK KIMMANN, DEDEMSVAART"
,7,"KYLE EVANS, MANCHESTER"
,8,"JORIS DAUDET, CORONA, CA"
,,
6 & Under Mixed Open    Total Riders = 50    Groups = 9,,
,1,"ELLIE CAREY, JR BICYCLES.COM/CHASE/BOX, GOODYEAR, AZ"
,2,"RYLEN BAYLY, RIDE CO BIKE SHOP, THORTON, CO"
,3,"BEN WILLIS, FIRE DRAGON/JR BICYCLES, SENOIA, GA"
,4,"JACOB GREENWELL, BUDDY LEE RACING, MECHANICSVILLE, MD"
,5,"CHACE GRIPPI, KID DYNAMITE NORCAL, LIVERMORE, CA"
,6,"ISABELLA STEVENS, MAD/NOWEAR, NEENAH, WI"
,7,"MARSHALL WARNER, JJ LAWNCARE, SMITHSBURG, MD"
,8,"ABIGAIL STEVENS, MAD/NOWEAR, NEENAH, WI"
,,
7-8 Mixed Open    Total Riders = 51    Groups = 9,,
,1,"TAYLOR RUNGAITIS, HARO/PROMAX, SIMI VALLEY, CA"
,2,"KRISTA (THE TIDAL WAVE) HOPKINS, CLOVIS, CA"
,3,"GUADALUPE PALACIOS, W ELITE, CALI"
,4,"MIA (THE MENACE) DOWNES, JR BICYCLES.COM/CHASE/BOX, ALPINE, CA"
,5,"ANNALYSE SOLANO, ELITE BICYCLES, CITRUS HEIGHTS, CA"
,6,"MIA CUSTER, KID DYNAMITE FACTORY, BRIDGETON, NJ"
,7,"NIKOLAS FRANZ, LAKE FOREST, CA"
,8,"JONAS ""BUBBA"" MOSER, BIKES FOR THE LIKES, KANSAS CITY, MO"
,,
9-10 Mixed Open    Total Riders = 47    Groups = 8,,
,1,"NICOLE FORONDA, W ELITE, MEDELLIN"
,2,"PORTIA EDEN, DK BIKES AUSTRALIA, GORDONVALE, QLD"
,3,"LILY GREENOUGH, PURE BICYCLE, CAMBRIDGE"
,4,"GABRIELLA PAVONE, FACTORY KAOS, METAIRIE, LA"
,5,"AVERY CHARTRAND, HARO/PROMAX, ISANTI, MN"
,6,"LOLA JONJEVIC, DFR/POWERLITE, KANSAS CITY, MO"
,7,"MICCAH COLLINS, FORSYTH, MO"
,8,"MICHAEL HARRIS, ZIMMERMAN, MN"
,,
11-12 Mixed Open    Total Riders = 39    Groups = 7,,
,1,"ISABELLA SCHRAMM, GOLD COAST, QLD"
,2,"MANUELA MUNOZ, W ELITE, MEDELLIN"
,3,"MAZEY KNOX, ALLTOW WRECKING CREW/YESS, BELVIDERE, IL"
,4,"GRECIA CRISTODULO, SANTA CRUZ"
,5,"KEILEY ""SUGAR COOKIE"" SHEA, 316 RACING, LA HABRA, CA"
,6,"JOHNNY BERIOU, SYNERGY BMX RACING TEAM, HUGO, MN"
,7,"MIA GIGLIUTO, NORTHEAST FACTORY, CLINTONDALE, NY"
,8,"ELLIE BRENT, DOUBLECROSS NATIONAL, TOPEKA, KS"
,,
13-14 Mixed Open    Total Riders = 34    Groups = 6,,
,1,"MADELYNN DESANTIS, HARO/PROMAX, SIMI VALLEY, CA"
,2,"SHANNON PETRE, RIVAL RACING, BRINSMEAD, QLD"
,3,"VALENTINA MUNOZ VANEGAS, MEDELLIN"
,4,"KIRA HILL, DK AUSTRALIA, ROBINA, QLD"
,5,"VALENTINA VELASQUEZ, W ELITE, UNKNOWN"
,6,"BROOKE CRAFT, HARO/PROMAX, LAKESIDE, CA"
,7,"MOLLY SIMPSON, FACTORY DAYLIGHT CYCLES, RED DEER, AB"
,8,"TARA KLEIN, FACTORY LDC, APACHE JUNCTION, AZ"
,,
15-16 Mixed Open    Total Riders = 17    Groups = 3,,
,1,"KYLER BRYANT, HOSTILE, BEAUMONT, TX"
,2,"ASHLEE MILLER, COOGEE, NSW"
,3,"DES'REE BARNES, DAYLIGHT CYCLES, BEENLEIGH, QLD"
,4,"CARLY KANE, DK BICYCLES, GUILFORD, IN"
,5,"ANA SOFIA CADAVID, POSTOBON, NORTH PORT, FL"
,6,"SEBASTIAN (Z MAN) SCHLOFFEL, BAY AREA BMXERS, SAN LEANDRO, CA"
,7,"HAYDEN TULLY, MINT PRINT MEDIA, HESPERIA, CA"
,8,"ELIZABETH BOWERS, SPOKANE, WA"
,,
17-20 Mixed Open    Total Riders = 14    Groups = 2,,
,1,"THOMAS GITTUS, PAKENHAM, VIC"
,2,"MORGANNE TORRES, P"
,3,"BAILEY STEWART, LUMBAJACK SSQUARED, BACCHUS MARSH, VIC"
,4,"MADISON GOMES, NUT UP, RIPON, CA"
,5,"JUAN DAVID` ACOSTA RINCON, EL CAMPEON, BOGOTA"
,6,"ISAAC PACKARD, VENOM RACING, DERBY, KS"
,7,"KRISTA BERNICK, TOPEKA, KS"
,8,"AISLYNN WEBER, LUMBERJACK SSQUARED, EDMONTON, QLD"
,,
26-30 Mixed Open    Total Riders = 3    Groups = 1,,
,1,"OWEN DOUGLAS, BLACKMAN BICYCLES, SEVEN HILLS, NSW"
,2,"PAUL HERISSET, ALBE'S, GROSSE ILE, MI"
,3,"ASHLEE HILL PETTINELLI, BLOT OUT GRAPHICS, SLINGERLANDS, NY"
,,
31 & Over Mixed Open    Total Riders = 34    Groups = 6,,
,1,"NICK MARSH, PBA, NEWARK, CA"
,2,"JORDAN SMITH, MAD CYCLES, CHARLOTTE, NC"
,3,"RIGOBERTO SOLANO, ELITE BICYCLES, CITRUS HEIGHTS, CA"
,4,"KEITH KEENER, TWO-CYCLE MICHAELS, TOWANDA, KS"
,5,"LUCAS RALEY, ELITE BICYCLES, FOLSOM, CA"
,6,"DAN WENISCH, VENOM RACING, HENDERSON, MN"
,7,"TRAVIS ALLEN, PUSHER BMX, HIGHLANDS RANCH, CO"
,8,"SEAN(SKIDROW) ROWE, HOLE SHOT BLACK CROWN, CLARKSBURG, MD"
,,
6 & Under Open    Total Riders = 20    Groups = 4,,
,1,"ACE LAACK, KDM MN, RIDE MN, ROCHESTER, MN"
,2,"JOSEPH MATHER, POWERLITE/DANS COMP/DFR, OMAHA, NE"
,3,"NATHAN WALKER, BMX SHARKS, VICTORVILLE, CA"
,4,"COHEN JAMES, FACTOTY FAST FORWARD, BAKERSFIELD, CA"
,5,"LIAN AUYON, BOMBSHELL, HEBER, CA"
,6,"RYO BOISVERT, RACE INC., NORTH YORK, ON"
,7,"KOLE BERG, SYCAMORE BMX, MOORPARK, CA"
,8,"JORDAN WALKER, BMX SHARKS, VICTORVILLE, CA"
,,
7-8 Open    Total Riders = 32    Groups = 6,,
,1,"MASON HAYES, C-YAA FACTORY, DENVER, NC"
,2,"REID PORTER, HARO/PROMAX, LONGMONT, CO"
,3,"DEVIN(DEBO) FERGUSON, STRIKER WHEELS, SCHERTZ, TX"
,4,"MATTEO PIGO, BLACKCROWN BMX, DALLAS, GA"
,5,"DANIEL WATERS, BMX SHARKS, VICTORVILLE, CA"
,6,"RION FURUYA, TOKYO"
,7,"RHYS WELLINGS, PLANETT, WAKERLEY, QLD"
,8,"JAXSON SHIMKO, BLACK CROWN BIKE SHOP, PITTSBURGH, PA"
,,
9-10 Open    Total Riders = 37    Groups = 7,,
,1,"MARSHALL (MAJOR) GEHRKE, ANSWER/RENNEN, ANTIOCH, IL"
,2,"CONNOR EATON, HARO/PROMAX, VALENCIA, CA"
,3,"JUAN MANOSCA, POPAYAN"
,4,"OLIVER JACKSON, DAYLIGHT CYCLES, CALGARY, AB"
,5,"JOSHUA WHITE, FACTORY CRUPI/REMAX, KINGMAN, AZ"
,6,"RYDER LAWRENCE, HYPER, BOX, FOX, BELL, MENIFEE, CA"
,7,"QUAY EDWARDS, HOSTILE ELITE, FUSHEAR, TX"
,8,"BENJAMIN SCHRAMM, GOLD COAST, QLD"
,,
11-12 Open    Total Riders = 38    Groups = 7,,
,1,"THOMAS TUCKER, TEAM REDLINE AUSTRALIA, WARNER, QLD"
,2,"JACOB TRUJILLO, HARO/PROMAX, LAS VEGAS, NV"
,3,"BLAISE PEREIRA, FACTORY FREE AGENT-BOX, MARRERO, LA"
,4,"LUCAS ZIMMERMANN, THRODWN, BRAZIL, RJ"
,5,"JACK GREENOUGH, PURE BICYCLES, CAMBRIDGE"
,6,"TYLER GRIGSBY, FACTORY RIFT/TANGENT, RIO LINDA, CA"
,7,"EVAN MENDITTO, KID DYNAMITE USA, MARLTON, NJ"
,8,"CUTTER WILLIAMS, POTOMAC FALLS, VA"
,,
13-14 Open    Total Riders = 52    Groups = 9,,
,1,"NICHOLAS ADAMS, FACTORY RIFT/TANGENT, ORANGEVALE, CA"
,2,"JACK (CANNONBALL) KELLY, FULL TILT BIKE CO, KEARNS, UT"
,3,"GAVIN FREEWALT, HARO/PROMAX, SCHAUMBURG, IL"
,4,"CURTIS KREY, DAYLIGHT CYCLE, ETOBICOKE, ON"
,5,"PEDRO BARBOSA, JF2 MOMAII,MEYBO, CAMPO BOM, DF"
,6,"BENNET GREENOUGH, PURE BICYCLES, CAMBRIDGE"
,7,"VAUGHN PHILIPPUS, ALLTOW WRECKING CREW/YESS, HIGH SPRINGS, FL"
,8,"JESSE ASMUS, LUMBAJACK SSQUARED, CHAMBERS FLAT, QLD"
,,
15-16 Open    Total Riders = 38    Groups = 7,,
,1,"SANTIAGO (HURRICANE) SUAREZ, ALLTOW WRECKING CREW/YESS, MIAMI, FL"
,2,"OLIVER MORAN, CRUPI AUS, FORSTER, NSW"
,3,"CAMERON BRAMER, BLACKCROWN BMX, SOUTH PARK, PA"
,4,"JUAN RAMIREZ, W ELITE, MEDELLILN"
,5,"JOSEPH LETO, ALLTOW WRECKING CREW/YESS, MYAKKA CITY, FL"
,6,"IAGO MACHADO, STROKE BRAZIL, SAO LEOPOLDO, RS"
,7,"TYLER  NELSON, VENOM RACING, CHISAGO CITY, MN"
,8,"JEREMY BODZEN, INSPYRE/PRIDE, LA POSSENION"
,,
17-20 Open    Total Riders = 19    Groups = 3,,
,1,"CAMERON PORTE, ST ENTIENNE"
,2,"ZEPHIN MANN, FACTORY HRPdesigns, EVANS, GA"
,3,"KEVIN(OVERDRIVE)PAULS, FORMULA BMX, SIMI VALLEY, CA"
,4,"LOUIS KAMINSKI, TNT BICYCLES, EDEN, NY"
,5,"GARRETT (THE GUNSHOT) NORTHINGTON, 3B RACING, HAYDEN, ID"
,6,"JONATHAN MEDEIROS, DIRTY FILTHY BMX, BUCKEYE, AZ"
,7,"DANIEL BOWERS-WILSON, CHRISTCHURCH"
,8,"KYLE KRUYSMAN, DFR / POWERLITE, DALLAS, GA"
,,
21-25 Open    Total Riders = 11    Groups = 2,,
,1,"SHANE (DA MONSTER) HARLOW, ELITE BICYCLES, MORENO VALLEY, CA"
,2,"ALEC NESBITT, FACTORY FALL RISK RACING, PHOENIX, AZ"
,3,"JARRED (DOC) JOHNSON, EXTREME, CARLISLE, OH"
,4,"TAYLOR DAVIS, LILYDALE, VIC"
,5,"EVAN GRESHAM, MAD CYCLES, PENDLETON, SC"
,6,"RONAN PERROT, GLOMEL"
,7,"NATHAN HATHCOCK, KEGALS BIKE SHOP, POPLAR GROVE, IL"
,8,"ZACH ALEXANDER, CRISP BROS RACING, MACHESNEY PARK, IL"
,,
26-30 Open    Total Riders = 9    Groups = 2,,
,1,"TOMMY PINELLI, MONTELIMAR"
,2,"KAZUSHIGE TAKAYAMA, SAITAMA"
,3,"JESSE HAYNES, KID DYNAMITE MITE KANSAS, TOPEKA, KS"
,4,"ANTHONY TIMMERMAN, SOUTH CHARLOTTE CROSSFIT, CHARLOTTE, NC"
,5,"MAICO DA LUZ, ITAIPU, FOZ DO IGUACU, PR"
,6,"DONNY NEILL, NORCAL BMX FLY, SHINGLE SPRINGS, CA"
,7,"MAX EDEN, RIDING FORWARD/ SSQUARED, SIMPSONVILLE, KY"
,8,"BROCK ARNDT, FULL TILT BIKE CO, SANTA CLARITA, CA"
,,
31 & Over Open    Total Riders = 39    Groups = 7,,
,1,"CHAD STREET, HARO/PROMAX, RICHLAND HILLS, TX"
,2,"ANDY ERICKSON, CULTCREW, TUCSON, AZ"
,3,"GABE NYENHUIS, SAINT CHARLES, IL"
,4,"DANIEL YUJNOVICH, RIVAL RACING, BEERWAH, QLD"
,5,"JADE MCPHERSON, SUPERCROSS BMX, HIGH WYCOMBE, WA"
,6,"BRANDON BRAND, LANDSTAR RACING, GREENVILLE, TX"
,7,"JUSTIN BRUNNER, STAATS/ELITE CAMP, WINDSOR, CO"
,8,"DWAYLON CARTER, LETHAL THREAT RACING, BALTO, MD"
,,
10 & Under Girls Cruiser    Total Riders = 17    Groups = 3,,
,1,"DANICA ANDERSON, LANCASTER, CA"
,2,"CHRISTINA (BABY GIRL) CUNNINGHAM, FACTORY YESS, HOLLISTER, CA"
,3,"KYLEE NIEDERBERGER, PHANTOM DEVELOPMENT, JARRETTSVILLE, MD"
,4,"HANNAH(HURRICANE)LEAKEY, FACTORY BOMBSHELL/AVENT, PHOENIX, AZ"
,5,"SOPHIA JOHNSON, VENOM RACING, ISANTI, MN"
,6,"OLIVE HINTON, SPEEDPEDDLERS, BROOKFIELD, IL"
,7,"MAKYLLA PINO, TUFF GURLZ, PERILOUS, LAS CRUCES, NM"
,8,"LILY HINTON, SPEEDPEDDLERS, BROOKFIELD, IL"
,,
11-12 Girls Cruiser    Total Riders = 21    Groups = 4,,
,1,"BREANNA (MONSTER B) WINTER, FACTORY RIFT/TANGENT, ANTELOPE, CA"
,2,"ALEXANDRA HILL, ADVENTURE, SAUK RAPIDS, MN"
,3,"DESERAE (RAH RAH) ROMERO, FACTORY RIFT/TANGENT, VICTORVILLE, CA"
,4,"MEGAN TOSSETT, VENOM RACING, FERGUS FALLS, MN"
,5,"JORDYN MIRANDA, DAYLIGHT CYCLES, MOHAVE VALLEY, AZ"
,6,"SAMANTHA OGBORN, COB/FINDLAY BULLHEAD, KINGMAN, AZ"
,7,"ANNABELLA HAMMONDS, SUPERCROSSBMX.COM, APPLE VALLEY, CA"
,8,"JENA (HOLESHOT)  VONHOLZEN, FACTORY THUNDERBEACH, OSHKOSH, WI"
,,
13-14 Girls Cruiser    Total Riders = 13    Groups = 2,,
,1,"RYENN CAPITANI, FACTORY CRUPI/REMAX, VACAVILLE, CA"
,2,"TRINADEE STOFLET, FACTORY THUNDERBEACH, WISCONSIN RAPIDS, WI"
,3,"GRACE PADILLA, BAY AREA BMXERS, BUELLTON, CA"
,4,"SIERRA ALTENDORF, FACTORY KUWAHARA, EVERETT, WA"
,5,"CAITLYN FARMER, RIDE LIKE A GIRL/DANS COMP, SANDY SPRINGS, GA"
,6,"LILY SONDERUP, CYCLE WORKS NEBRASKA, LINCOLN, NE"
,7,"TIFFANY HUBER, BLACKCROWN BMX, IJAMSVILLE, MD"
,8,"MEGAN HAYES, COB/FINDLAY BULLHEAD, HENDERSON, NV"
,,
15-16 Girls Cruiser    Total Riders = 16    Groups = 3,,
,1,"MCKENZIE (SKITTLES) GAYHEART, THRODWN, FORT WHITE, FL"
,2,"DALENY VAUGHN, REDMAN/ROCKSTAR, TUCSON, AZ"
,3,"SAILOR MARTINI, HOSTILE/SSQUARED/ANSWER, ALVIN, TX"
,4,"STEVIE TOMPKINS, VENOM RACING, MANKATO, MN"
,5,"JENNA (HIP HOP) JEFFERS, ADVENTURE, ZIMMERMAN, MN"
,6,"MADISON JACKSON, SPEEDPEDDLERS, CHANNAHON, IL"
,7,"ELIZABETH BOWERS, SPOKANE, WA"
,8,"MARIANA GIGLIUTO, NORTHEAST FACTORY, CLINTONDALE, NY"
,,
17-20 Women Cruiser    Total Riders = 12    Groups = 2,,
,1,"KORIE GILBERT, DOUBLECROSS, PEARLAND, TX"
,2,"JENA SAGENDORF, FACTORY FALL RISK RACING, PHOENIX, AZ"
,3,"DANIELLE SANCHEZ, LAS CRUCES, NM"
,4,"KRISTA BERNICK, TOPEKA, KS"
,5,"JESSICA LEWIS, BLACKCROWN BMX, POTTSTOWN, PA"
,6,"LEXIE ALEJANDRE, FACTORY FALL RISK RACING, GLENDALE, AZ"
,7,"TIFFANY(MC CRASHIN) MOLESI, BLOT OUT GRAPHICS, EAST MORICHES, NY"
,8,"JOSLYNN LAROCK, VENOM RACING, CAMBRIDGE, MN"
,,
21-30 Women Cruiser    Total Riders = 8    Groups = 1,,
,1,"COURTNEY TOMEI, REAPER, MORENO VALLEY, CA"
,2,"ASHLEE HILL PETTINELLI, BLOT OUT GRAPHICS, SLINGERLANDS, NY"
,3,"ERIN MOORE, LANDSTAR RACING, FAYETTEVILLE, AR"
,4,"DEVAN WILSON, ELIMINATOR / RIFT / TANGENT, GILBERT, AZ"
,5,"JESSICA JAYNE, BLOT OUT GRAPHICS, EAST MORICHES, NY"
,6,"KATHRYN HUFF, TEAM BABBO, DALLAS, TX"
,7,"EMILY MUNDAHL, STAATS, BISMARCK, ND"
,,
31-35 Women Cruiser    Total Riders = 10    Groups = 2,,
,1,"RACHAEL BLACKWELL, FULL TILT BIKE CO, GILBERT, AZ"
,2,"CARLEY YOUNG, RIDE LIKE A GIRL/DANS COMP, PITTSBURGH, PA"
,3,"DANIELA CIFUENTES, CHIP-N-DALE BIKESHOP, MT HOLLY, NJ"
,4,"KASIA ""BLACK KAT"" OLONE, TEAM AQUILA, RALEIGH, NC"
,5,"TARA BROUGHTON, RAD DUDES, SMYRNA, GA"
,6,"JESI BINGHAM, KANSAS CITY, MO"
,7,"ALYSIA MITCHELL, PRATTVILLE, AL"
,8,"KRISTI PRICE, LOOGOOTEE, IN"
,,
36-40 Women Cruiser    Total Riders = 8    Groups = 1,,
,1,"SHYLO (ANGRY) ORCHARD, CANADIAN BIKE SUPPLY, VERNON, BC"
,2,"TRISHA "" BREAK MY"" HARTMAN, FACTORY FALL RISK RACING, SAN ANTONIO, TX"
,3,"ANDREA LIBICH, LAPORTE, IN"
,4,"MELISSA BRAY, ULTIMATE STREET WEAR, LAS VEGAS, NV"
,5,"AMY HAYWOOD, CROSSROADS BMX, CAMBY, IN"
,6,"BARBARA DODD, EGG HARBOR TWP, NJ"
,7,"ROSHELLE PEARSON, BMX FAM, SOUTH MILWAUKEE, WI"
,,
41-45 Women Cruiser    Total Riders = 8    Groups = 1,,
,1,"HOLLY DUNN-BARSOCCHINI, GILBERT, AZ"
,2,"ERIN TIERNEY, MOUNT CURRIE, BC"
,3,"SHEILA KAUPPI, ADVENTURE, EAST BETHEL, MN"
,4,"MIA RITTENHOUSE, HAVOC BIKES, DAYTON, OH"
,5,"DEBRA RAY, IM BMX, ANKENY, IA"
,6,"ANGELA  CONSTANTINO, MAD CYCLES RACING, WHITSETT, NC"
,7,"WENDY IRVIN, PRATTVILLE, AL"
,,
46-50 Women Cruiser    Total Riders = 5    Groups = 1,,
,1,"LAURIE HARDING, FACTORY YESS, SURREY, BC"
,2,"SUNNY HARMESON, BLACK BOX/RIFT/FLY, PENDLETON, OR"
,3,"BECKY MOHR, LAKE HAVASU CITY, AZ"
,4,"NICOLE (RED HOT RAGE) KIRCHMEYER, THUNDERBEACH TEXAS, GARLAND, TX"
,,
51-55 Women Cruiser    Total Riders = 3    Groups = 1,,
,1,"MARJORIE KAMINSKI, STYLIN, EDEN, NY"
,2,"ELIZABETH JONES, POTTER RACING PRODUCTS, ROCKFORD, IL"
,3,"(TWREX) TAMARA SCHULZ, STANDARD BYKE CO, KENOSHA, WI"
,,
56 & Over Women Cruiser    Total Riders = 5    Groups = 1,,
,1,"SUZANNE BORLAND, GILBERT, AZ"
,2,"CAROL TURNER, BIKEPARTS.COM, MORRISON, CO"
,3,"CARRIE MUNDAHL, ADVENTURE, BISMARCK, ND"
,4,"REBECCA HEALY, MAD CYCLES, DURHAM, NC"
,,
7 & Under Cruiser    Total Riders = 35    Groups = 6,,
,1,"HAYDEN PASSANISI, JR BICYCLES.COM/CHASE/BOX, ALPINE, CA"
,2," DYLAN (THE VILLIAN) PATTERSON, DAYLIGHT CYCLES, TUCSON, AZ"
,3,"COLTON KIDD, EXTREME TEAM, TUCSON, AZ"
,4,"JOSEPH MATHER, POWERLITE/DANS COMP/DFR, OMAHA, NE"
,5,"WYATT HICKS, BLACKCROWN BMX, KENNESAW, GA"
,6,"ARJUNA BURGOS, FACTORY FAST FORWARD, LOS ANGELES, CA"
,7,"ISAAC (BEAST MODE) LEUNG, MANTIS BMX RACING, SAN RAMON, CA"
,8,"ACE LAACK, KDM MN, RIDE MN, ROCHESTER, MN"
,,
8 Cruiser    Total Riders = 33    Groups = 6,,
,1,"MASON HAYES, C-YAA FACTORY, DENVER, NC"
,2,"GAVYN FOX, FULL TILT BIKE CO, HERRIMAN, UT"
,3,"CHRIS FELKER, FACTORY RIFT/TANGENT, BRENTWOOD, CA"
,4,"CORY LEBARON, JR BICYCLES.COM/CHASE/BOX, NORTH LAS VEGAS, NV"
,5,"MATHEW HAYWOOD, FACTORY RIVAL RACING, CAMBY, IN"
,6,"DANIEL WATERS, BMX SHARKS, VICTORVILLE, CA"
,7,"WYATT RALEY, ELITE BICYCLES, FOLSOM, CA"
,8,"CONNOR CLIFFORD, DAYLIGHT CYCLES, HURRICANE, UT"
,,
9 Cruiser    Total Riders = 29    Groups = 5,,
,1,"KARTER MONTELLANO, ANSWER/RENNEN, RIVERSIDE, CA"
,2,"MAX CLARK, ELITE BICYCLES, CARMICHAEL, CA"
,3,"NATHAN ANDERSON, KDM USA, ALBERTVILLE, MN"
,4,"BRODY GILBERTSON, NEXUS, WI RAPIDS, WI"
,5,"GAIGE GOMOLICKE, BAY AREA BMXERS, UKIAH, CA"
,6,"RYAN RANDOLPH, TUCSON, AZ"
,7,"NOAH MALLORY, ALPHA DEVELOPMENT, HOWARD CITY, MI"
,8,"HUNTER BEASLEY, FIRE DRAGON/JR BICYCLES, BACONTON, GA"
,,
10 Cruiser    Total Riders = 29    Groups = 5,,
,1,"TYE YOUNG, FACTORY YESS, MOORESVILLE, NC"
,2,"KYLE(KSQUARED) KIRCHHOFF, FACTORY HRPdesigns, MIDLAND CITY, AL"
,3,"QUAY EDWARDS, HOSTILE ELITE, FUSHEAR, TX"
,4,"HUDSON WHITE, SONIC BMX, SEATTLE, WA"
,5,"BRADY ONEIL, DAYLIGHT CYCLES, HENDERSON, NV"
,6,"CHASE ANTILL, SPNCTY SSQUARED ANSWER, LAS VEGAS, NV"
,7,"CHAYSE MRAZEK, HIGH CALIBER, BISHOP, TX"
,8,"HARLEY DAIS, FACTORY THUNDERBEACH, WINONA, MN"
,,
11 Cruiser    Total Riders = 35    Groups = 6,,
,1,"RONNIE KIM, FULL TILT BIKE CO, CORONA, CA"
,2,"ROBERT CONNELLY, ANSWER/RENNEN, BRENTWOOD, CA"
,3,"NATHAN KITCHEN, FACTORYFREE AGENT BOX, BAKERSFIELD, CA"
,4,"DRAKE (THE DIESEL) VELADOR, FACTORY YESS, HOLLISTER, CA"
,5,"MICHAEL VILLANUEVA, JR BICYCLES.COM/CHASE/BOX, CHANDLER, AZ"
,6,"LAYNE ROWELL, HOSTILE/SSQUARED/ANSWER, BEAUMONT, TX"
,7,"ALEX (LIGHTNING BOLT) DUTY, NONE, BONNEY LAKE, WA"
,8,"BROCK (THE ROCKET) SMITH, VENOM RACING, WEST FARGO, ND"
,,
12 Cruiser    Total Riders = 31    Groups = 6,,
,1,"NOAH MIGUEL, JR BICYCLES.COM/CHASE/BOX, EL PASO, TX"
,2,"JACK BAKKEN, FACTORY CRUPI/REMAX, LONE TREE, CO"
,3,"GAGE BROWN, UPRIGHT/MWS, BEND, OR"
,4,"ZACK(Z-MONEY) DAY, FACTORY KUWAHARA, GREENVILLE, WI"
,5,"EVAN MENDITTO, KID DYNAMITE USA, MARLTON, NJ"
,6,"RIVER REECE, FACTORY LDC, FORT WORTH, TX"
,7,"DWYER ZULFER, NONE, OMAHA, NE"
,8,"HARLEY INGRAM, HOLE SHOT BLACK CROWN, BOYERTOWN, PA"
,,
13 Cruiser    Total Riders = 38    Groups = 7,,
,1,"ANGEL MONTOYA, JR BICYCLES.COM/CHASE/BOX, LAS VEGAS, NV"
,2,"COLE ZUFELT, C-YAA FACTORY, TRENTON, ON"
,3,"ANDREW SPERANO, KID DYNAMITE, DOUGLASVILLE, GA"
,4,"GRANT GERKE, FACTORY THUNDERBEACH, LA CROSSE, WI"
,5,"CEASAR FLORES, KID RACING/YESS BMX, ATWATER, CA"
,6,"CYRUS (THE VIRUS) MATTSON, VENOM RACING, DALBO, MN"
,7,"BRODY COLE, THRODWN, CHULA VISTA, CA"
,8,"CAMERON WING, FACTORY PICKLE JUICE, ROWLETTE, TX"
,,
14 Cruiser    Total Riders = 24    Groups = 4,,
,1,"CHASE WARNOCK, FACTORY FALL RISK RACING, YUMA, AZ"
,2,"JARREN ABEL, FACTORY KUWAHARA, GRAHAM, WA"
,3,"DEVIN NELSON, KID DYNAMITE, ISANTI, MN"
,4,"JOSHUA VERON, JR BICYCLES.COM/CHASE/BOX, CARMICHAEL, CA"
,5,"WESTON MEURLOT, VERT FACTORY RACING, SAMSULA, FL"
,6,"AARON BLEE, ADRENALINE BMX, GRAND JUNCTION, CO"
,7,"IAN AMERICAN NIGHTMARE MCCAULEY, LIBERTY / FATDAD FACTORY, N LITTLE ROCK, AR"
,8,"NICOLAS TREJO, SE RACING, LANCASTER, CA"
,,
15 Cruiser    Total Riders = 20    Groups = 4,,
,1,"TYLER CACCIOLA, DAYLIGHT, CARMICHAEL, CA"
,2,"LUCAS MALLORY, FACTORY ALPHA, HOWARD CITY, MI"
,3,"KYLE JENSEN, POORBOY RACING, TUCSON, AZ"
,4,"BRAYDEN (THE BULLET) KEMPEL, ADVENTURE, RAMSEY, MN"
,5,"ELLIOTT SCHOO, BLACK WIDOW RACING, NEW ULM, MN"
,6,"ASHTON ANTIL, THE OAKS GOLF COURS, WIS, ALBERTVILLE, MN"
,7,"JACOB JONES, BLUEGRASS DANS COMP/GHP/ANSWER, LOUISVILLE, KY"
,8,"NATHAN DAVIDS, THRODWN, KAUKAUNA, WI"
,,
16 Cruiser    Total Riders = 22    Groups = 4,,
,1,"TREVVOR KOTRBA, MAGIC BMX, DORR, MI"
,2,"CADEN BOWERS, STRANGE MOTION, WARSAW, IN"
,3,"RILEY SHEA, 316 RACING, LA HABRA, CA"
,4,"WILLIAM (BUBBA)  ELLIS, MOM AND DAD, GLEN BURNIE, MD"
,5,"BLAKE DEVINE, VENOM RACING, FOREST LAKE, MN"
,6,"EVAN (BIG MAC) SINCHAK, C-YAA FACTORY, SEVERN, MD"
,7,"CAMERON BRAMER, BLACKCROWN BMX, SOUTH PARK, PA"
,8,"TYLER  NELSON, VENOM RACING, CHISAGO CITY, MN"
,,
17-20 Cruiser    Total Riders = 26    Groups = 5,,
,1,"TAYLOR RIEDEMANN, HARO/PROMAX, CAMBRIDGE, MN"
,2,"NICKOLAS (NICK THE BRICK) ELLIOTT, NEXT GENERATION, GRANITE BAY, CA"
,3,"BRADY KINCHELOE, FACTORY POWERS BIKE SHOP, YORK, SC"
,4,"RICHIE DEY, PROFILE, DEERFIELD BEACH, FL"
,5,"ALEX ANTIL, FACTORY FREE AGENT-BOX, SAINT MICHAEL, MN"
,6,"TREVOR KRAUSE, MAD/NOWEAR, MOSINEE, WI"
,7,"LOUIS KAMINSKI, TNT BICYCLES, EDEN, NY"
,8,"NATHAN BRAMER, BLACKCROWN BMX, SOUTH PARK, PA"
,,
21-25 Cruiser    Total Riders = 13    Groups = 2,,
,1,"SHANE (DA MONSTER) HARLOW, ELITE BICYCLES, MORENO VALLEY, CA"
,2,"LUKE ROARTY, HYPER BICYCLES, CLARKSVILLE, MD"
,3,"STACEY EDEN, BLOT OUT GRAPHICS, SIMPSONVILLE, KY"
,4,"JUSTIN GAEDTKE-SCHWARTZ, MAD/NOWEAR, WISCONSIN RAPIDS, WI"
,5,"EVAN GRESHAM, MAD CYCLES, PENDLETON, SC"
,6,"NICK ALEJANDRE, FACTORY FALL RISK RACING, GLENDALE, AZ"
,7,"STEVEN ADAMS, GRAND JUNCTION, CO"
,8,"JOSHUA LARSON, LINCOLN, NE"
,,
26-30 Cruiser    Total Riders = 16    Groups = 3,,
,1,"JESSE HAYNES, KID DYNAMITE MITE KANSAS, TOPEKA, KS"
,2,"JOHNNY GOTH, FACTORY STAATS/ELITE CAMP, MAPLE GROVE, MN"
,3,"MAX EDEN, RIDING FORWARD/ SSQUARED, SIMPSONVILLE, KY"
,4,"KEITH ALLEN, STRAIGHT SAVAGE BMX, COLDWATER, MS"
,5,"DONNY NEILL, NORCAL BMX FLY, SHINGLE SPRINGS, CA"
,6,"JEREMY WHITE, NORCAL BMX/FLY, SACRAMENTO, CA"
,8,"MARK SHAW, FACTORY KUWAHARA, BELLEVUE, WA"
,8,"DARCY GLENCROSS, PURE/SINZ CANADA, NANAIMO, BC"
,,
31-35 Cruiser    Total Riders = 17    Groups = 3,,
,1,"GILBERT CONTRERAS, ELITE BICYCLES, ALBUQUERQUE, NM"
,2,"DONALD(FIREBALL) JUNTUNEN, FACTORY KUWAHARA, PUYALLUP, WA"
,3,"BRANDON BRAND, LANDSTAR RACING, GREENVILLE, TX"
,4,"CHRISTIAN RICKS, FULL TILT BIKE CO, BAKERSFIELD, CA"
,5,"SHAWN WADE, FACTORY ALPHA, MACHESNEY PARK, IL"
,6,"BRADEN ROMER, GREENSBORO, NC"
,7,"ROBERT PETTINELLI, BLOT OUT GRAPHICS, SLINGERLANDS, NY"
,8,"CHRIS SUTTON, FACTORY FALL RISK RACING, GLENDALE, AZ"
,,
36-40 Cruiser    Total Riders = 18    Groups = 3,,
,1,"ERIC BACA, FACTORY ALPHA, SCOTTSDALE, AZ"
,2,"ROBERT TAYLOR, LANDSTAR RACING, BAYTOWN, TX"
,3,"TOMMY MCCOLLISTER, JESUS, EUREKA, CA"
,4,"GEREMY JONES, DELUXX BIKES, PEARL, MS"
,5,"JASON YOUNG, SPEEDPEDDLERS, ST PETERS, MO"
,6,"NICK MARSH, PBA, NEWARK, CA"
,7,"WAYNE HARDMAN, POWER FX, NORTH FORT MYERS, FL"
,8,"NOEL BAKER, HIGH CALIBER, FRIENDSWOOD, TX"
,,
41-45 Cruiser    Total Riders = 26    Groups = 5,,
,1,"JIM NELSON, FACTORY VENDETTA/ELITE, SACRAMENTO, CA"
,2,"MIKE ROARTY, TROY LEE DESIGNS, FOOTHILL RANCH, CA"
,3,"DAN HURLEY, RACE INC., INDIANAPOLIS, IN"
,4,"MATT DALLAS, BLOT OUT GRAPHICS, BEDFORD, NY"
,5,"KEN HEXIMER, GORDY'S BICYCLES, GLENDALE, AZ"
,6,"JEAN MARC DURVIAUX, FACTORY YESS, LOS ANGELES, CA"
,7,"JASIRI DAIRE, I KNOW... GATE 8 RACING, SAN JOSE, CA"
,8,"GRADY (DIRTY PANDA) STIMITS, SHREVEPORT, LA"
,,
46-50 Cruiser    Total Riders = 28    Groups = 5,,
,1,"JIM BRAMER, BLACKCROWN BMX, SOUTH PARK, PA"
,2,"SCOTT BOECKER, PRODIGY RACING, HAM LAKE, MN"
,3,"CURT ZIZZO, STRANGEMOTION/KICKER, KENOSHA, WI"
,4,"JEFF INGRAM, YESS BMX, KELOWNA, BC"
,5,"CHRIS KENNEDY, BLACKCROWN BMX, GREENWELL SPRINGS, LA"
,6,"CRAIG (MR DIBS) PRINCE, ALL STAR RACING, PONDER, TX"
,7,"BOB COOVER, BAY AREA BMXERS, ORINDA, CA"
,8,"DREW MOTLEY, FACTORY YESS, ORMAND BEACH, FL"
,,
51-55 Cruiser    Total Riders = 19    Groups = 3,,
,1,"JIM GARRETT, PATS 605 CYCLERY, DOWNEY, CA"
,2,"ALFONSO GIGANTI, SRT REDLINE  ODI GOPRO, CHESTERFIELD, MO"
,3,"BRIAN SCHULZ, STANDARD BYKE CO, KENOSHA, WI"
,4,"SCOTT (OLD SKOOL) SLOAN, RIVAL RACING AMERICA, COPPELL, TX"
,5,"BEN TROIA, MOTIVE POWER FLY TANGENT, AUBURN, CA"
,6,"ROB MCALLISTER, FACTORY YESS, CHATTANOOGA, TN"
,7,"JESUS FELIX, ELITE BICYCLES, BRAWLEY, CA"
,8,"ROBERT RAYMONDE, REAPER, RIVERSIDE, CA"
,,
56-60 Cruiser    Total Riders = 9    Groups = 2,,
,1,"GREG(JS7) TURNAGE, NORTHWESTBMX REDLINE BOX, BEAVERTON, OR"
,2,"JAMES HARRIS, ELITE BICYCLES, ORANGEVALE, CA"
,3,"JAMES RUSSELL, ALL STAR RACING, HURST, TX"
,4,"JOHN GEORGES, 505, ALBUQUERQUE, NM"
,5,"TERRY TREW, KNUCKLE BUSTERS, APISON, TN"
,6,"ROBERT CARDOZA, FACTORY FALL RISK RACING, TUCSON, AZ"
,7,"BRIAN STRAIN, STRAIN RANCH - LIBERTY, HIGHALNDVILLE, MO"
,8,"BILL SEBESTA, FACTORY GOLD'S GYM, BUDA, TX"
,,
61 & Over Cruiser    Total Riders = 10    Groups = 2,,
,1,"DANNY (BIONIC MAN) BUSHNELL, THE BIKE MASTER, VANCOUVER, WA"
,2,"DENNIS (YOGI) YBARRA, FLINT, MI"
,3,"JAMES HOLST, QBP, MINNEAPOLIS, MN"
,4,"CHUCK (MR STYLIN') FIELDSON, STYLIN, ONEIDA, NY"
,5,"VINCE THOMAS, XTREME TEAM, GLENDALE, AZ"
,6,"JOSEPH SONTAG, RIVERSIDE, CA"
,7,"ALBERT PATTERSON, FACTORY PICKLE JUICE, DALLAS, TX"
,8,"RICH (SUSPENDER MAN) MUNDELL, THE BIKE MASTER, TACOMA, WA"
,,
5 & Under Novice    Total Riders = 31    Groups = 6,,
,1,"JACOB THEISEN, ELITE CAMP, SAINT CLOUD, MN"
,2,"BLAKE MILLER, MAGIC BMX, WHITE LAKE, MI"
,3,"JAMES SANTILLI, BLOT OUT GRAPHICS, CHAPPAQUA, NY"
,4,"ASHTON VEACH, J&R BICYCLES/ ANSWER, OSHKOSH, WI"
,5,"TARON HOMER, FORS/SPEEDCO, REDONDO BEACH, CA"
,6,"SEQUOIA GOMOLICKE, BAY AREA BMXERS, UKIAH, CA"
,7,"JAXON BEASLEY, FIRE DRAGON/JR BICYCLES, BACONTON, GA"
,8,"PAYTON JOHNSON, RIBBON RIDERS, LAKE SAINT LOUIS, MO"
,,
6 Novice    Total Riders = 31    Groups = 6,,
,1,"WILLIAM MORRIS, PHENIX CITY, AL"
,2,"PALMER WARD, BLUEGRASS RACE TEAM, LOUISVILLE, KY"
,3,"CULLEN MEURLOT, FORSYTH, IL"
,4,"COHEN PHALEN, IMBMX, BONDURANT, IA"
,5,"WESTON PEARSON, ULTIMATE STREET WEAR, LAS VEGAS, NV"
,6,"CAMERON WARNER, KID DYNAMITE NORCAL, PIONEER, CA"
,7,"CARTER HUBLER, REMIX BMX, LANCASTER, CA"
,8,"SEBASTIAN GOMEZ, RACER ARMY, LAKE JACKSON, TX"
,,
7 Novice    Total Riders = 17    Groups = 3,,
,1,"JAYDEN LOCKE, STONEWALL, LA"
,2,"SHELDON SMITH, OMAHA, NE"
,3,"BROGAN LEWICKI, SILVER LAKE, KS"
,4,"EVERETT WHITE, LAWRENCE, KS"
,5,"ALLIE HAYES, POPPA WILLIE, KEITHVILLE, LA"
,6,"ABEL PRIMROSE, DINGMANS, ISANTI, MN"
,7,"MERISSA (THE MISSLE) BROWN, PINK LADIES BMX, SURPRISE, AZ"
,8,"RUTHAWNA COLLINS, FORSYTH, MO"
,,
8 Novice    Total Riders = 21    Groups = 4,,
,1,"TONY WOODS, MERRILLVILLE, IN"
,2,"HAYDEN MOZER, BLUEGRASS DANS COMP/GHP/ANSWER, STANTON, KY"
,3,"RYLAN MCNTYRE, STRIKER WHEELS, PFLUGERVILLE, TX"
,4,"EVAN PENNEY, FSTR., BLUE SPRINGS, MO"
,5,"RYLEE LEYBA, YOUNG GUNS, VALPARAISO, IN"
,6,"GAVIN MORALES, INSPIRATION RACING, BRYAN, TX"
,7,"TALON HOMER, FORS/SPEEDCO, REDONDO BEACH, CA"
,8,"RUBY ROBINSON, REMIX, RENO, NV"
,,
9 Novice    Total Riders = 18    Groups = 3,,
,1,"MARK GRAFFAGNINI JR, RIVER RIDGE, LA"
,2,"GAGE HILL, PLATO, MN"
,3,"KALEO CARDOSO, MADISON, WI"
,4,"KAIDEN VAN NATTA, BLUE SPRINGS, MO"
,5,"DOMINIC TOSCANO, OWINGS MILLS, MD"
,6,"KAID GODAIRE, MESA, AZ"
,7,"DANIEL CATHEY, HIGHLANDVILLE, MO"
,8,"MASON CHEEK, RENO RACING, RED OAK, TX"
,,
10 Novice    Total Riders = 17    Groups = 3,,
,1,"JAYDEN MATTHEWS, KANSAS CITY, MO"
,2,"CAMERON FINCHER, DIRT DEFENDER RACING, RED OAK, TX"
,3,"AMY OLSON, SYNERGY BMX RACING, ZIMMERMAN, MN"
,4,"BROOKE NOLTA, THORNTON, CO"
,5,"ELIJAH PABON, RACER ARMY, DEFOREST, WI"
,6,"ELI HILLHOUSE, KID DYNAMITE, HAYSVILLE, KS"
,7,"JACK SMOCK, RACER ARMY, VALLEY, NE"
,8,"BRANDON HASHIGUCHI, BIKE CONNECTION, HOFFMAN ESTATES, IL"
,,
11 Novice    Total Riders = 17    Groups = 3,,
,1,"NICO SEALY, SPEEDSTERZ, CALIMESA, CA"
,2,"CALLIE WILLIAMS, EASTVALE, CA"
,3,"KOHL HILLHOUSE, KID DYNAMITE, HAYSVILLE, KS"
,4,"EVAN GEISLER, HOSTILE/SSQUARED/ANSWER, MAGNOLIA, TX"
,5,"MATTHEW WILSON, TULSA, OK"
,6,"BROOKLYN BOSQUEZ, INSPIRATION RACING, BELTON, TX"
,7,"RIVER DOUGLAS, CAVEMAN RACING, TULSA, OK"
,8,"BRANDON RODRIGUEZ, IRONMAN BMX, SURPRISE, AZ"
,,
12 Novice    Total Riders = 11    Groups = 2,,
,1,"KENNY OLSON, SYNERGY BMX RACING, ZIMMERMAN, MN"
,2,"TY MITCHELL, PRATTVILLE, AL"
,3,"DOUG KISNER, BIKE STOP, BLUE SPRINGS, MO"
,4,"ELLA FIELDS, SYNERGY, EAST BETHEL, MN"
,5,"NOLAN BROWN, BOWERSVILLE, OH"
,6,"ANDREW HARRISON, ZOMBIELAND, SPARTANBURG, SC"
,7,"HANNAH MOZER, BLUEGRASS DANS COMP/GHP/ANSWER, STANTON, KY"
,8,"CARLEY CRANE, A&E, TRENTON, OH"
,,
13 Novice    Total Riders = 10    Groups = 2,,
,1,"CHARLIE HAMMOND, STOUGHTON, WI"
,2,"KANEN PETERS, NO XCUSES, WICHITA, KS"
,3,"KASON MATHEWS, QUANAH, TX"
,4,"DANIEL PALOS, THE HILL, PLANO, IL"
,5,"KAIDEN KANNADY, CRANDALL, TX"
,6,"CONNOR SCATENA, SCP INC, HOLLISTER, CA"
,7,"DYLAN CORLESS, SPARTA, MO"
,8,"JUSTIN MURPHY, G2 RACING, CLAREMONT, CA"
,,
14 Novice    Total Riders = 5    Groups = 1,,
,1,"ADAM KENNEDY, SYNERGY, HUGO, MN"
,2,"HEIDI MOZER, BLUEGRASS DANS COMP/GHP/ANSWER, STANTON, KY"
,3,"SAVANNAH SMITH, INTERNATIONAL BMX MINIST, GULFPORT, MS"
,4,"COLT GARONZIK, ROCKWALL, TX"
,,
15 Novice    Total Riders = 4    Groups = 1,,
,1,"BEN TOLIVER, WAXAHACHIE, TX"
,2,"KYLE HABY, HOSTILE BMX, SAN ANTONIO, TX"
,3,"THOMAS TAYLOR, TENA CONSTRUCTION, COTTONWOOD HEIGHTS, UT"
,,
17-18 Novice    Total Riders = 4    Groups = 1,,
,1,"KYLE MULVANY, DINGMANS, ELK RIVER, MN"
,2,"REBECCA THULL, NO XCUSES, BISMARCK, ND"
,3,"ZOIE WOODS, FTW BMX BIKE SHOP, FT WORTH, TX"
,,
28-35 Novice    Total Riders = 9    Groups = 2,,
,1,"PATRICK MCBURNEY, THUNDERBEACH, LINCOLN, NE"
,2,"AARON WARD, BROKEN ARROW, OK"
,3,"RYAN SWANSON, WATERLOO, IA"
,4,"NATHAN GRUBB, LANDISVILLE, PA"
,5,"GALEN OLESH, FINISHLINE PRO BIKE SHOP, BRAWLEY, CA"
,6,"JOSH JORDAN, GRANT, MI"
,7,"ANDREW ELIA, MARYLAND HEIGHTS, MO"
,8,"ADAM MORALES, XS ENERGY DRINK, PAPILLION, NE"
,,
36-40 Novice    Total Riders = 13    Groups = 2,,
,1,"KELLY REIMER, LOUISVILLE, KY"
,2,"PAUL CHE, SPROCKET CYCLES, TORRANCE, CA"
,3,"MICHAEL GREGORY, HIGGINSVILLE, MO"
,4,"TOM DAVIS, ME, TUCSON, AZ"
,5,"JAY MCDONALD, MONTEVIDEO, MN"
,6,"CHAD BECKMANN, TNT BICYCLES NATIONAL, WENTZVILLE, MO"
,7,"DENNY FELD, KID DYNA MITE KANSAS, WICHITA, KS"
,8,"MICHAEL SEIMEARS, LAS VEGAS, NV"
,,
41-45 Novice    Total Riders = 15    Groups = 3,,
,1,"BRENT LEWIS, BROKEN ARROW, OK"
,2,"JASON WINCH, M.A.D RACING, LITCHFIELD, MN"
,3,"WESLEY JAMES, THE HILL BMX ELGIN, ELGIN, IL"
,4,"ADAM HEUSCHKEL, PELLA, IA"
,5,"JEREMY CURTIS, UNDERDOG RACING, LOUISVILLE, KY"
,6,"CHAD GOLABEK, SPRINGVILLE, NY"
,7,"JOHN SIMPSON, LEES SUMMIT, MO"
,8,"SONNY GOODMAN, GRAND BLANC, MI"
,,
46 & Over Novice    Total Riders = 21    Groups = 4,,
,1,"JOHN TENBOER, FLY ZONE, FULTON, IL"
,2,"AARON JAMES, WINSTON SALEM, NC"
,3,"KAREY JONES, STILLWATER, OK"
,4,"KEVIN WHITE, SMITH'S CYCLE, HARBOR CITY, CA"
,5,"GLENN HANKE, SACRAMENTO, CA"
,6,"MIKE MCINTYRE, STRIKER WHEELS, AUSTIN, TX"
,7,"CHUCK WHITLOCK, LOOKING FOR SPONSORS, UNION, KY"
,8,"KEN BRANDT, TNT BICYCLES NATIONAL, SAINT PETERS, MO"
,,
5 & Under Intermediate    Total Riders = 31    Groups = 6,,
,1,"KANE""BIG DADDY KANE"" SCHULTHEIS, FACTORY KAOS, BELLE CHASSE, LA"
,2,"MARSHALL WARNER, JJ LAWNCARE, SMITHSBURG, MD"
,3,"JONAH KNOROWSKI, X FACTORY, PHOENIX, AZ"
,4,"JAGGER SEIMEARS, LAS VEGAS, NV"
,5,"BRADEN THOMPSON, SALPULPA, OK"
,6,"AUSTIN(SPEEDBUMP)STIVISON-MILLER, RIDE CO BIKE SHOP, COLORADO SPRINGS, CO"
,7,"CALEB SCHEFFE, ENDURANCEHOUSE BMX, BURKBURNETT, TX"
,8,"JAY SMITH, PHOENIX, AZ"
,,
6 Intermediate    Total Riders = 45    Groups = 8,,
,1,"JEREMIAH CURRY, TUCSON, AZ"
,2,"CHACE GRIPPI, KID DYNAMITE NORCAL, LIVERMORE, CA"
,3,"CODY NEKVASIL, CRUPI TEAM GREEN, THORNTON, CO"
,4,"ASHER LAMBERT, ENDURANCE HOUSE, GRAPEVINE, TX"
,5,"JACOB GREENWELL, BUDDY LEE RACING, MECHANICSVILLE, MD"
,6,"PEYTON TSCHAKERT, MAD RACING, MOORHEAD, MN"
,7,"BEN WILLIS, FIRE DRAGON/JR BICYCLES, SENOIA, GA"
,8,"MASON LEASURE, WIKID RACING/J&RBICYCLES, AKRON, OH"
,,
7 Intermediate    Total Riders = 41    Groups = 7,,
,1,"ISAAC (BEAST MODE) LEUNG, MANTIS BMX RACING, SAN RAMON, CA"
,2,"NOAH RATZLAFF, PAT'S 605, LA HABRA, CA"
,3,"SIXX (6 PACK) RIVERA, DNC RACING - AV BMX, LANCASTER, CA"
,4,"JAXON COOPER, MUDSLINGERS, WAPELLA, IL"
,5,"REED NEUBAUER, RED RIVER SKI AREA, BURLESON, TX"
,6,"KOLTIN MOORE, POWERLITE/DFR, HARRISONVILLE, MO"
,7,"CARSON GARCIA, GORDY'S BICYCLES, PEORIA, AZ"
,8,"ZAIDYN ROBINSON, MOTO MILITIA, ELY, NV"
,,
8 Intermediate    Total Riders = 38    Groups = 7,,
,1,"NIKOLAS FRANZ, LAKE FOREST, CA"
,2,"NOAH PEARSON, BMX FAM, SOUTH MILWAUKEE, WI"
,3,"CHASE EDLING, OLDSMAR/SSQUARED, OLDSMAR, FL"
,4,"GRANT CAMPBELL, 505 RACING, ALBUQUERQUE, NM"
,5,"FINN BARNEY, GRAND RAPIDS, MI"
,6,"GREYSON WISE, PLEASANT HILL, MO"
,7,"RYLAN BERLINQUETTE, FACTORY THUNDERBEACH, THUNDER BAY, ON"
,8,"PATRIC ROSSANO, M&M RACING, SARASOTA, FL"
,,
9 Intermediate    Total Riders = 41    Groups = 7,,
,1,"FRANK GUERRERO, DAD AND MOM, VICTORVILLE, CA"
,2,"MARKUS LOVE, PBA DESIGNS, SUNNYVALE, CA"
,3,"TUCKER ROBERTSON, LITCHFIELD, MN"
,4,"WYATT WARNO, KID DYNAMITE MN, ISANTI, MN"
,5,"JAMESON CLARKSON, SYNERGY BMX, ST FRANCIS, MN"
,6,"RYAN LUCAS, SOUND BARRIER, SHARPSBURG, GA"
,7,"DARRIN (D ROCK)HERMAN, FLY ZONE BMX , FEDERATED, PLAINFIELD, IL"
,8,"JAMES WELCH, GERMANTOWN, TN"
,,
10 Intermediate    Total Riders = 51    Groups = 9,,
,1,"MICHAEL HARRIS, ZIMMERMAN, MN"
,2,"ANDREW COSE, BAY AREA BMXERS, MODESTO, CA"
,3,"LUKAS FRANZ, LAKE FOREST, CA"
,4,"ODIN TURNER, BP BMX, CEDAR CREEK, TX"
,5,"MICCAH COLLINS, FORSYTH, MO"
,6,"DEGAN MCCREA, BAD ACE GRASSROOTS, LITTLETON, CO"
,7,"CLARK DAVIS, STYLIN, CLEMENTON, NJ"
,8,"ETHAN ELDER, OLATHE, KS"
,,
11 Intermediate    Total Riders = 44    Groups = 8,,
,1,"ISAAC MORROW, MESQUITE, TX"
,2,"BRENT BURROUGHS, FORS RACING, LA MIRADA, CA"
,3,"LUCAS LACKEY, STRIKER WHEELS, PFLUGERVILLE, TX"
,4,"BRODY READ, RME, CASTLE ROCK, CO"
,5,"OWEN KIMBROUGH, DIRT FACTORY, CARPENTERSVILLE, IL"
,6,"PHILIP SHERIDAN, NORWICH, NY"
,7,"KAIDEN KACALEK, MOUNDS VIEW, MN"
,8,"NOAH HIDLEY, SPRING HILL, TN"
,,
12 Intermediate    Total Riders = 33    Groups = 6,,
,1,"HARRISON HULBERT, WARBUCK$ RACING, ANGOLA, IN"
,2,"STEVEN BINA, DINGMANS, ISANTI, MN"
,3,"JOHNNY BERIOU, SYNERGY BMX RACING TEAM, HUGO, MN"
,4,"VANESSA HARNDEN, G2 BMX, NORCO, CA"
,5,"JORDAN SCHMIDT, CARS AND BIKE SHOP, MANKATO, MN"
,6,"TI (TITANIUM) JORDAN, FREEWHEELER BIKE SHOP, GRANT, MI"
,7,"CONNOR PERRYE, LINE-X, CONNEAUTVILLE, PA"
,8,"COLE THOMAS, DIRT FACTORY, ROCKFORD, IL"
,,
13 Intermediate    Total Riders = 24    Groups = 4,,
,1,"AUSTIN FAGER, ON 2 WHEELS, TOPEKA, KS"
,2,"DRACO PERRY, JUST4POOLS, LEAGUE CITY, TX"
,3,"ANTHONY HIXON, M&M, TAMPA, FL"
,4,"JASON CLARKE, STITTSVILLE, ON"
,5,"JOHN JONES, MOUNDS VIEW, MN"
,6,"MASON LABREC, RHYTHM RACING, APPLETON, WI"
,7,"NOAH HAYNES, SUFFOLK, VA"
,8,"MARCUS CLINE, OAK GROVE, MO"
,,
14 Intermediate    Total Riders = 31    Groups = 6,,
,1,"CARTER POWELL, ELITE RACING, DOTHAN, AL"
,2,"WILL JOHNSON, PENDLETON, IN"
,3,"SETH PETERSEN, 2 CYCLE MICHAEL'S, WICHITA, KS"
,4,"ALEX WARD, DAVISON, MI"
,5,"CHRISTOPHER SHIDELER, HESPERIA BMX / GHP, APPLE VALLEY, CA"
,6,"DANIEL VALDEZ, ALGUQUERQUE, NM"
,7,"GEON NIELSEN, PUSHER BMX, PARKER, CO"
,8,"NICHOLAS MARSH, PBA DESIGNS, NEWARK, CA"
,,
15 Intermediate    Total Riders = 18    Groups = 3,,
,1,"KYLER BRYANT, HOSTILE, BEAUMONT, TX"
,2,"CALEB QUILES, NAPLES, FL"
,3,"ANDREW ""CHUCKY"" GARCIA, LAS VEGAS, NV"
,4,"HAYDEN TULLY, MINT PRINT MEDIA, HESPERIA, CA"
,5,"LANDON HOOVER, ELITE RACING, FT BRANCH, IN"
,6,"BODIE ANDERSON, GOLD COAST CYCLE SUPPLY, CLAREMORE, OK"
,7,"BRYCE JACKSON, SUPER SQUIRREL, CANTON, MS"
,8,"DAMIEN GREENWOOD, MEGADIRT/TNT BICYCLES, NEKOOSA, WI"
,,
16 Intermediate    Total Riders = 21    Groups = 4,,
,1,"AUSTIN AZCANO, STR, LAKE WORTH, FL"
,2,"PARKER JENKINS, DAD, MOM, STEVE, STACY, EL MIRAGE, AZ"
,3,"SEBASTIAN (Z MAN) SCHLOFFEL, BAY AREA BMXERS, SAN LEANDRO, CA"
,4,"BRAD GOODFRIEND, REDDING, CA"
,5,"TAYTON CAMPBELL, LITTLETON, CO"
,6,"AUSTIN DIXON, MUDDY CUSTOMS, BRANDON, MS"
,7,"RILEY HAGAR, OKLAHOMA BOTHERHOOD, TULSA, OK"
,8,"HAEDAN HILL, OKLAHOMA CITY, OK"
,,
17-18 Intermediate    Total Riders = 12    Groups = 2,,
,1,"ISAAC PACKARD, VENOM RACING, DERBY, KS"
,2,"JACOB CAVOTE, BLUEGRASS DANS COMP/GHP/ANSWER, SHEPHERDSVILLE, KY"
,3,"JARRETT KENT, THUNDERBEACH, GARLAND, TX"
,4,"CODY REAVES, RENO RACING, MIDLOTHIAN, TX"
,5,"LOGAN PAGANO, PHANTOM DEVELOPMENT, VIRGINIA BEACH, VA"
,6,"BRADLEE OESTREICH, SYNERGY, LITCHFIELD, MN"
,7,"BRYCE SPRAGUE, HARLEY RACING, CARTHAGE, MO"
,8,"ALEXANDRE THOMAS, LEATT,VEE TIRE, ODI GRIP, TUCSON, AZ"
,,
19-27 Intermediate    Total Riders = 12    Groups = 2,,
,1,"VINCENT GORDON, CAMSTONE/SKITZO KITTY, PALM DESERT, CA"
,2,"DEVIN ESKRIDGE, BMX MINISTRIES, LOUISVILLE, KY"
,3,"PAUL HERISSET, ALBE'S, GROSSE ILE, MI"
,4,"JOSEPH REDMAN, TACKLE BOX RACING, CLARKSVILLE, TN"
,5,"BODHI PANGLE, WICHITA, KS"
,6,"JARON HOPKINS, TEAM BABBO, DALLAS, TX"
,7,"KYLE MATHIAS, KIDDYNAMITE KANSAS, TOWANDA, KS"
,8,"JOSHUA PETO, ROSELLE, IL"
,,
28-35 Intermediate    Total Riders = 19    Groups = 3,,
,1,"RONNIE RENAUD, LANDSTAR RACING, BLANCHARD, OK"
,2,"RIGOBERTO SOLANO, ELITE BICYCLES, CITRUS HEIGHTS, CA"
,3,"JARED STOKES, ZOMBIELAND, CHESNEE, SC"
,4,"TERRY LAMBERT II, YESS OHIO, WADSWORTH, OH"
,5,"PHILLIP TRUJILLO, BOXCAR CROSSFIT, ROSEVILLE, CA"
,6,"TRAVIS ALLEN, PUSHER BMX, HIGHLANDS RANCH, CO"
,7,"JORDAN SMITH, MAD CYCLES, CHARLOTTE, NC"
,8,"KEITH KEENER, TWO-CYCLE MICHAELS, TOWANDA, KS"
,,
36-40 Intermediate    Total Riders = 17    Groups = 3,,
,1,"NICK MARSH, PBA, NEWARK, CA"
,2,"WAYNE HARDMAN, POWER FX, NORTH FORT MYERS, FL"
,3,"LUCAS RALEY, ELITE BICYCLES, FOLSOM, CA"
,4,"EVERETT STEWART, FREEWHEELER BIKE SHOP, GREENVILLE, MI"
,5,"CHRIS BROUGHTON, RAD DUDES, SMYRNA, GA"
,6,"JOE (DIRTE) PINGITORE, AZ BICYCLE WERX/FALL RISK RACING, PEORIA, AZ"
,7,"CHRISTOPHER MILLER, GILBERT, AZ"
,8,"BRIAN HOPPE, FACTORY FULL TILT, MANKATO, MN"
,,
41-45 Intermediate    Total Riders = 24    Groups = 4,,
,1,"JEFF MOZER, BLUEGRASS DANS COMP/GHP/ANSWER, STANTON, KY"
,2,"NATE PEARSON, ULTIMATE STREET WEAR, LAS VEGAS, NV"
,3,"JOHN SCHAFFITZEL, OKLAHOMA BROTHERHOOD, CLAREMORE, OK"
,4,"NEIL JOHNSON, RIBBON RIDERS, LAKE SAINT LOUIS, MO"
,5,"GLENN MCKINNEY, PASADENA, MD"
,6,"SEAN(SKIDROW) ROWE, HOLE SHOT BLACK CROWN, CLARKSBURG, MD"
,7,"DAN WENISCH, VENOM RACING, HENDERSON, MN"
,8,"BEN ZMUDA, BAREHNDZ RACING, NASHVILLE, TN"
,,
46 & Over Intermediate    Total Riders = 32    Groups = 6,,
,1,"DONOVAN MILLER, BOMBSHELL, AUSTIN, TX"
,2,"MIKE WERNER, BIKE FOR THE LIKES OF US, KANSAS CITY, KS"
,3,"BRANDON CONNER, M.A.D. RACING, GOODYEAR, AZ"
,4,"CHARLES LASTRAPES, GONZALES, LA"
,5,"RANDY LAWRENCE, FOX, BELL, SPLIT, ODI, MENIFEE, CA"
,6,"JEFF LONGERE, PENDELTON, IN"
,7,"BRANDON SPERLING, SPERLING, INC., HUNTERSVILLE, NC"
,8,"JIM GARRETT, PATS 605 CYCLERY, DOWNEY, CA"
,,
5 & Under Girls    Total Riders = 8    Groups = 1,,
,1,"AUBREY BINEK, FULL TILT BIKE CO, SAUK RAPIDS, MN"
,2,"OLIVIA ALVIDREZ, SPEEDSTERZ, MORENO VALLEY, CA"
,3,"CALLIE CLIFFORD, DAYLIGHT CYCLES, HURRICANE, UT"
,4,"HARPER VESCUSO, AXIS RACING, RIO RANCHO, NM"
,5,"ALEXANDRIA PASOWICZ, VELOCITY BIKE CO., LA VERNE, CA"
,6,"JETT FARRIS, INDEPENDENT-ALL STAR, HASLET, TX"
,7,"ZOEY BARNES, SPIN CITY, LAS VEGAS, NV"
,,
6 Girls    Total Riders = 12    Groups = 2,,
,1,"ELLIE CAREY, JR BICYCLES.COM/CHASE/BOX, GOODYEAR, AZ"
,2,"RYLEN BAYLY, RIDE CO BIKE SHOP, THORTON, CO"
,3,"ISABELLA STEVENS, MAD/NOWEAR, NEENAH, WI"
,4,"ABIGAIL STEVENS, MAD/NOWEAR, NEENAH, WI"
,5,"BROOKE WALSKI, #TEAMNOTEAM, BAKERSFIELD, CA"
,6,"JENNAVECIA KLEMZ, KDM MN, BRAHAM, MN"
,7,"KENNEDY HOFFSCHNEIDER, FACTORY AVENT BOMBSHELL, FLORENCE, AZ"
,8,"DANICA APPENZELLER, ALBUQUERQUE, NM"
,,
7 Girls    Total Riders = 16    Groups = 3,,
,1,"PIPER GRAATEN, FACTORY RIFT CANADA, LANTZVILLE, BC"
,2,"CALLIE VOIGT, FULL TILT BIKE CO, ST CLOUD, MN"
,3,"REESE GLEESING, THRODWN, MUSKEGO, WI"
,4,"RILIE GLEESING, THRODWN, MUSKEGO, WI"
,5,"KAYLIN SUN, FACTORY ALPHA, CHULA VISTA, CA"
,6,"CRYSTAL TURNER, BP BMX, CEDAR CREEK, TX"
,7,"ISABELLA LEIJA, JET RACING, FERNLEY, NV"
,8,"CHARLOTTE HECKENDORF, FACTORY STAATS/ELITECAMP, MONTICELLO, MN"
,,
8 Girls    Total Riders = 23    Groups = 4,,
,1,"KRISTA (THE TIDAL WAVE) HOPKINS, CLOVIS, CA"
,2,"TAYLOR RUNGAITIS, HARO/PROMAX, SIMI VALLEY, CA"
,3,"MIA (THE MENACE) DOWNES, JR BICYCLES.COM/CHASE/BOX, ALPINE, CA"
,4,"TALIA LAMBERT, ENDURANCE HOUSE, GRAPEVINE, TX"
,5,"AVERY JONES, POWER FX BMX, CAPE CORAL, FL"
,6,"ZOE (THE Z) DANNENBERG, FACTORY THRODWN, NICHOLASVILLE, KY"
,7,"KATE CLARRIDGE, GATENINE DESIGNS, MARYSVILLE, OH"
,8,"MIA CUSTER, KID DYNAMITE FACTORY, BRIDGETON, NJ"
,,
9 Girls    Total Riders = 21    Groups = 4,,
,1,"LOLA JONJEVIC, DFR/POWERLITE, KANSAS CITY, MO"
,2,"GABRIELLA PAVONE, FACTORY KAOS, METAIRIE, LA"
,3,"BREEANNE VAUGHAN, FACTORY BOMBSHELL/AVENT, WALNUT, CA"
,4,"DERIN MERTEN, CISSTERS RACING, JAMUL, CA"
,5,"KAYLIE PRIOR, RACEFAST BMX, BAKERSFIELD, CA"
,6,"BROOKLYNN MORGAN, GORDY'S BICYCLES, SURPRISE, AZ"
,7,"MARLIE RIETSCHEL, ADVENTURE, BROOKLYN PARK, MN"
,8,"ELISA CONTRERAS, ELITE BICYCLES, ALBUQUERQUE, NM"
,,
10 Girls    Total Riders = 27    Groups = 5,,
,1,"DANICA ANDERSON, LANCASTER, CA"
,2,"BROOKLYN (SUPER B) VAN RENSELAAR, FACTORY GT, W JORDAN, UT"
,3,"AVERY CHARTRAND, HARO/PROMAX, ISANTI, MN"
,4,"HANNAH(HURRICANE)LEAKEY, FACTORY BOMBSHELL/AVENT, PHOENIX, AZ"
,5,"EMMA PEACOCK, C-YAA FACTORY, HOLLY SPRINGS, NC"
,6,"MADISON (MAD DOG) VOIGT, FULL TILT BIKE CO, ST CLOUD, MN"
,7,"CAILEY (PITA POWER) PITA, ALPHA, SANTA MARIA, CA"
,8,"SOPHIA JOHNSON, VENOM RACING, ISANTI, MN"
,,
11 Girls    Total Riders = 26    Groups = 5,,
,1,"JORDYN MIRANDA, DAYLIGHT CYCLES, MOHAVE VALLEY, AZ"
,2,"GIANNA DAVILA, FULL TILT BIKE CO, MURRIETA, CA"
,3,"STELLA (SLING SHOT) SUNSERI, BAY AREA BMXERS, SAN JOSE, CA"
,4,"DESERAE (RAH RAH) ROMERO, FACTORY RIFT/TANGENT, VICTORVILLE, CA"
,5,"SYDNEY GARONZIK, DAYLIGHT CYCLES, LAKE TAPPS, WA"
,6,"KEILEY ""SUGAR COOKIE"" SHEA, 316 RACING, LA HABRA, CA"
,7,"JORDIS HARMER, MISFITS, SPOKANE, WA"
,8,"JENA (HOLESHOT)  VONHOLZEN, FACTORY THUNDERBEACH, OSHKOSH, WI"
,,
12 Girls    Total Riders = 18    Groups = 3,,
,1,"MAZEY KNOX, ALLTOW WRECKING CREW/YESS, BELVIDERE, IL"
,2,"BREANNA (MONSTER B) WINTER, FACTORY RIFT/TANGENT, ANTELOPE, CA"
,3,"ALEXANDRA HILL, ADVENTURE, SAUK RAPIDS, MN"
,4,"ANNABELLA HAMMONDS, SUPERCROSSBMX.COM, APPLE VALLEY, CA"
,5,"SAMANTHA OGBORN, COB/FINDLAY BULLHEAD, KINGMAN, AZ"
,6,"KEIRA MURPHY, FACTORY YESS, NANAIMO, BC"
,7,"MIA GIGLIUTO, NORTHEAST FACTORY, CLINTONDALE, NY"
,8,"GRACE YOUNG, SPEEDPEDDLERS, ST PETERS, MO"
,,
13 Girls    Total Riders = 20    Groups = 4,,
,1,"TEIGEN PASCUAL, FACTORY RIFT CANADA, GARIBALDI HIGHLANDS, BC"
,2,"BROOKE CRAFT, HARO/PROMAX, LAKESIDE, CA"
,3,"CASSIDY WARNOCK, FACTORY FALL RISK RACING, YUMA, AZ"
,4,"RILEE MILLER, FACTORY FREE AGENT-BOX, PITTSBURGH, PA"
,5,"AMANDA TAYLOR, PROFILE, SARASOTA, FL"
,6,"TARA KLEIN, FACTORY LDC, APACHE JUNCTION, AZ"
,7,"PIPER YOCKELSON, RIDE LIKE A GIRL/DANS COMP, MOUNT AIRY, MD"
,8,"ROBYN SCHENK, GARIBALDI HIGHLANDS, BC"
,,
14 Girls    Total Riders = 23    Groups = 4,,
,1,"MADELYNN DESANTIS, HARO/PROMAX, SIMI VALLEY, CA"
,2,"LEYNA JONES, ANSWER/RENNEN, OXNARD, CA"
,3,"MOLLY SIMPSON, FACTORY DAYLIGHT CYCLES, RED DEER, AB"
,4,"VIOLET CEJALVO, FACTORY YESS, SURREY, BC"
,5,"PAIGE (THE BLAZE)  ZACHARY, CHAPARRAL, NM"
,6,"ALEXIS LEIJA, JET RACING, FERNLEY, NV"
,7,"GRACE PADILLA, BAY AREA BMXERS, BUELLTON, CA"
,8,"JACELYN RENO, RENO RACING, ARLINGTON, TX"
,,
15-16 Girls    Total Riders = 33    Groups = 6,,
,1,"PAYTON RIDENOUR, US JUNIOR DEVO, POTTSTOWN, PA"
,2,"BAILEY BRANNEN, ANSWER/RENNEN, DUNEDIN, FL"
,3,"NATALEE DAUGHERTY, FACTORY FREE AGENT-BOX, PLANO, TX"
,4,"ASHLEY HAYES, RIDE CO BIKE SHOP, COLORADO SPRINGS, CO"
,5,"STEPHANI MORIN, THRODWN, BEACH PARK, IL"
,6,"CARLY KANE, DK BICYCLES, GUILFORD, IN"
,7,"MCKENZIE (SKITTLES) GAYHEART, THRODWN, FORT WHITE, FL"
,8,"IMAGIN NELSON, CRISP BROS RACING, ROCKFORD, IL"
,,
17-20 Women    Total Riders = 25    Groups = 5,,
,1,"OLIVIA ARMSTRONG, FULL TILT BIKE CO, BEND, OR"
,2,"KORIE GILBERT, DOUBLECROSS, PEARLAND, TX"
,3,"MARIA WILLSEY, GOODYEAR, AZ"
,4,"JOSLYNN LAROCK, VENOM RACING, CAMBRIDGE, MN"
,5,"LEXIE ALEJANDRE, FACTORY FALL RISK RACING, GLENDALE, AZ"
,6,"DENA DAWSON, FACTORY YESS, BRADENTON, FL"
,7,"JENA SAGENDORF, FACTORY FALL RISK RACING, PHOENIX, AZ"
,8,"KAELI LIXANDRU, JR BICYCLES.COM/CHASE/BOX, PHOENIX, AZ"
,,
21-30 Women    Total Riders = 15    Groups = 3,,
,1,"COURTNEY TOMEI, REAPER, MORENO VALLEY, CA"
,2,"MEGHAN MATTHEWS, EXTREME TEAM, MANTECA, CA"
,3,"HEATHER MUNIVE, FACTORY DK BICYCLES, ALPINE, CA"
,4,"ASHLEE HILL PETTINELLI, BLOT OUT GRAPHICS, SLINGERLANDS, NY"
,5,"ERIN MOORE, LANDSTAR RACING, FAYETTEVILLE, AR"
,6,"KAITLYN WHITE, NORCAL BMX/FLY, YUBA CITY, CA"
,7,"EMILY MUNDAHL, STAATS, BISMARCK, ND"
,8,"DOMONIQUE (HOLLYWOOD) SMITH, SE RACING, ALBUQUERQUE, NM"
,,
31-40 Women    Total Riders = 4    Groups = 1,,
,1,"CARLEY YOUNG, RIDE LIKE A GIRL/DANS COMP, PITTSBURGH, PA"
,2,"ANDREA LIBICH, LAPORTE, IN"
,3,"RACHAEL BLACKWELL, FULL TILT BIKE CO, GILBERT, AZ"
,,
41 & Over Women    Total Riders = 7    Groups = 1,,
,1,"LAURIE HARDING, FACTORY YESS, SURREY, BC"
,2,"SHEILA KAUPPI, ADVENTURE, EAST BETHEL, MN"
,3,"MARJORIE KAMINSKI, STYLIN, EDEN, NY"
,4,"BECKY MOHR, LAKE HAVASU CITY, AZ"
,5,"MIA RITTENHOUSE, HAVOC BIKES, DAYTON, OH"
,6,"CAROL TURNER, BIKEPARTS.COM, MORRISON, CO"
,,
5 & Under Expert    Total Riders = 5    Groups = 1,,
,1,"CHASE HARRISON, FACTORY MONGOOSE/ SHIFTY, GILROY, CA"
,2,"DIESEL MUMMA, NORCAL BMX, FLY, TANGENT, ROSEVILLE, CA"
,3,"GIOVANNI CHRISTIANSEN, BC BMX, MOAPA, NV"
,4,"ANDREW PROBERT, CYCLETHERAPY, WINSTON SALEM, NC"
,,
6 Expert    Total Riders = 30    Groups = 5,,
,1,"NATHAN WALKER, BMX SHARKS, VICTORVILLE, CA"
,2,"RYO BOISVERT, RACE INC., NORTH YORK, ON"
,3,"COHEN JAMES, FACTOTY FAST FORWARD, BAKERSFIELD, CA"
,4,"HENRY LENERS, VENOM RACING, SAINT FRANCIS, MN"
,5,"DYLAN ""DD"" BAUMANN, ALLTOW WRECKING CREW/YESS, WOODLAND PARK, NJ"
,6,"LIAM HOLT, RIDE CO BIKE SHOP, TIMNATH, CO"
,7,"ACE LAACK, KDM MN, RIDE MN, ROCHESTER, MN"
,8,"JOSEPH MATHER, POWERLITE/DANS COMP/DFR, OMAHA, NE"
,,
7 Expert    Total Riders = 32    Groups = 6,,
,1,"ALEXANDER BOOTH, FACTORY RIFT CANADA, VANCOUVER, BC"
,2,"HAYDEN PASSANISI, JR BICYCLES.COM/CHASE/BOX, ALPINE, CA"
,3,"ELI (LY-LY) STATON, FULL TILT BIKE CO, BELTON, MO"
,4,"MATT BADANIK, BOMBSHELL, INDIAN TRAIL, NC"
,5," DYLAN (THE VILLIAN) PATTERSON, DAYLIGHT CYCLES, TUCSON, AZ"
,6,"COLTON KIDD, EXTREME TEAM, TUCSON, AZ"
,7,"MAXIM CUNNINGHAM, KID RACING/YESS BMX, HOLLISTER, CA"
,8,"COREY TOWNLEY, FACTORY ALPHA, STOCKTON, CA"
,,
8 Expert    Total Riders = 48    Groups = 8,,
,1,"CHRIS FELKER, FACTORY RIFT/TANGENT, BRENTWOOD, CA"
,2,"GAVYN FOX, FULL TILT BIKE CO, HERRIMAN, UT"
,3,"MASON HAYES, C-YAA FACTORY, DENVER, NC"
,4,"CORY LEBARON, JR BICYCLES.COM/CHASE/BOX, NORTH LAS VEGAS, NV"
,5,"NATHAN MINSTER, FACTORY ALPHA, DUARTE, CA"
,6,"DANIEL WATERS, BMX SHARKS, VICTORVILLE, CA"
,7,"REECE GUSTAFSON, LDC, CHANDLER, AZ"
,8,"MATTEO PIGO, BLACKCROWN BMX, DALLAS, GA"
,,
9 Expert    Total Riders = 50    Groups = 9,,
,1,"KARTER MONTELLANO, ANSWER/RENNEN, RIVERSIDE, CA"
,2,"HUNTER COLE, POWERLITE-DANS COMP-DFR, PORTAGE, IN"
,3,"FRANKIE STUBBS, GORDY'S BICYCLES, PHOENIX, AZ"
,4,"JACK HARRISON, HARVEST SNAPS RACING, GILBERT, AZ"
,5,"RYDER LAWRENCE, HYPER, BOX, FOX, BELL, MENIFEE, CA"
,6,"DYLLON REEDER, AVENT/BOMBSHELL, WILDOMAR, CA"
,7,"GAIGE GOMOLICKE, BAY AREA BMXERS, UKIAH, CA"
,8,"ACEN MAIRANI, JET RACING, CAMERON PARK, CA"
,,
10 Expert    Total Riders = 52    Groups = 9,,
,1,"MARSHALL (MAJOR) GEHRKE, ANSWER/RENNEN, ANTIOCH, IL"
,2,"SEAN DAY, DOUBLECROSS, TACOMA, WA"
,3,"COLE FREDERICK, FULL TILT BIKE CO, NEW ULM, MN"
,4,"OLIVER JACKSON, DAYLIGHT CYCLES, CALGARY, AB"
,5,"JOSHUA WHITE, FACTORY CRUPI/REMAX, KINGMAN, AZ"
,6,"CONNOR EATON, HARO/PROMAX, VALENCIA, CA"
,7,"RYDER SANTOS, PURE AVIAN FACTORY USA, LINCOLN, CA"
,8,"CHARLIE GOLWYN, PROFILE, CUMMING, GA"
,,
11 Expert    Total Riders = 62    Groups = 11,,
,1,"RONNIE KIM, FULL TILT BIKE CO, CORONA, CA"
,2,"GAVIN STAZETSKI, THRODWN, CHARLEROI, PA"
,3,"NATHAN KITCHEN, FACTORYFREE AGENT BOX, BAKERSFIELD, CA"
,4,"DRAKE (THE DIESEL) VELADOR, FACTORY YESS, HOLLISTER, CA"
,5,"KODY KOLSHINSKI, ANSWER/RENNEN, REDDING, CA"
,6,"ANDREW TREJO, BAY AREA BMXERS, LANCASTER, CA"
,7,"TEAGAN O'NEAL, RIDE CO BIKE SHOP, COLORADO SPRINGS, CO"
,8,"NOLAN COLBORN, THRODWN, JANESVILLE, WI"
,,
12 Expert    Total Riders = 59    Groups = 10,,
,1,"JACOB TRUJILLO, HARO/PROMAX, LAS VEGAS, NV"
,2,"ALEX MIRAMONTES, SE RACING, WESTMINSTER, CA"
,3,"JAYCE BARTLEY, FACTORY YESS, MILWAUKIE, OR"
,4,"BLAISE PEREIRA, FACTORY FREE AGENT-BOX, MARRERO, LA"
,5,"CHANDLER GUNDERSON, FACTORY LDC, CHANDLER, AZ"
,6,"GAGE BROWN, UPRIGHT/MWS, BEND, OR"
,7,"JOSHUA TRERISE, BLACK BOX/RIFT/FLY, SHERWOOD, OR"
,8,"NOAH MIGUEL, JR BICYCLES.COM/CHASE/BOX, EL PASO, TX"
,,
13 Expert    Total Riders = 68    Groups = 12,,
,1,"BRANDON (BIRDMAN) CRAIN, ANSWER/RENNEN, RIVERSIDE, CA"
,2,"COLE ZUFELT, C-YAA FACTORY, TRENTON, ON"
,3,"ANGEL MONTOYA, JR BICYCLES.COM/CHASE/BOX, LAS VEGAS, NV"
,4,"GRANT GERKE, FACTORY THUNDERBEACH, LA CROSSE, WI"
,5,"EVAN (SKITTLES) ENSERRO, FACTORY KUWAHARA, CHICO, CA"
,6,"TYLER KNIGHT, LAKESIDE, CA"
,7,"CEASAR FLORES, KID RACING/YESS BMX, ATWATER, CA"
,8,"CHASE GUNDERSON, FACTORY LDC, CHANDLER, AZ"
,,
14 Expert    Total Riders = 67    Groups = 12,,
,1,"GAVIN FREEWALT, HARO/PROMAX, SCHAUMBURG, IL"
,2,"KIEGEN(BAM BAM)PERLBERG, FULL TILT BIKE CO, ST CLOUD, MN"
,3,"CURTIS KREY, DAYLIGHT CYCLE, ETOBICOKE, ON"
,4,"DYLAN WOOD, THRODWN, HOUSTON, TX"
,5,"NICHOLAS ADAMS, FACTORY RIFT/TANGENT, ORANGEVALE, CA"
,6,"JACK (CANNONBALL) KELLY, FULL TILT BIKE CO, KEARNS, UT"
,7,"BRYCE HOMAN, FULL TILT BIKE CO, GLENCOE, MN"
,8,"LEO HILE, HARO/PROMAX, PHOENIX, AZ"
,,
15 Expert    Total Riders = 52    Groups = 9,,
,1,"SPENCER (COLE TRAIN) COLE, DK BIKES, PALM HARBOR, FL"
,2,"CAMRON MASON, ANSWER/RENNEN, HUNTERSVILLE, NC"
,3,"JOEL WILLIAMS, JR BICYCLES.COM/CHASE/BOX, SAN DIEGO, CA"
,4,"BRAYDEN (THE BULLET) KEMPEL, ADVENTURE, RAMSEY, MN"
,5,"CAMERON WOOD, EXTREME TEAM, BOZEMAN, MT"
,6,"JAMES PLUMMER, EDINA, MN"
,7,"RAYNE LANKFORD, FACTORY GOLD'S GYM, HOUSTON, TX"
,8,"JULIAN FREED, C-YAA NATIONAL/BBI, SAGAMORE BEACH, MA"
,,
16 Expert    Total Riders = 51    Groups = 9,,
,1,"ZACHARY FRIER, DOUBLECROSS CANADA, ABBOTSFORD, BC"
,2,"DAHVIN CHILDS, JR BICYCLES.COM/CHASE/BOX, CASTAIC, CA"
,3,"NOAH RAMOS, US JUNIOR DEVO, MEADOW VISTA, CA"
,4,"TREVVOR KOTRBA, MAGIC BMX, DORR, MI"
,5,"EVAN (BIG MAC) SINCHAK, C-YAA FACTORY, SEVERN, MD"
,6,"ARAM (THE DIESEL) SCHWINN, HOSTILE/SSQUARED/ANSWER, MAGNOLIA, TX"
,7,"WYATT SMITH, PEDAL 2 THE METTLE, CENTENNIAL, CO"
,8,"JOSEPH LETO, ALLTOW WRECKING CREW/YESS, MYAKKA CITY, FL"
,,
17-18 Expert    Total Riders = 48    Groups = 8,,
,1,"KAMREN LARSEN, US JUNIOR DEVO, BAKERSFIELD, CA"
,2,"KENDAL (GOKU) WONG, ALLTOW WRECKING CREW/YESS, BRADENTON, FL"
,3,"RACE LEE, FULL TILT BIKE CO, DERBY, KS"
,4,"BRADY KINCHELOE, FACTORY POWERS BIKE SHOP, YORK, SC"
,5,"RICHIE DEY, PROFILE, DEERFIELD BEACH, FL"
,6,"LOUIS KAMINSKI, TNT BICYCLES, EDEN, NY"
,7,"NICKOLAS (NICK THE BRICK) ELLIOTT, NEXT GENERATION, GRANITE BAY, CA"
,8,"ALEX ANTIL, FACTORY FREE AGENT-BOX, SAINT MICHAEL, MN"
,,
19-27 Expert    Total Riders = 34    Groups = 6,,
,1,"TAYLOR RIEDEMANN, HARO/PROMAX, CAMBRIDGE, MN"
,2,"RYAN ZINZOW, THRODWN, ELKHORN, WI"
,3,"JUSTIN KNAPPER, ANSWER/RENNEN, POTTSTOWN, PA"
,4,"JONNIE VANCE, BALTIMORE, MD"
,5,"SHANE (DA MONSTER) HARLOW, ELITE BICYCLES, MORENO VALLEY, CA"
,6,"DUSTIN HAMMOND, ANSWER/RENNEN, COLUMBIA, KY"
,7,"ALEC NESBITT, FACTORY FALL RISK RACING, PHOENIX, AZ"
,8,"LUKE ROARTY, HYPER BICYCLES, CLARKSVILLE, MD"
,,
28-35 Expert    Total Riders = 25    Groups = 5,,
,1,"MATT WILCOX, THRODWN, KENNESAW, GA"
,2,"BROCK ARNDT, FULL TILT BIKE CO, SANTA CLARITA, CA"
,3,"MIGUEL CASTRO, MIAMI, FL"
,4,"GILBERT CONTRERAS, ELITE BICYCLES, ALBUQUERQUE, NM"
,5,"CHRISTIAN RICKS, FULL TILT BIKE CO, BAKERSFIELD, CA"
,6,"CHRIS SUTTON, FACTORY FALL RISK RACING, GLENDALE, AZ"
,7,"BRADEN ROMER, GREENSBORO, NC"
,8,"ANDY ERICKSON, CULTCREW, TUCSON, AZ"
,,
36-40 Expert    Total Riders = 22    Groups = 4,,
,1,"LANCE MCGUIRE, C-YAA FACTORY, PARKER, CO"
,2,"ROBERT TAYLOR, LANDSTAR RACING, BAYTOWN, TX"
,3,"CID MARTINEZ, PURE/SINZ CANADA, VICTORIA, BC"
,4,"JUSTIN BRUNNER, STAATS/ELITE CAMP, WINDSOR, CO"
,5,"GABE NYENHUIS, SAINT CHARLES, IL"
,6,"GEORGE ANDREWS, POWERLITE, ROCKFORD, IL"
,7,"TOMMY MCCOLLISTER, JESUS, EUREKA, CA"
,8,"ADAM (NINJA) WELTER, FULL TILT BIKE CO, EAGAN, MN"
,,
41-45 Expert    Total Riders = 25    Groups = 5,,
,1,"CHAD STREET, HARO/PROMAX, RICHLAND HILLS, TX"
,2,"JIM NELSON, FACTORY VENDETTA/ELITE, SACRAMENTO, CA"
,3,"QUENTIN NORTON, FACTORY GOLD'S GYM, WEBSTER, TX"
,4,"MATT DALLAS, BLOT OUT GRAPHICS, BEDFORD, NY"
,5,"GRADY (DIRTY PANDA) STIMITS, SHREVEPORT, LA"
,6,"KEN HEXIMER, GORDY'S BICYCLES, GLENDALE, AZ"
,7,"JOHN MILLER, MAGIC BMX, WHITE LAKE, MI"
,8,"JASIRI DAIRE, I KNOW... GATE 8 RACING, SAN JOSE, CA"
,,
46 & Over Expert    Total Riders = 30    Groups = 5,,
,1,"DREW MOTLEY, FACTORY YESS, ORMAND BEACH, FL"
,2,"CHRIS KENNEDY, BLACKCROWN BMX, GREENWELL SPRINGS, LA"
,3,"CODY SMART, STAYSTRONG/SHIFT, FRIENDSWOOD, TX"
,4,"MITCH BINGHAM, KNUCKLEBUSTERS-WIDEOPEN, CHATTANOOGA, TN"
,5,"JEFF INGRAM, YESS BMX, KELOWNA, BC"
,6,"BRYAN MURPHY, FACTORY GOLD'S GYM, MAGNOLIA, TX"
,7,"KELLY MCCOOL, BICYCLE WORLD/MERTENS, KINGMAN, AZ"
,8,"JASON (JJ) MELTON, EXTREME TEAM, SOUTH JORDAN, UT"
